unemp,Brent,MIACR,obligates,M2,paid_services,money_income,trade_turnover,debt_firms,PCA_1,PCA_2,PCA_3,PCA_4,PCA_5,PCA_6,PCA_7,PCA_8,PCA_9,inflation
-0.034824576246065386,0.7800000000000011,5.9935,0.1849999999999996,-0.0035872272649015713,0.03232247065275473,-0.0002795538712518919,16.35794860665679,0.018831726357719347,1.3225664181468981,-1.3496761062085108,-0.24120080352103293,0.2050307466900643,-0.7121092102651926,-1.0386220095885503,-0.813869582879497,-0.11525935503950621,-0.485117669681138,1.0039
-0.008102483898506874,-1.4200000000000017,7.845000000000001,1.0168809523809523,0.0018952803297676013,-0.00625094856051156,0.005196810583290912,16.38793617551746,0.021950762276093272,1.7241257294430763,-0.40021398365410826,-0.4332460469294037,-0.9942695501304333,0.2714397725218888,-0.6431321376626502,-0.037043926067464435,-0.7836498858860551,-0.8073859650414472,1.0119
0.03375215299857459,0.28000000000000114,7.874545454545455,0.09534632034632029,-0.0143891905724427,0.04202731006392213,-0.0066839486929808345,16.394640522002565,0.012096412998765516,0.8614230803462805,-0.2161604822741206,-0.6329847294689779,0.0001465370728877993,0.2024701833071261,-0.8531649086149888,-0.09060518841085143,-0.5345186138645506,-0.37561951500563867,1.0077
0.021911062197898457,1.7800000000000011,8.214736842105264,0.45727272727272705,-0.011625457016695151,-0.03863019773428533,-0.0017598639746108091,16.38125748887586,-0.01921257537155263,-0.35489155180067955,-0.4906405266178692,-0.22735226813381398,0.520624664397766,0.049115692946413846,-0.9201221782781185,0.03180695572120554,0.24442983109250796,0.31311145731525714,1.0126
0.008568294865021475,2.259999999999991,8.233157894736843,-0.07261904761904692,-0.01582172427783135,-0.009435298071265308,-0.022112231892993606,16.375384452823898,0.021077717980178434,0.4783281590564835,-1.1122282674491317,0.7523978413804194,0.9693814633886119,0.1516134141629179,-0.4689282613702052,0.5679601252247212,-0.3959154196263613,0.2683694886908991,1.0070000000000001
0.05699317606598353,-5.030000000000001,8.172173913043478,0.6450103519668744,-0.005935514461405944,-0.010105388336526744,-0.019440232614533315,16.383621104222424,0.00019261380877644285,1.692508122330385,-0.2449255642595374,-0.4252195071166961,0.02741192190640972,-0.19620108658837576,-0.3933143537338131,-0.8249050843834699,0.10210689838116474,-0.27493841305791533,1.0081
0.005726661588935977,-5.159999999999997,7.877142857142856,0.06070393374741201,-0.01034539682919089,-0.053275046261006764,-0.008567461591271197,16.37617563245981,-0.00616502009013864,0.5583581310647041,-0.2913550911836239,0.7925853173604991,0.3507749216293623,-0.5345050616183529,-0.4309598161749488,0.5475068854582391,-0.1925968505503206,-0.3184871133665953,1.0065
-0.029654009333345388,-4.519999999999996,7.949090909090909,0.127359307359308,-0.007421177321880634,-0.018990097722298316,0.002750411027898636,16.386695592018125,-0.0022881795823064266,0.9185518007602389,-0.3494181263408729,0.4748751271788455,-0.3523175363632808,0.29430964259119397,-0.2695337283426532,0.6862698764760673,0.29600445048560464,-0.6422493100233162,1.0126
-0.025730427004875822,-9.659999999999997,8.240434782608697,0.4549802371541478,-0.0022509749714032523,0.014176690038256723,-0.00037973535463819985,16.386453425827575,-0.0008730035212707321,0.9052372911921771,-0.5410489833085745,1.8633226751094507,0.4885322618578782,-0.6911854985300452,0.39750461055324077,-0.2955364738043364,-0.26675918886152916,0.3757412979868409,1.008
0.019157154342059557,-7.990000000000009,10.211111111111112,1.239065217391305,-0.012883271268961494,0.005586446805498468,-0.012347068843514108,16.401199428744988,0.01681060401250889,1.4230591975629403,-0.0011958893838558723,2.3045639192616476,-0.38748496186305154,-1.192929565802346,-0.11689335645498629,1.119576717318127,0.1644113625149532,0.30364549341888136,1.0105
-0.0192687142318671,-17.099999999999994,15.468695652173912,4.337021739130437,-0.008794121170629055,0.020438081817721,0.008381435013980365,16.38047032857317,-0.020266872218146048,4.526972037906366,1.16723793533144,3.266223338040089,2.454702942717387,2.4139140515491766,-1.6159046721623251,0.024568941708848383,1.0828043921390555,-0.38248617882803543,1.0314
0.011515084092848127,-14.580000000000005,16.964666666666666,-0.6292490118577092,-0.016904941930112827,0.014448271053867145,-0.012233085477197037,16.374587586840203,0.012080665224345921,0.16316440555759923,2.4120573898173334,1.0667458547675592,-1.192858413772338,-0.9384167536696717,0.6388659326317575,-0.14036748238569927,0.08909834274722342,-0.6773247524079089,1.0373
0.03451874880263717,10.340000000000003,15.116315789473685,-1.0477727272727275,-0.015902722803915026,-0.04658885866833806,-0.037952468910928516,16.3425277166413,-0.04950108740717063,-0.8426958749587675,1.8661119451930928,0.7589266764341259,-0.6971817910938095,1.0652035811943,0.12176074216915721,0.41491733193474567,-0.07856973393649302,0.002944248821098651,1.0283
-0.027310940225710123,-2.210000000000001,14.902857142857142,-1.0367727272727283,-0.025260462469068656,-0.01675470024414416,-0.023312151729024677,16.289780177674285,-0.054620397767559226,-1.0964505799491777,2.451072534889423,-0.0479781800401312,-0.011150131355687964,-0.5550979263401006,-0.4550853393207796,-1.141392371999293,0.7457885892388435,-0.7120716290419136,1.0146
-0.006394144434427873,3.6300000000000026,14.357727272727272,-1.2495454545454532,-0.007690404261168737,-0.06879436366831015,-0.009630159384709458,16.251565360626014,-0.01353659955081099,-0.1088639349970925,1.212951986661284,1.0304243782386067,-0.48382102992896536,-0.430624243697237,0.1993382255586352,0.12361804410065964,-0.11756975777958462,-0.6134192282636051,1.0090999999999999
0.004170423837956849,4.559999999999995,12.828333333333331,-0.21603896103896147,0.0009691488766847556,0.027645546283531885,-0.021174067289241094,16.256510773449676,0.019608422490460242,2.4066992253893615,0.7872490838789412,1.425557534610194,-0.7396813509694574,-0.5148735654325265,1.0111337976220045,0.49194004672411645,-0.11971004081811822,-0.07134431526029034,1.0018
-0.06390447421962347,-2.6000000000000014,12.503333333333334,-0.27623376623376394,-0.0026354603889515715,-0.02754533550476701,0.01321487723189918,16.244402697865176,-0.010387946438441986,0.5698493426768518,1.5222704444336377,0.893341788590582,-0.6203124418422181,0.10715563313707581,0.0016952746756853005,0.6048716917136997,0.6554546568546096,-0.16249316056015228,1.0051999999999999
0.0312140231120952,-4.919999999999995,11.524347826086956,0.08083003952569179,-0.005638769957990064,0.007568444013591247,0.021575744275297737,16.226587320802988,-0.008173723919213671,-1.2727546207105993,1.5406843157771888,1.277267077604653,0.4776369996927933,-0.2736157440416222,-0.2278515919287993,0.37435535000867737,0.4623678141283872,-0.747479825079353,1.006
0.032884496447246836,-10.04,10.858095238095238,0.610165631469977,-0.001968177943959759,0.020150573229207325,-0.03386551584616804,16.23176771857988,0.0014026229209154195,0.280080049309934,1.1272571376071787,-0.05289668688917285,-0.9229184724927096,-0.05049626936543391,-0.03661225235710485,-0.6507415065478699,0.022219260031072607,0.9807646775338777,1.008
0.013185402248264588,1.0999999999999943,11.146363636363636,-0.4400865800865823,-0.002309740103521918,0.031968695260182756,-0.0067829100963603395,16.201922936072464,0.017046007292751852,0.09340634464719698,0.6283057658295832,1.4460251881216557,0.38275275406835585,0.8702975678620068,0.18231801417772606,-0.4985122719567295,-0.6831075006573477,0.33583653256364326,1.013
0.0033311664503710148,0.8100000000000023,11.14090909090909,-0.24545454545454248,-0.01111134016044879,-0.03092576618839793,-0.012952520413209712,16.2010884410759,0.00913333872120603,1.083547388551396,1.129659399131212,0.6147418888683833,-0.10055357661770624,-1.5523059013962874,-0.5264313319299451,0.4014480834173203,0.7629641793038255,-0.054012445682334355,1.0067
-0.0054774437437956625,-4.159999999999997,11.425,0.23220779220779164,0.006432016332363233,-0.00229314697255667,-0.004704104560712352,16.177882803211723,-0.038571517661075916,-0.15404398560267327,1.3857412175849404,1.1441297967680704,0.34622988092994816,-0.589699465057913,-0.19604983596469186,-0.5316471794714366,0.33973138917980455,0.16987525178483745,1.0073
0.06322777409633973,-6.260000000000005,11.066521739130437,-0.22291925465838425,0.003613012566205498,-0.04580517563177189,-0.007644090992259933,16.210804320036715,0.02091055392431862,-1.8675810068657488,1.9980114252918764,0.3789710959751165,-3.04333901548732,1.265130534094033,1.1654400523971502,-0.2596122500604462,-1.1825852796072864,0.32829837054011357,1.0115
-0.02497319698513223,-7.309999999999999,11.017333333333331,-0.40517598343685357,0.02145703176774738,0.02505885594584889,0.01630841519571291,16.257628363485704,0.04439148741380805,0.07326770422549891,-0.17805838020141088,1.8416447748374591,1.32656708990806,0.6229878230099682,-0.548060657542622,0.05540412298721551,0.13371876626944268,-0.9787419267069405,1.0070000000000001
0.008416662560669863,1.4800000000000004,10.8425,-0.39285714285714235,-0.005763186113766139,-0.01442988386263444,0.022854611837274774,16.253949834569724,0.02161342521056575,-0.1275099282304742,0.6785838345451969,0.7706884431434167,-0.06030894624035556,-0.38271816144133924,-0.4377376633773095,0.5235708387467457,-0.2629573284730064,0.21031132516083187,1.004
-0.03534862577364928,6.030000000000001,10.94047619047619,0.18672877846790747,0.003504289436490282,-0.011229022348366868,-0.004991038773651368,16.241830892546,0.026040632100427175,-0.9835169002785147,-0.59245773560517,1.4360021871745168,0.06981258587212036,-1.00790302311713,-0.07587370438300729,0.22490277153662114,-1.0923352064842273,0.695317362613288,1.0055
-0.0018499477759240657,3.3699999999999974,10.732857142857142,-0.11720496894409926,0.013139338034921622,-0.010872541236311761,-0.004289559367752105,16.252690337957233,-0.021003599286073538,-0.060290967254094184,0.4057386803888589,0.15325701654758458,-0.39414726124984445,0.008724513536961758,-0.6617991861335123,-1.0892260082219392,0.6955929433517737,0.31394868670784004,1.0075
-0.17213671900245142,5.160000000000004,11.06315789473684,0.1510389610389602,-0.002720737845979926,-0.0030575936942103255,0.003571990859500218,16.24337683106993,-0.00746539141563396,-0.3729932951514319,0.3862583781766361,0.8137493119494815,0.6111244710369724,-0.17665662264272575,-0.9634251078613085,-0.15046011474132961,-0.8348807648284403,-0.28059257037469815,0.9998999999999999
0.047133765082993606,1.509999999999998,10.639047619047618,-0.19590909090909037,0.01010415173212742,0.0017278882751377012,-0.006618190255466061,16.240429160097417,-0.03905393740699559,0.2585929002715022,0.41138058400570265,-0.506663423970106,-0.9945216252634169,-0.1846920732011575,-0.13909912799448873,-1.7552373902175087,-0.3655743629976387,-1.0918498954019418,1.0051
0.09206386955667467,-3.299999999999997,10.37904761904762,-0.3408441558441542,-0.0027017619605267384,-0.017264027565131457,-0.02118741860498119,16.207798599763755,0.0014544559122473544,-0.33121576453229035,-0.1489597637042735,1.3424297980675304,-1.5902387040643318,1.1328412874765823,-0.4962667238465955,0.9837112627088314,-1.1331766555347311,0.9336972973101015,1.0039
0.055126827171038006,0.8900000000000006,10.339565217391304,-0.17447204968944163,0.005929118858398752,0.07411878065606636,0.03753884230350124,16.198607705998313,-0.004551517677342076,-0.05877835046743238,0.5710394544549763,-0.029408771786605704,-0.10464071745545075,-0.6435117882494578,-0.0406829134736275,-0.24411455006368799,-0.355726222913257,-1.134225134751495,1.0028
-0.015438101727198172,0.7299999999999969,10.238636363636363,-0.015592885375493637,0.00032665296159350987,-0.010100162258753542,-0.021224228878878648,16.196617167280447,-0.029813522796699132,-0.40898330956246004,1.2931377141587563,-0.24498445728553678,0.14560415996997014,-0.990624677667161,-0.9610835064581809,0.06342330178986413,0.4636446259545465,0.33176269753829596,1.0070000000000001
0.008111969469794533,2.950000000000003,10.323333333333332,-0.10564935064935099,0.003538958885872745,-0.004000250390483018,0.0032419598620361256,16.180858706724656,-0.01858099653583878,-0.4609064778137756,0.7066719540026777,-0.21858086020128462,-0.8227135901156946,0.27285950337016596,-0.4264269489417665,0.5749105733872576,-0.41564320936020716,1.1921953816097473,1.0073999999999999
0.020996737505451724,-4.790000000000006,10.017142857142856,-0.3648051948051947,-0.0011450599130959915,-0.03304837785513648,0.004943976564831587,16.16080189400703,0.013008782271722197,-0.6016770876216714,-0.018806290080835786,0.25141341642124987,0.41909994776065734,-0.21069495133724594,0.4983249822725909,-0.7293009091440299,-1.0413913164849495,0.13911508211407794,1.0064
0.016237276817401503,8.580000000000005,10.160454545454543,-0.01681818181818251,-0.0017333667185575052,0.0030112820641736704,-0.02757823569658946,16.125934640355627,0.013787199723543253,-0.1738218717684761,1.3989910598173678,-1.3122445922159898,-0.442232157257756,-0.985500337223695,-0.9415942080200231,0.5632071815735615,1.1208160670233713,-1.189155992378368,1.0070999999999999
-0.06103773098626819,1.269999999999996,10.114117647058825,0.4422727272727265,0.003175724732921381,0.013224480391087923,0.010271796939786526,16.18877300009304,0.02343355059459995,-0.8705803245944417,-0.13711440368465846,-0.04109361867116992,-0.10197604035116466,0.5464915214037067,-0.41802155848476596,-0.3753442516578489,-0.4241556550913308,0.8662490742618337,1.0043
0.03569813659741339,0.28999999999999915,10.14111111111111,-0.02836363636363437,0.01856347892729282,-0.03768588468078704,0.013065990593469579,16.18374342747206,0.004073249860596206,1.2310340087898541,-0.2617663871594135,-0.19622905636749413,-0.01878758999641809,-0.3534060581517801,0.26765004173151563,0.6963285103621305,-0.3484480639598084,-0.1173533986229266,1.0014
-0.010076949298473692,-3.279999999999994,9.897727272727272,-0.5245217391304351,0.007140048510754227,0.05766255264903819,-0.006537795608117847,16.188241132420693,-0.007806784715173265,-0.3912022463351853,0.4917324556858026,-1.385020134763438,-0.24608227624953197,-0.43984225939856264,-0.20659788309603302,-0.17961311650070907,0.5547263371834018,0.5131868723371876,1.0019
0.4323427737229496,0.7199999999999989,9.5765,-0.20297826086956583,0.0031124654930358986,-0.0032667444343719154,0.009187939828747105,16.203346792072416,-0.004385474741770423,-1.1019128428022498,-0.49632058568728665,0.0033709230999248723,0.38137796048550426,0.9645469244443947,0.10308083716604136,0.541895150421877,-0.3411914519157877,-0.1287539919921808,1.0034999999999998
-0.2452464102906714,-1.980000000000004,9.1345,-0.16050000000000075,-0.0035199828292444835,0.024878393759447448,0.004086748708500565,16.199887872713493,-0.0015788069871067734,-1.4325695204160453,-1.112639060938741,-0.08336239289972963,-1.1091461422143463,-0.5148818491109617,0.8604650964873419,-0.512055636933356,0.9113407670752351,0.3222238873360539,1.0004
-0.15352207972887966,-3.960000000000001,9.10904761904762,-0.07681818181818123,0.008870764420628063,0.05996772774704695,0.009040810056744064,16.210529954774344,-0.017908087888541147,-0.9688977823913508,-0.014631385825461897,-0.920514813490373,0.8068775991879561,0.6297065865274827,-0.1642749127876966,0.7491203139563163,0.3670183998899764,1.8375431392034622,1.0031
-0.0008064916199717054,2.1099999999999994,8.947619047619048,-0.21556277056277118,0.003518856619900035,-0.006242732780167515,-0.001653618234705334,16.246599261951143,-0.008589132784329934,0.28644129390799405,0.18792106621826632,-1.2701052480618162,0.8109316522131615,0.3660609406941479,0.3132464508237244,0.5001312665457519,-0.4776698511908784,0.155195071125455,1.003
-0.03609110689563533,3.220000000000006,8.536521739130436,-0.19761904761904692,-0.0021139556267115722,-0.045197675480755706,0.024480583851108406,16.22107451091236,0.0051065492047772665,-1.1298178877724692,-0.9712883909504869,-0.07091096718437194,0.7479471343542885,-0.11336873592869172,0.6957889780957832,-0.36441343096910245,0.47435107557825673,-0.19998704431092548,1.0026000000000002
0.009813263998988409,4.449999999999996,8.373809523809523,-0.09571428571428608,0.0025399325227670744,-0.06367339306114417,0.00561773959556966,16.226293140436514,-0.01168271874357174,-0.6586633079053467,-0.1626035191942106,-1.5181853584467593,0.5764254522405265,0.11544705641140578,-0.2075471968102209,-0.6363973019249267,0.20569827087378392,0.07548050047601584,1.004
0.025365119307272588,1.3599999999999994,8.043181818181818,-0.2865584415584408,0.009353226336793696,-0.0028845654071929516,-0.01014731307846084,16.214355126779683,-0.010359794742891282,-2.685930939854932,-1.9000130082499134,0.3691465635167919,0.39780822967265306,-0.4032976329281635,0.732775680870012,0.6713486731109402,-0.739983074157475,-0.742167730633341,1.0001
-0.07184655581169697,5.200000000000003,8.014285714285714,-0.5049999999999999,0.011076305268865383,0.003960520913935284,0.022321303952143268,16.232658968608376,0.010314196631100003,0.3317460858058556,-0.6514468485223928,-1.7848394439472468,-0.5929465990554934,-0.31796805239378273,-0.5769303095313534,-0.022959518195663022,0.8139966876468318,1.3378358498503211,1.0011
0.06043582315158258,1.6600000000000037,7.729523809523809,-0.08177489177489239,0.005180121646393587,0.007460678305470481,0.005628006591296142,16.249175737556293,-0.03522461763025042,-1.1871392862564039,-1.093314395685832,-1.513045079557686,-1.186601939258324,0.23388723256086297,-0.19031286504098605,0.049169912120301404,-0.028736189797321784,-1.150612190500599,1.002
0.008995773033782517,4.709999999999994,7.087647058823529,-0.38051759834368415,0.01042384966510923,0.016616895920810393,0.017038126178887225,16.217339036635575,0.0023742819851921837,1.5439993801330132,-1.059445271519547,-1.519173862151103,0.5744150280506556,0.1793804780180375,-0.19132553430291058,-0.5424154444293372,0.6939903001896234,0.6353100280865861,1.0038
-0.026745279480481,-3.760000000000005,7.145263157894736,0.3475652173913035,0.0071384419221978135,0.051715996236715966,0.006954314930363026,16.214030938347797,-0.0014044949152545172,-0.9573243824166537,-1.424151828949887,-0.704386758592158,0.9038702548288445,0.8502519434515837,-0.053543747170660565,-1.0288742493626628,0.6709228850526733,-0.5541324733097599,0.9987
-0.09674441593656491,0.7000000000000028,7.1465000000000005,0.023363636363636253,0.007167413311398363,-0.048389502354204694,0.02234519912612143,16.225485663475837,0.010820340954287744,1.3615480328972154,-1.4324773389811665,-0.7312271942664669,-0.20451940575471925,-0.2498664881905725,0.6016189671931205,-0.3442061840487529,-0.1455701900747416,-0.1247724242629575,1.001
0.12363695931327601,6.090000000000003,7.002857142857143,0.22768398268398293,0.008857019206987005,0.030619515322173996,-0.023968465325589605,16.226575158953775,0.01145924673888743,1.4867294995967706,-0.18311698119429778,-1.5828989990806424,-0.42692492598538234,0.5920322360474712,-0.025214391035938446,1.085772111209258,-0.9286912565759798,-0.20361761708594242,1.0014
-0.032092050298037855,4.8700000000000045,6.9455,0.09095238095238045,0.015697989200363693,0.007290012697785286,0.018159111813398354,16.233908597456484,0.004007044005753357,-1.2300944953564448,-0.27070283378066723,-0.5123755317837296,1.6761209743786099,-1.2194240078543717,0.17950764762414181,0.5383266096673516,-0.5096986728759684,-0.3015979448592284,1.0026000000000002
-0.048011840709685616,-2.5700000000000074,7.0215000000000005,0.4666666666666677,-0.0010903688009680224,0.09602778850773497,-0.0008446977954719159,16.237196152601186,0.023902670776539736,1.3911462701895312,-1.5657285285795457,-0.08643015656046267,0.38274689325327793,1.4220022615808432,0.4968189367454514,-0.6766156990201374,0.5093156148889326,-1.0173029698686908,1.0029000000000001
0.03311421958226629,-0.1599999999999966,7.089545454545455,0.211515151515151,0.010666730713504435,-0.019101141370088115,0.003530561589572656,16.234475559663043,0.00989137758597991,-0.13557316833952657,-1.4923318310054667,0.0816982535233039,0.6913130351207183,-1.8871858355438238,0.5301987770211494,-0.47056241097122653,0.706501776525887,0.1514599484302543,1.0027
0.02295813144397363,-1.7199999999999989,7.027826086956521,-0.03557312252964451,0.0029881599953966997,-0.04902935996876856,0.002466209975438005,16.236452967143,0.019172614714554115,-0.06639374916412426,-0.26502846177832073,-0.554945622853286,0.6349399541303068,1.157961161860034,-0.035194354337293045,0.5955157589926138,0.06964387207303158,1.2058360759746367,1.0031999999999999
-0.05422038208381208,6.359999999999999,7.148999999999999,0.1763913043478258,0.008689600667999287,-0.026745217909098784,-0.0006722053154550878,16.253977117971445,0.021100986082734252,0.2750303923654866,-0.1989780837638546,-0.8023706078730704,-0.6011283916055363,0.39276415179520574,0.49717695126630745,0.5208263623626611,-0.8047557347969362,-0.15260378928390014,1.0056
0.022500357200449517,2.1400000000000006,7.267391304347826,0.05578260869565277,-0.003840445091379152,-0.017251430962827996,0.006335731579937942,16.26633270053898,0.009632522787191178,0.3398874044252254,0.1428261602458985,-0.4820385401362277,0.500089745635919,-1.7203767272755255,0.9327854991460017,0.05335083828651322,0.7986878824521405,-0.09671156318351534,1.0051
-0.03870986177308461,-16.28,7.250952380952381,-0.18250988142292535,0.003886471906543676,-0.0003479679214137832,0.000979827145414447,16.249635791672112,0.010956072400286843,0.29434141566300887,-1.8817565890466204,1.373751955841463,0.24264341784991886,-1.3206451283174874,1.5572924491830344,-0.21969446259532258,0.3590736114163358,-0.028634052864013475,1.005
-0.0027463821887985795,-7.390000000000001,7.492380952380953,0.032012987012987715,0.004616407226459174,0.012811139051491338,0.006060663968250779,16.2516844695805,0.010353177712657313,0.3586806785554085,1.2339865372628946,-0.7476129845058623,0.49232710375624295,4.093035915996445,0.04513514669817745,-1.4084152199130466,-0.8154422980664487,0.08470383480204584,1.0058
0.06894479748477733,2.049999999999997,7.645294117647059,-0.15732919254658473,0.002236458653236184,-0.01382198989812089,0.001341762329763796,16.260701156289375,-0.015271628768518397,-2.173848210795878,1.4514588634603127,-1.947865378251087,-1.324786328374839,0.10470165122062619,1.0587384999273357,0.6651159430845642,-0.02428005305401213,-0.927402224885758,1.0067
-0.08786691804321844,4.550000000000004,7.5905,0.09804347826086968,-0.005743106208178972,-0.006703027971923348,0.002007914695402846,16.254926060729336,-0.005706183290502764,-5.272239352373855,0.38261152500632034,-0.9435785243176633,0.5884002464346774,-0.4203109297909379,-1.189390601118771,0.4676294746198049,0.023305335838808255,0.9664156309208838,1.0014
0.002090751217023179,2.1799999999999997,7.676,-0.24452380952380892,0.005751549260887501,0.022892845522523686,-0.00030399634776401285,16.252658137173484,0.0021392584506401136,-0.5784800647404825,-2.499721382023208,0.17129943701430556,-2.499242461855999,1.149966828688796,0.060836756807772494,0.7236766190089763,-0.7881609563258485,-0.018974906151465232,1.0026000000000002
0.043206859038254386,5.090000000000003,7.745454545454546,-0.19502164502164554,-0.0022792439728256397,-0.01992113863828493,0.043898283775583025,16.29909883055576,0.014158989408104006,2.203488397714218,-0.8705451114704716,-1.2835387734534351,-0.9550315454269307,-1.608266966274991,0.0122070705414782,-1.8808456298516771,0.2545327351856001,0.002913509702191979,1.0045
-0.012666075971427215,0.0899999999999892,7.7155555555555555,-0.23284584980237089,0.0008599427790976222,-0.038582062424477925,-0.03712649579686378,16.295749169491064,0.0028976612785136524,2.3530587984448124,0.5042316690695701,-2.013238021660233,1.0529730705291944,1.2067517387280255,-1.410330587875239,-0.2586217205072409,-0.30103282107533264,0.9014009397621937,1.0001
0.00717727751529007,-7.099999999999994,7.576842105263158,-0.09160869565217489,0.009125937676220275,-0.2744189954252114,0.03736842192231826,16.281488412512054,0.01423323781557606,-0.3822852931460325,0.4369790985130168,-1.4673619250469463,1.3111319867865427,0.2707949601167256,-0.24354876489583419,1.2718369165392975,-0.6354575142663069,-0.4497771159614001,1.0023
-0.06415992574247081,-0.29999999999999716,7.320434782608696,-0.22534782608695636,0.0025729308804081086,0.0485178010315952,-0.03360059544451133,16.264844783776354,0.022755404159923387,-1.202650796156963,-0.9305278897505302,-0.868895457258443,0.19413229941255544,0.1813689398126241,0.22250657915559666,-0.04763150161305587,-0.7694426342252924,-0.2768294259302149,1.0027
0.08401465833729788,-4.880000000000003,7.132272727272727,-0.5092885375494065,0.005650862257125411,0.07407925615154731,0.01973524510725433,16.26526733688593,-0.002252540629687161,-0.257287313734609,-1.1197455065903483,-1.041506717500833,-0.2255521339005451,-0.0516843716729322,0.33008114144718187,-0.36631998891173917,-0.38431226217073144,0.273150793552551,1.002
0.007119791817002841,3.789999999999999,6.855714285714286,-0.2635064935064939,0.002579817257810646,0.13932519855253922,0.007340178617253557,16.25931946499989,0.0017552225931769527,-2.130814728725688,-1.3360105713733237,-1.227471167172378,-1.3227316554735538,-1.5343390697707973,1.1313352155438448,-0.5342513755760518,0.6166703012940037,0.38146141766472474,1.0018
-0.048410415795627104,-3.1199999999999974,6.789999999999999,-0.31720496894409944,0.012516107453325986,0.01438769413443275,-0.004300216312092431,16.25871323819469,0.002727215627926327,1.6665100265551207,-1.287158899597292,-1.1018984644433936,0.603557099150758,1.379983088355063,-0.8661257262585611,-0.043189354432984356,-0.6255801305033051,0.5649183149403153,1.0004
-0.002575075974582175,3.5,6.457000000000001,-0.12612836438923392,0.006609128006152432,0.02474258337581503,0.005790229650159517,16.279846402624184,0.0008405228927266251,0.7193903624597319,0.20260316471659476,-2.1511989244047705,1.495682836192912,-0.7983578230866338,-0.14673032262690988,0.5034747356659081,-0.5219409693512973,0.6063292538592745,1.0031
-0.02798508435340441,4.100000000000001,6.151363636363637,0.5413852813852813,0.013375814748203041,-0.02205164783049085,0.011274374332101544,16.255387535285198,0.0035768120051979935,-2.532531943512123,-1.6785159977768278,-0.9063597579051872,1.4683012649947085,-0.10336668727810498,-0.15904789952756446,0.06116320035077254,-1.0347439770465863,-0.31257836443773845,1.0041
0.015691569567313324,-3.6600000000000037,6.038823529411765,-0.0648221343873514,0.005193796890321067,0.002425986869631913,-0.013699750579332814,16.256860040975635,0.006468406850114405,2.800702049751555,-2.1306117572700156,-1.4070524686283739,-0.18510822805987887,0.187933751155755,0.28548047779642605,0.2604876724306624,-0.057433274487041094,-0.3326049714979274,0.9982
0.015797584150153254,-7.990000000000002,5.938421052631579,-0.8150869565217391,0.011580452041815903,0.026505261113280554,0.0030267125966805253,16.28627048540229,0.0038307604188876354,8.751342223861451,-0.4333649437594151,-2.369786403222192,-1.1018425728928622,-0.17258993569792377,3.680839420873833,0.016025444164460497,-0.5051997644475361,-0.23904073428165115,1.0051
-0.0019610229492014186,-23.65,5.79421052631579,-0.6341818181818182,0.005496887378441784,0.012072115229976532,-0.00802048997310223,16.280698940858112,0.012746871646566404,-0.13168554327205656,2.482001202390203,-1.8743432256232833,6.521423646412258,0.4760025717747276,0.4656501265015142,0.45595267459057465,1.650192743655582,-0.597255025681334,1.0037
-0.001859920481196431,-13.629999999999999,5.994736842105263,-0.14363636363636356,0.026428803909452014,0.007490462022914812,-0.019751189273986114,16.190220123880138,0.008088644942317202,-4.8696883511604065,-0.9844274404502382,0.5627839177805104,2.715091071692638,-0.15173192655113302,2.0981403854183807,1.6688921719969103,0.47163800275363393,0.46473393290262266,1.0095
-0.0017363263308203813,11.0,5.468823529411765,-0.013658008658008924,0.003443978983579399,0.029043601821003406,0.05365331982144994,16.185482873552427,-0.0040099183106327985,-0.2725377580680247,-2.551135657071581,-1.1574912915727997,-1.6045864076689778,0.8167791840061195,2.509878651240739,1.2748204515604649,1.3702034134858943,0.10596024020712572,1.0016
0.059699083290001176,10.890000000000004,4.994,-0.009069264069264449,0.005060986533969469,0.09960140295323328,-0.04051536657466137,16.224981679682127,-0.008401334113875336,-2.8571506373433437,-3.8073128758009522,1.197402828464845,0.7841988403612917,1.8688024842121576,1.4298164937427564,-0.21006660509639227,-0.6096788362435869,-1.1174974405169698,1.0031999999999999
-0.0983821499235098,2.969999999999999,4.2290909090909095,0.0830237154150204,0.015097039880338059,-0.01755156614300013,0.06290178301540195,16.243731404245562,-0.02813409656738841,1.0956572353450231,-0.0332114981165799,-2.5380047150422085,0.24056988605558413,0.02358546373916812,-0.002406295179299296,-0.6305536773814832,1.8780932576280518,-0.18242772685128458,0.9995999999999999
-0.0013949516125980055,1.5,4.155238095238095,0.061759834368529276,0.010370053375467592,-0.02033254305006693,-0.03964255153474561,16.26281725334,-0.015519141570777606,1.9389584178107926,-1.5619976800966295,-0.021778069435029475,0.8654035576906322,-1.045988061330246,-0.10489073967152628,2.4713222645132364,0.10032228801766535,-0.3010132560658582,1.0036
0.034252848036088746,-3.8300000000000054,4.165,0.012943722943723479,0.0027906455563808663,-0.054398853882187126,0.00702394393728234,16.265234171751096,-0.007487952394342301,2.105076694984425,-0.5910567865621662,-0.46716687357133097,0.18632614416236815,-0.7334224778516396,1.2228150182657134,-0.9461909564898401,-0.503590061563001,0.11994370870007132,1.0023
-0.0014758228454547218,-0.7199999999999989,4.174090909090909,-0.08454545454545492,0.0059436890716551005,0.001765684195355277,0.014971166813452896,16.264703255712508,0.0034464168013705887,-0.5753811735996557,-0.018847139768851363,0.3157861709613176,0.8888817189272223,2.205392318754269,0.7853038888421399,-0.14180810858033002,0.3775234577936676,0.7971258817480629,1.0083
-0.011583606031675298,2.5,4.061999999999999,0.3049350649350657,0.0006678486960520758,-0.0013437804307478984,-0.013753986371247251,16.259238262590912,-0.012075066360178965,-1.7635837188873436,-1.7801581250280663,1.4899310490122322,-0.11239249479130659,-0.03240885638088625,1.387258890603205,1.4574484030106565,0.13659690368039776,0.6267539156238022,1.0038
0.0213102809664939,7.300000000000004,4.171304347826087,0.45490683229813644,-0.00546020298851424,0.0044136737128894765,0.013506488841494857,16.301387971590145,0.018977259309693295,2.3257704166221536,1.5806554151406145,-3.1043321332495437,1.0142714035106646,0.17773909526831033,-0.35045894576347175,0.2483637568674821,0.7812022347901358,-0.21777471149977642,1.0085
0.021463062068310057,4.780000000000001,4.306,0.2579503105590062,-0.008772497465194817,0.008774101314205751,-0.001413796488117569,16.279003633853904,-0.00019622090593962582,-7.605176634379136,-1.042857106792694,1.4191327902181816,2.2535344872987295,-0.658142153187845,0.26259887486988653,-1.1769405152199053,-0.5427286759279322,0.6112674770388181,1.0058
-0.018299468762029314,7.509999999999998,4.057894736842105,0.3360714285714286,0.002368749705039974,-0.03531353297709572,-0.013091029191620862,16.264016914947426,-0.004746727017240104,-2.5374425942671572,-1.5296797242363092,1.3656328883061752,-0.5142658271450995,-0.3884021244829061,-1.680578121785256,0.9088078500809241,-0.5182352630757759,-0.8647894394616603,1.0082
-0.01821334132492386,3.1299999999999955,4.222272727272728,0.5525000000000002,-0.002180480951643915,-0.004049567113620256,0.00043096395950570354,16.232091936720717,-0.02105471474497378,2.7898899474036623,-2.374716684830033,1.204484571475838,-0.6444747294281237,0.9171319312468956,-0.9725424477223517,-0.21672351075902435,-0.6769866417780286,0.5677454041093501,1.0115
-0.0009495538664995862,-0.5999999999999943,4.514545454545455,0.3504545454545447,0.012271569702935636,0.03806381656062108,0.04375245440457043,16.29599620122182,0.021980877208838123,0.3267355876456586,-0.21178257301442946,-0.5865672290221399,-0.9906621154040962,-0.4457225473068794,-0.5447692287981307,-1.029623991896809,0.2786175755943443,-0.26149426520053815,1.0033
-0.024708204031312464,3.719999999999999,4.791052631578947,0.07097402597402613,0.02098687138910016,0.02657222301636608,-0.011512290066349351,16.316361143593124,-0.004868717440448478,0.322257133236704,0.8150529548562458,0.7314804612716698,1.0629452261664707,-0.6092941449543315,-0.6824449461864559,-0.7751838594887288,-1.5053994849270456,-0.5611065719182785,1.0095
0.006144690533761821,4.6299999999999955,5.1033333333333335,0.3540259740259746,-0.0055399221561636125,0.0319174161369471,0.00821429991967726,16.303991891050803,-0.0041981959868611085,1.6300626957030975,1.9774543304373395,-1.6911230755662565,-1.565593271926846,1.2701504555329128,-1.3136064596063994,0.9270267889323288,0.5695938637103172,2.0842481040091747,1.0095
-0.0008648411254958965,2.010000000000005,5.759545454545454,0.6559090909090903,-0.0064802901241733935,-0.009227669951624051,-0.03383496787830964,16.30342544572367,-0.0067603657025347985,-0.7355735397728904,0.9615651420151696,0.5130260321961734,-0.15769708287771583,-0.3917310202326805,0.8833932940760696,-0.12161433416064493,-1.3103857576636784,-0.6888319709477849,1.0054
0.015906356587191917,-4.420000000000002,6.297272727272727,0.8072727272727285,-0.0051718844878720915,-0.0015357344824682428,0.0034342494815007285,16.283808967592385,7.193350224454775e-05,-1.5023899842518265,-0.33323163894957064,1.9603414244969795,-0.4378391029243592,0.2887750221022964,0.2653615361494945,-1.072983909951142,0.42782982098072553,1.457796576469189,1.0023
-0.0009348452186895284,3.739999999999995,6.569090909090909,-0.1404545454545456,-0.004196337874914136,-0.03563084472272848,0.018149106121757796,16.27835140599417,-0.011145107026999668,1.4808824277076442,2.690243802806273,-0.541560462549259,0.06770897153920882,0.21933694621377464,-0.915321116379127,0.45388206357161986,-1.124676904487595,-1.3078538611135957,1.0090999999999999
-0.004482854244527934,9.050000000000011,6.809523809523809,1.2318181818181806,0.000921332727584101,0.009989204403423102,-0.017548169519645995,16.28358119037696,-0.014789609726456376,0.1076682851995564,-0.5165647750363391,2.099232753883516,-1.2219519418646307,0.1263857898259358,0.46468562608957426,-0.7935360263479484,1.8446413851853782,0.2787933067843005,1.0131000000000001
-0.017585723567285605,-2.490000000000009,7.331999999999999,3.3940909090909077,-0.006980631090430123,-0.008216915487038179,-0.008276287180320807,16.27889090049445,-0.008701300867494766,-0.6712780007334352,1.5065277707057276,0.2862247751657243,0.9191605681548469,-3.4074828044920262,-0.5424444234273673,0.05138823761141781,-0.8615203374013981,-0.011721474865835347,1.0106
-0.017408386908223106,-6.8799999999999955,7.617727272727273,-1.1775691699604707,0.009270860036791007,0.017790316510978954,0.007416032246215565,16.34092995412161,-0.00745191527441591,1.3604531516751557,-0.6816855330967996,1.4982473639984604,-2.25088248140547,1.5445476032000283,-0.9043842121649845,0.510514341115207,1.4615279947976012,-1.8332697730301177,1.0051
0.07141367292936784,12.340000000000003,8.286249999999999,-1.5546169772256775,0.007401116182801815,0.01332967805338292,0.0027763648767233917,16.25984243926379,-0.00036149509504035393,9.387167481427403,2.741836865529749,2.672596768755584,-0.44316450650979955,-1.2496130950113982,0.7243399085095509,1.5846977972602854,0.093451197635461,0.634185705061803,1.0115
-0.03947316459217798,10.61999999999999,9.565263157894735,-1.383904761904759,-0.0033192957867669293,-0.005400505020148216,-0.020989215620327073,16.240637897645193,0.009843387910478896,2.104940862954836,2.4352517361362707,3.1200688786924493,2.0967582965165463,1.640355336223203,2.105992347965506,-1.934230630740381,0.6606659615947202,0.1306395451583451,1.0131999999999999
-0.00027883489929325656,20.120000000000005,19.873636363636365,-1.1271304347826083,0.002431802895083379,-0.014152832306663754,0.028974879450235136,16.318002491625528,-0.010186478745897176,-5.7909929992340015,5.943456227397676,-1.3331569028332353,-2.1341956868283956,1.5373409174437402,1.518480672822051,0.9129418725465165,-0.1144426584683677,-0.8275817394153736,1.1079
-0.008994103166309275,-12.670000000000002,17.08047619047619,-0.13086956521739168,-0.049049303453317705,-0.06741393389627603,-0.08831807251190682,16.20761385187152,-0.08696285347639154,-1.448749541626675,3.1488056817347805,-0.7634950260473216,-0.802119300612099,-1.643509766379031,0.9424604904371963,-1.2604425995424036,-0.6221944363256451,0.48649879686110437,1.0332999999999999
0.008080190639697116,8.760000000000005,13.253333333333334,0.4040909090909093,-0.014532769025828784,-9.990181237995444e-05,-0.03688925209761962,16.18241581505498,-0.010157829373277139,-2.7937966461286696,1.1644467416820012,0.7381302515067486,-0.9541895089778185,0.5800703454438199,0.9413624208092077,0.6026792487325062,0.1785544582202936,-0.04026109694199619,1.004
-0.0004534962306884105,9.36999999999999,9.634761904761904,-0.1186363636363641,0.007757216838234271,0.007080307580457301,0.008512845434553995,16.177106280856187,-0.013210342136526165,-1.9836675532882153,0.7401427516428047,-0.21541313414853913,-0.33181737541663026,0.2528410233161612,0.46554064136619394,-1.1641020675804474,0.43969094678960763,0.1849668588434979,1.0027
-0.00033055436717699394,-10.779999999999987,8.9,-0.344025974025973,0.006083107491745565,-0.011033427261661899,0.01242042357139539,16.140263733403184,-0.00843025545293763,0.6816243892191229,0.1441793961220322,-0.5355016155526888,-0.11114147720887471,-0.73670536977524,-0.8554370465207698,-0.11198594207827885,-0.3511796425142678,1.052833471254079,1.0012999999999999
-0.0004332352223812008,-11.480000000000004,7.938695652173913,-0.2388198757763993,0.020245368404362196,0.00893977834489057,-0.006182145419463936,16.161065759562444,-0.0006984511492760248,3.021634982734395,0.354052594212897,0.4145243188700348,1.45608845271334,0.33693297430278457,1.5482549388261566,0.37699099980334766,-1.038744119708756,0.11212989158743299,0.9967
0.0005614701539572997,-10.689999999999998,7.678181818181818,0.15466403162055453,0.025776193066034736,-0.002430341117365842,0.0003367990455522829,16.151209088067418,0.00441780239798284,-3.1864461154647437,-0.17056082944372686,0.5386932118031841,-1.2945050707560524,-0.736265937215138,-0.019187940855501552,0.5011507633203971,2.2753473704841927,-0.6510866530199727,1.0002
-0.005348525383778391,3.569999999999993,7.672380952380952,0.3479653679653678,0.0241438662532385,-0.002864912124531216,0.011082954966067149,16.151665412305444,0.0038647221725494063,0.5099363976048258,0.533076981447704,0.6142154271017897,1.2141100892270187,0.2838413521143749,-0.9953798255498167,0.8443555609548705,-0.8006636244307498,-0.5151951157822681,1.0031999999999999
-0.0051363308751933845,-1.9099999999999966,7.314285714285714,0.027489177489176342,-0.0043678185734279396,0.020380914248621096,0.008625875339156153,16.152866111671003,0.0018017728291610524,1.4785126280352734,-1.0906408940864711,0.9553777437179285,-0.7048319602879546,0.1274947998681767,0.8933192808928979,-0.33461398472219156,1.017911922907383,1.0175947290517506,1.0045
-0.037947176731783105,-10.5,7.310454545454546,-0.29136363636363516,0.008653142689228233,-0.006378348735500694,-0.01075427000730933,16.090054935128702,-0.013405418843177586,-2.083294812245429,0.7910939996325834,0.25218606809232474,0.6054476344815911,-0.27283812681174674,0.7105577867120797,-0.693396889222357,-1.0651693203039523,0.9618792885118256,1.0024
0.03766899122336792,1.5799999999999983,6.997647058823529,0.2681818181818185,0.012680893719322128,-0.009493139752521529,0.003658468867811848,16.157975809153953,-0.010275733277332222,-3.9434946654840157,0.14602878210172937,-0.43343504107650277,-1.2719790888662876,0.8416055658090681,-0.8418117955848307,-0.773525989400854,0.5712268239459007,-0.5222766310352542,1.002
0.00040240194687218844,0.09000000000000341,7.113333333333333,0.2259545454545444,0.01457277023981085,0.020036514052378607,0.0232649091622541,16.17060352521223,-0.015939348327982827,-1.7624282125740627,-0.11614841525901623,-0.5178833533221197,-1.3779254014100093,-0.42534623502516844,-1.46487486094679,1.302643691814436,0.49148621071229825,0.6248349221166509,1.0009000000000001
0.007785074398708514,-4.159999999999997,7.354090909090909,1.0258043478260879,0.013758992474254939,0.013407400047658058,-0.018096320287851242,16.124736623560405,0.0048502769042926275,2.202302896049885,-1.848182847844357,0.20772974270525454,-0.37545218869142527,-0.1953307485465622,-1.3378936253466698,-1.5235429969002205,0.17655712923933423,-0.7455471517058725,1.0073999999999999
0.00614500162531989,6.209999999999994,7.1594999999999995,1.971195652173913,0.0426097728809669,0.03629890469038877,0.050877662836668947,16.189470928354012,0.04316403036715499,0.5450959132271741,-1.434068858126091,-1.0595124423151994,-0.5491548368878467,0.5336602256053986,-0.8216468075297311,0.07030853158995976,-0.18582414025462918,-1.0330705266070126,1.0012
-4.7783631136777416e-05,-9.170000000000002,7.251,1.4540217391304342,0.017734886112938497,-0.012191688745323503,0.02676515548116498,16.195851787566127,0.0007324870508451653,1.8080303296846612,-1.014378369375428,0.5646152084466366,0.4582424261307163,-0.2120392913477707,-0.9744190982075714,0.029366598971796037,0.73112759426786,0.7358719279235388,1.0087000000000002
-0.013770500005871933,-0.6299999999999955,7.331904761904762,-0.010612648221345111,0.01349214748298877,-0.0270370590500999,-0.0001799560886386331,16.19465281889339,0.00352309374083859,0.4248839127290493,-0.5497532844039683,0.3082574044830969,0.09363482042455064,-1.0483914159968661,-0.516092983681862,0.0034785947859252994,-0.5335305552442657,-1.2414294657725242,1.0011
9.545248192627254e-05,5.269999999999996,7.827142857142857,-0.3525757575757549,0.014330817036801946,0.01981250630503517,-0.0006470426559577191,16.215809122705686,0.00468118508458204,-0.8550425571211536,-0.35657750908290214,1.4959065445334163,-0.5015536015087987,0.6923944063071565,-0.40531584219401395,0.15104055595158553,0.7153608645572457,-0.3227904353447582,1.0122
0.004190865092669471,6.040000000000006,10.331304347826087,0.7262318840579702,0.00477464742061251,0.001496907902435396,0.014637012624348245,16.20294287980528,-0.005762952775885566,-1.7083611863917454,-0.4706777655891923,1.5691440524458171,-0.9615658296650635,0.0028374221971198513,-1.9589489203656145,0.59264014136809,1.233689053607311,0.3533660298483312,1.0021
0.007485841526569892,7.569999999999993,12.28095238095238,0.6151966873705987,0.0026491115561331213,0.031100470165030814,-0.0045150803618021484,16.21071854289339,-0.005526529844221528,0.5352204352327353,0.3974898104604759,1.0831415094427086,-0.8929738130155526,-1.0314178280163906,-0.6816562521510404,-1.3511986535418616,-1.2275572902193717,0.9540257632003255,1.0086
