unemp,fm_price_exp,fm_credit_cond,Brent,MIACR,obligates,M2,paid_services,money_income,trade_turnover,debt_firms,PCA_1,PCA_2,PCA_3,PCA_4,PCA_5,PCA_6,PCA_7,PCA_8,PCA_9,inflation
-0.014399778253307627,3.8000000000000007,1.9000000000000004,-1.4200000000000017,7.845000000000001,1.0168809523809523,-0.0003466213058285206,-0.019477228886616516,-0.0095685763107074,0.03245443270878212,0.008921500510730596,-0.6643841133725992,-0.9851045293935112,0.7637077236351482,0.2284099363102169,-0.9792386046913669,0.011147601085392287,-0.4453951410178651,-0.2447436074234384,0.24460633316368954,1.0078
-0.0008813291855205296,-4.1,-1.3000000000000007,0.28000000000000114,7.874545454545455,0.09534632034632029,-0.0097878756534584,0.0064231887217243155,0.013086450355935142,0.00820595815885028,-0.00037520695315329533,0.8287284725618277,-0.9061951136388966,-0.47366221456555563,0.8742777018626529,-0.3102776948422736,-0.4813745569490494,-0.5201566330942613,0.644672058718384,0.1089213214736009,1.0073999999999999
0.11498237632514474,-2.3000000000000007,2.5999999999999996,1.7800000000000011,8.214736842105264,0.45727272727272705,0.0007609216618309489,0.040415056605246136,-0.012384141106373647,0.009051336213758532,0.004598169939660224,-0.5089703505296893,-0.08938474316372357,-0.9807232998433931,-0.2209014737795984,0.41697205536509974,0.12564397912277073,0.3110375146120679,-0.3961581289913705,0.270328801635967,1.0044
0.013999845781839104,1.200000000000001,1.5000000000000009,2.259999999999991,8.233157894736843,-0.07261904761904692,0.001837940470768018,0.030388566227340874,0.0024840253202960128,0.016088943323634197,0.008468494792399639,0.25351313423429533,-0.9763652809130223,1.2752915553020516,-0.8991154784211566,0.08025444281478117,0.44810085385523035,0.17191532325299183,-0.15501329145667803,0.21986365809968691,1.0098
0.057340080706257845,-2.500000000000001,-5.1000000000000005,-5.030000000000001,8.172173913043478,0.6450103519668744,0.007492430817116258,-0.006032836285719156,0.021618788214000872,0.005492554174537645,0.014350895783696416,0.19696691161180047,0.26702939559491073,0.16909605895487126,-0.6382745342783379,0.9393308718080817,-1.165073398084253,0.49224803805076695,0.24080002187413158,0.7265196010109828,1.0093
0.0715930690128086,-3.5999999999999996,-0.40000000000000036,-5.159999999999997,7.877142857142856,0.06070393374741201,0.002505329188256411,0.014240972352668635,0.004376638974369129,-0.004272168530725651,0.012134781620073198,1.29714629176564,0.5641902462162581,-0.3666275393283217,1.012633461007116,-0.35453489914639785,-0.0031518219062678376,-0.48135253314588744,-0.8503048897132455,0.13569590427767642,1.0075
-0.06190458014673794,10.5,-3.0999999999999996,-4.519999999999996,7.949090909090909,0.127359307359308,0.008691221364884427,0.01621805861625525,0.01067694256074958,0.01399489211209115,0.014070882543128604,1.3601446128464865,-0.10605087175628809,0.40158193766699185,-1.8960463347717251,0.49175176928697306,-0.8294077031355025,-1.2043100223220249,-0.22190715487874235,0.0011946883372720334,1.0103
-0.03097612884304124,-1.799999999999999,-0.5999999999999996,-9.659999999999997,8.240434782608697,0.4549802371541478,0.00765725683663554,0.010267227005746449,0.005138861952522333,0.0022268251953079243,0.007535562004374441,2.1681792864253864,0.921831818515814,-0.2197958390932274,0.4031541151533327,1.5696676086227637,0.09852805795755817,1.3061699970949814,-0.5334000718479084,0.19395919556396224,1.0106
0.009829095544490185,5.499999999999998,-10.600000000000001,-7.990000000000009,10.211111111111112,1.239065217391305,-0.002571160508571424,-0.021290880505622667,0.01757645374318173,-0.004646320304011908,-0.018973965123095127,0.3733503750126051,0.6762136006474982,0.043786595118861724,-1.146687500054734,0.9654990599897617,0.07394192390547043,0.03019876609938666,0.495489988770649,0.07105181905443317,1.0118
-0.046424454306169816,4.800000000000001,-16.299999999999997,-17.099999999999994,15.468695652173912,4.337021739130437,0.003666386042077363,-0.011849376397620404,0.006627937415341734,0.061765979816559735,0.10884824373705726,1.4301671540751577,2.071889786199119,1.4992593587550644,1.5058790764453716,-1.544970068685424,0.11556045498119859,-0.5735233957834175,-0.18899248135660213,0.5247972147200771,1.0326
0.06374244715664013,-4.399999999999999,-3.1000000000000014,-14.580000000000005,16.964666666666666,-0.6292490118577092,-0.009156557797387777,0.048132628405479494,-0.010527639099878527,-0.04395269480244224,0.018904972930126718,-0.33434667978392846,1.7669424386798724,-1.1961362992382056,0.47130679309655243,-1.2261406528939622,1.1731477432429454,0.15711667163216508,-0.21134119204196952,0.044317338824452795,1.0387
0.04617339549206889,-1.1000000000000014,6.299999999999997,10.340000000000003,15.116315789473685,-1.0477727272727275,-0.004679392721811837,-0.0035623826951454163,-0.016241767125075413,0.021516035067616457,0.0006679672480345289,0.09747863186733588,3.009769996118655,-0.2708711861580909,-1.0624742344102502,-0.3194708429532387,-0.2994526367353537,-1.1790232830595229,-0.4096919398548309,-0.28813097341009364,1.0251000000000001
0.007945069071839228,-5.5,10.700000000000003,-2.210000000000001,14.902857142857142,-1.0367727272727283,0.011552675191913053,0.01859716847195969,0.02249113431411942,-0.0049121599092565305,0.02381738845469883,1.692888147815821,1.7845207536468854,-0.9731289388974936,-0.19379909466851283,0.27744019806969006,-0.49008163098914403,0.2687962076247819,-0.002882921633070861,0.02716724527297841,1.0084
-0.08114932814998133,-3.5999999999999996,3.1000000000000014,3.6300000000000026,14.357727272727272,-1.2495454545454532,0.018871223378692292,-0.0031447316683106408,0.00932032914317027,0.0011704155446139453,0.030817653869098294,-0.8486449890017992,2.0001448457892637,0.7876057028029608,-0.27816046636522873,-0.617329099454102,0.8542554455800514,0.3732527401382299,-0.4049061304561675,-0.07851453584327897,1.0070000000000001
-0.05348408265315352,0.20000000000000107,8.7,4.559999999999995,12.828333333333331,-0.21603896103896147,0.01411642765493859,-0.061467243522514536,0.019880600698840567,0.01421950155260987,0.004312867430778411,2.536078416032589,0.5358624368166467,0.9326587999795856,0.4190095777175997,0.8875019350469132,-0.0930399607522156,-1.096301201412915,-0.014333960703075794,-0.572642714060998,1.0028
0.020530592581337936,3.0999999999999996,1.799999999999999,-2.6000000000000014,12.503333333333334,-0.27623376623376394,0.006504794911881717,-0.032544922958171796,0.019678336476525615,0.0004280656795572213,-0.007006345914421175,0.9415363603242275,2.7686197647025357,-1.436193534121018,-0.04520345913970252,1.3112913594996343,-0.8772728116362768,-0.33751509979020716,-0.18203708551451983,-0.12471976497006426,1.0058
0.010014832900790527,-2.0999999999999996,-6.499999999999998,-4.919999999999995,11.524347826086956,0.08083003952569179,0.00452590418790777,0.007678957904783346,-0.015782812369769417,0.013098537959685075,-0.01236897420723615,0.08619530842582407,1.4727195653954155,-0.35334063866311793,-0.18821876222148576,-0.8310588007899996,0.8300116939498485,-0.44197527644048035,-0.9966780050827075,-1.0638879001463897,1.0051
0.01220818307563043,2.5999999999999996,-2.0,-10.04,10.858095238095238,0.610165631469977,0.00756784083974793,-0.08923349172338924,-0.002605866145705349,0.007053709207401226,-0.022710487008382074,-0.8946726325433509,0.207427313770489,0.25687591231719314,-1.144888112266338,0.045749425616254794,0.06409753412458762,0.11272022014870337,0.2573710503496946,-0.38587431484314305,1.0123
0.04519833807247586,4.1,6.0,1.0999999999999943,11.146363636363636,-0.4400865800865823,0.0045084434524351735,0.008730569133494015,0.0054190310578317025,0.007932438239880213,-0.03413225252085006,0.7219774303217457,1.125723506341062,-0.5576299918795468,1.2937143814136773,2.380804924753008,0.8082309404392993,1.2325824515425716,0.2341930968090033,0.28983365585553117,1.0102
0.017352746982655987,-0.5,-0.7000000000000028,0.8100000000000023,11.14090909090909,-0.24545454545454248,0.0026071025195495423,0.030112967954030623,0.016138720329278655,0.010588317272816283,-0.00874294750196647,-0.9496758859431221,0.299996239390117,0.31187882924258253,-1.209058292087966,-0.9505142268340806,-0.5972895582051826,-2.435710575493345,0.22160996899334492,0.24157597416934848,1.0051999999999999
0.044709568697076874,7.199999999999999,-1.6999999999999993,-4.159999999999997,11.425,0.23220779220779164,0.01974277993470608,0.00046655160982744803,-0.009075162266077186,0.02261432997170232,0.008031468563213906,1.1922103210914823,0.7738682810278894,0.10485315018080867,1.0454742035578264,-0.42782952059062906,0.030161974142111685,-0.0196461256630538,-0.21201280394919467,-0.3461641187680726,1.0064
0.01172683285235343,-3.3999999999999986,1.5,-6.260000000000005,11.066521739130437,-0.22291925465838425,0.011898318962213494,0.029165616021343155,0.014662203266178508,-0.04345365837043147,0.19711842013720826,-0.6243991783823459,-1.1825374571115372,-0.6464546039596861,1.5952045217779367,0.1900845930363146,0.9168474226464505,-0.586011956475995,-0.47199284803431113,-0.5006769231288367,1.0114
0.005164124982901086,-6.300000000000001,-4.699999999999999,-7.309999999999999,11.017333333333331,-0.40517598343685357,0.025895907117581274,-0.06311154459272394,0.01952359801575909,0.046799892950758704,-0.03233414649949928,-0.717846234991509,0.6547578385599592,-0.08109548013788108,0.6493451932453637,0.7345583650496934,-0.686681508966685,1.0111359491055156,0.41307675979824215,0.04579338698948949,1.0098
0.01778991211244918,0.1999999999999993,6.199999999999999,1.4800000000000004,10.8425,-0.39285714285714235,-0.008039273025566729,0.05095727957588281,0.014430993704394268,0.03561460332605648,-0.07411464901580977,-1.2716625196825009,-0.7409619966558901,0.7678271244609493,0.04754449337537065,-0.7880439594918354,-0.49058698154845504,1.427293383109365,1.0694279599709395,0.48469881379727214,1.0055
-0.08370959353822327,-2.0999999999999996,3.5,6.030000000000001,10.94047619047619,0.18672877846790747,0.007568968272039456,0.052144626384524884,0.015348307286512153,-0.034399927178235146,-0.047729273478042344,-0.5267424130766425,-0.5539792643735504,-0.10014801758317868,0.549827807701718,1.569029369217692,0.6943154330260435,-0.18474535812295845,0.3778638047982472,-0.7320474963252942,1.0026000000000002
0.08486859470237018,0.5,4.4,3.3699999999999974,10.732857142857142,-0.11720496894409926,0.01826430390800482,0.012610174567114996,-0.014610000425571812,0.0157304597806025,-0.035901244823595135,0.2344705752878859,-0.2639607045291377,0.17187072617115917,0.629325759163949,0.6626325601781711,-0.031216899071496086,0.5327157813201464,-1.1386472244281756,-0.05467158862570372,1.0026000000000002
-0.308724122336554,1.700000000000001,-0.6999999999999993,5.160000000000004,11.06315789473684,0.1510389610389602,0.005965553718175087,0.013255581072938227,0.01565763244749796,-0.0114453048632015,-0.014043548035497011,-2.0301246824231907,-0.05726539907815371,0.0891355885492065,-0.3684441213116211,-2.105754407381877,-0.48236976402075776,0.5705261440102609,0.3196476504076105,0.2544188083036631,1.0048000000000001
0.02747158847943343,-0.6000000000000014,-2.0,1.509999999999998,10.639047619047618,-0.19590909090909037,0.01182674842268483,-0.01893270691581428,-0.00643891678528874,-0.007639200226876142,-0.007247516987799685,-0.3735178428414939,-1.350814590036473,-0.8482575917511963,-0.49484500378463897,1.1426943853510667,-0.588977056812322,-0.6073644416258726,0.009407303962716438,0.05395262937976053,1.0063
0.19175548240303986,-3.5999999999999996,5.0,-3.299999999999997,10.37904761904762,-0.3408441558441542,0.005311597167169779,0.0015659501430960177,0.008591789836005503,-0.0014035294323626601,-0.018116751475245607,-0.059211683597343,-1.9809195407303561,-0.5275522547948838,2.4486252123548997,-0.28683181727540547,1.1186340070233651,-0.5761697823276809,0.5200659683061724,0.3219752310116572,1.0014
0.024583472679722274,2.0,1.1999999999999993,0.8900000000000006,10.339565217391304,-0.17447204968944163,0.01636386321334804,0.14190251287730682,0.022385803797417836,0.03002656734999576,-0.03229667034250383,-0.7601165744953646,0.4522474594990552,0.6837402237356278,-0.997140526541511,1.2862139860988675,-0.7041524732587832,1.2137061459390688,0.9478595888923227,0.4441879662595789,1.0043
0.020873058163036085,0.5999999999999996,-2.5,0.7299999999999969,10.238636363636363,-0.015592885375493637,0.0044826899413941135,-0.02378761139472907,-0.010509940804846352,-0.016991877981240577,0.0030930230448031892,-2.205152882973994,-0.11782752398630204,-0.8321869812751105,0.31002402361726866,-1.2642223811283986,-0.8068485799236198,-0.07986517651503211,-0.37051859751650384,-0.3708399512566937,1.0024
0.04142731316124304,2.1000000000000014,-0.6999999999999993,2.950000000000003,10.323333333333332,-0.10564935064935099,0.009855845352403136,-0.0546501305540712,0.0013673113343042331,0.009784091509576598,-0.03344042384547308,-2.0207465447911566,-0.8059955578531804,-0.1330413236733126,0.040530072032212795,-0.4166839505429379,0.45783572045740334,0.7617922245199673,0.2730319004586944,-0.5737973816260961,1.0045
-0.037166863430584396,2.099999999999998,1.7999999999999998,-4.790000000000006,10.017142857142856,-0.3648051948051947,0.004791191607484535,0.07794100673935134,-0.008900450340364685,0.002734429097909441,-0.002238105297870163,-1.1269965846157446,-0.9749947557139682,-0.4313581425143973,-0.32885184297305353,1.11068640488158,-0.667007559079686,-1.5469840988085335,-0.828728801220901,0.7501073363043299,1.0041
-0.032942621477503264,-1.5999999999999979,0.39999999999999947,8.580000000000005,10.160454545454543,-0.01681818181818251,0.0063397297485927595,-6.536147079927446e-05,-0.002810838773791957,-0.034794846460304285,-0.662439618377018,0.7820444309586028,-0.8714881543167181,0.1558826388682762,1.2078439100779033,-1.141490572430018,0.1971665238704455,1.5584423201582962,0.26893044796806453,0.45590864236144923,1.0031999999999999
0.027973495529417525,-7.9,3.2,1.269999999999996,10.114117647058825,0.4422727272727265,0.009240950252669577,-0.004358805019357703,0.01067899825799401,0.047848535875449016,-0.024219118773809,-0.9297312029474611,-2.0435277623167494,0.8076407681661331,-0.700645882481957,-0.8163434737476021,0.21679247556404063,0.3792620733330624,-0.2907341000615168,-0.4511074792965858,1.0034
0.0021215038751170034,-1.1000000000000005,-1.7999999999999998,0.28999999999999915,10.14111111111111,-0.02836363636363437,0.018698304188930592,-0.022719383980954078,0.0046196792667245745,0.0014796627409729979,0.026436059341019558,0.8800219744251254,0.4025366531472639,0.38256626997360976,1.6511494152295922,0.3218102755010166,-0.3382349832619072,-1.3096133709702862,-0.271666366607439,-0.6559804544589776,1.0015
0.021798635142841194,-1.0,-1.2000000000000002,-3.279999999999994,9.897727272727272,-0.5245217391304351,0.008221098462923848,-0.045659044201789456,-0.0013017596193787284,0.013641952628738352,0.009501097135867553,-0.7341428310074883,-0.8060151951465712,-0.20307940205302305,0.029729124329604093,0.11176984827671838,-0.39272196560941797,1.0126825154855486,-0.5199543443025747,0.718817007295975,1.001
0.48014761929487415,8.0,1.2000000000000002,0.7199999999999989,9.5765,-0.20297826086956583,0.0043925388071652804,-0.002619643015767892,0.005410807502761017,-0.007517798233060091,-0.017805669978972816,-1.302696536586497,-1.2695082442613825,-1.0744347742770797,-0.64099753662663,-0.444972077057235,-0.5350990288036492,-0.40939275903986094,0.030126865147090075,0.06352294755203465,1.0016
-0.4271344047747301,-3.700000000000001,-1.2000000000000002,-1.980000000000004,9.1345,-0.16050000000000075,-0.0008959178156473513,0.03798644393625139,0.023488007191360794,0.0016357357835907749,-0.001496913224714902,-1.112182625179048,-0.29193096642684724,0.7002148919724865,1.276648766340445,0.2119567365050524,0.11101397089872461,0.4509958616356732,0.4217807964978294,0.4328951776536975,1.0014
-0.08086037489190345,-1.5999999999999996,3.5,-3.960000000000001,9.10904761904762,-0.07681818181818123,0.01395082659283986,0.03176198951828546,-0.004017213780320716,0.010104673158732425,-0.017484167229818937,-0.4833774651569714,-1.8264941871892133,-1.0119580586981318,0.04944696238555801,-0.28047467055515063,-0.050348351094611096,0.1806941176663039,0.12533500959381452,-0.450741497132764,1.0002
0.010876904803999166,-1.0999999999999996,0.7000000000000002,2.1099999999999994,8.947619047619048,-0.21556277056277118,0.008761624040857896,0.04034557699971586,0.005883081056758499,-0.0005678585713866369,-0.026962517214318638,0.28619246873737936,0.2960751390826747,1.3318734848710045,-0.8050360263124033,-0.2610998720612427,-0.45879253692157135,-0.19408549744563608,0.47121113643346285,-0.3271403365685092,1.002
-0.07961010938722723,3.5,-1.9000000000000004,3.220000000000006,8.536521739130436,-0.19761904761904692,-0.0005312848326770592,-0.035942489657943,0.007648228220263675,7.512050859403985e-05,0.048987082752574906,0.1841682858035029,-1.8389552882710476,-1.275716248700893,2.265654757790093,0.07537112838620971,0.924100218358751,-1.4198143298988746,0.052024926142787045,-0.32241742933831863,1.0004
0.047832868808287854,-2.2,3.8000000000000003,4.449999999999996,8.373809523809523,-0.09571428571428608,0.009105473173010026,-0.030137275551544107,0.02390367895957546,0.013306960480232277,-0.026837358965160263,-1.2723447582026894,-1.280147364967878,0.45659106516364356,-1.693595707200401,-1.1162499658671132,0.6929286193466737,0.43174653621352277,-0.2251746006932917,-0.05114559215282347,0.9987
0.03788636572122739,-1.2000000000000002,-3.0,1.3599999999999994,8.043181818181818,-0.2865584415584408,0.01179103227651268,-0.001748951396823628,-0.017127392689069154,-0.001002355233353569,-0.015940895809071876,-0.2541742780661608,-0.6248413780860067,-0.6372880623538654,0.8024611199731747,0.680970563795002,-0.5352877714027582,0.1691689034231732,0.15045398566693635,-0.4721470397037963,0.9998999999999999
0.027606729380297512,4.1,1.2000000000000002,5.200000000000003,8.014285714285714,-0.5049999999999999,0.01003680137375973,-0.024907386390625064,0.0417147834265581,0.003168889451870882,-0.027281230300451043,-1.0848694957531495,-0.22478833393029,-0.6992600249105412,-0.5605323822281986,-0.8499647746285447,-0.715388563065645,2.993001834815176,-1.0958335935117915,-0.45729996628168484,1.0015
-0.06961484746361157,-2.5,1.7999999999999998,1.6600000000000037,7.729523809523809,-0.08177489177489239,0.0051593480935068214,0.020383028824745963,-0.006863136083756771,0.0034547292677018504,0.1735420192267796,-0.5508740684029401,-0.32337861154619996,1.2309341125220008,-0.006248652057493883,0.0710023927315197,-0.8910712935940146,-0.3483627513785155,0.4834311053963995,-0.2864705568668952,0.9989
0.04717683911403614,-5.0,-4.300000000000001,4.709999999999994,7.087647058823529,-0.38051759834368415,0.012344270367119492,0.06525877179084105,0.03019016574312694,0.002824438050154754,-0.03632702615200856,0.42848796282638457,-0.392678863982421,-0.2849855425236495,1.7999022775540454,0.46374769060355275,-0.2694535415475921,-0.805296719743062,0.8312015291510186,0.4037262337744868,0.9997
0.011277407010184426,3.8000000000000003,-0.1999999999999993,-3.760000000000005,7.145263157894736,0.3475652173913035,0.010123526921304915,-0.010209563250700882,0.007072058014008675,0.00515204635507871,-0.12951152966446777,-0.9448143309959114,-1.4838827873164042,0.22175395334877146,-1.2017965123717658,0.3437243008198015,0.9836573902463914,1.3524699376280285,0.32944177149476883,0.11720965324323915,1.0
-0.08250089694611185,-0.5,1.8999999999999995,0.7000000000000028,7.1465000000000005,0.023363636363636253,0.005730785103382985,-0.040141369149724326,0.006623139369095199,-0.002378520006484308,-0.026588418963163107,0.7012099429381538,-0.48433444108513274,-1.287884337702918,-1.1686430273082657,-0.24985607586481895,-0.48636538142061836,-0.5357955457347504,-0.7109812547066108,0.29624440069252217,1.0017
0.22732452767224176,1.2999999999999998,-2.2,6.090000000000003,7.002857142857143,0.22768398268398293,0.009102715746932333,-0.032539237775427665,-0.0012783172122965425,0.02826865950731161,0.003582306696905846,1.1041074857155861,0.007457730031281167,1.0730953300057842,0.11505070413086899,-0.09308463730188024,0.25637340468116376,-0.3364884480338156,1.205228819182846,-0.24260235564193086,1.0003
-0.20024570170108702,4.499999999999999,2.7,4.8700000000000045,6.9455,0.09095238095238045,0.01727492949217435,0.01921825774962116,-0.002149175227421196,0.008348071376747868,-0.050741291904259356,1.8025050910526328,1.0836904577928144,-0.17771827029120812,0.1212799590674633,0.16456755124377673,0.5539258113443006,-0.29034778394593846,-0.5644950508634387,0.07105365347011118,1.0025
0.044908732793345285,-0.5,-0.5999999999999996,-2.5700000000000074,7.0215000000000005,0.4666666666666677,0.0024301752773432383,0.11934984405321103,0.032153090056855405,-0.002565918834790182,-0.02961267453682126,-0.8386046882264887,0.30621141770829635,0.4988056637524888,-0.48729348581496784,-0.2468237876911659,-0.6488327366185238,-0.9985952683973573,-0.6662583494644672,0.13902344406510125,1.002
-0.010760040031784435,-1.0999999999999996,0.6999999999999997,-0.1599999999999966,7.089545454545455,0.211515151515151,0.013462739489568776,-0.02647146517062815,-0.01860032142056589,0.00952316216983462,0.007180739200219222,-0.5666725473879419,0.22157030886422285,-0.23007701306527842,0.5315979004338006,0.010541513476525209,0.8006568448863136,0.6056238338000144,-0.21431969026494363,-0.05312732323379032,1.0034999999999998
0.00908928699531164,-1.1999999999999993,-0.7999999999999998,-1.7199999999999989,7.027826086956521,-0.03557312252964451,0.004700517409684579,0.046411255452795785,0.01457284978986273,-0.004586303174097139,-0.05430538115849792,0.07440661733133284,-0.09141771239601253,-0.024100992738209443,-1.0145903591137353,-0.5793556475602181,-0.3791117761879263,-0.7378024713649509,0.5340835762562481,0.7274488575541378,1.0053
0.008744771036931054,0.5999999999999996,0.6000000000000001,6.359999999999999,7.148999999999999,0.1763913043478258,0.01108359717773233,0.0532491477776329,0.010384593632497996,0.005310661157210461,-0.014475823368563567,1.1123131654000176,-0.08573026095747377,-0.05017451992731373,0.964473330003814,0.9299198301930158,-0.05269818393785406,-1.1764868133160824,-0.05435787090333752,0.5001242580960997,1.0043
-0.03721376912849439,-0.1999999999999993,-2.0,2.1400000000000006,7.267391304347826,0.05578260869565277,0.001114844230366785,0.015018017843651421,0.007469066519913525,0.0030876953960152775,-0.025708422130646724,0.35646092812496855,0.6314691934452888,0.5302915043078449,-0.8731142217575723,-0.650249400085489,-0.18910402946559585,-0.2997619643888997,0.11331856793904956,0.34762690533274654,1.0037
0.01400295309348043,7.699999999999999,-5.2,-16.28,7.250952380952381,-0.18250988142292535,0.009577965697914692,-0.06461826029091178,0.012841979406490012,0.010492051538520286,-0.0340777922807316,0.49464472839032436,-1.7836562035295114,0.12782582291292596,0.9330620293381018,0.6173937891363691,1.5314931751066885,-0.7010487288558666,1.5937289637984595,-0.8030026681788088,1.0051
0.008588368262753887,6.600000000000001,3.2,-7.390000000000001,7.492380952380953,0.032012987012987715,0.009061747136154708,-0.13528290646488372,-0.008888059778122681,0.011204138620513504,-0.11374495292545994,-1.4614502450587845,0.43429080348691096,-1.0794885448620721,-0.32351555571328383,-1.1019715001021542,0.3518065021926997,0.5533276665547152,0.6805319843309089,-0.5964223286297496,1.0043
0.04442896760416004,-12.900000000000002,-2.000000000000001,2.049999999999997,7.645294117647059,-0.15732919254658473,0.0057174861541824384,0.014702598423271596,0.01032685671489908,-0.008854905580246708,0.08884117636240596,-3.72106464216448,0.18380301192175627,-0.7421788041708558,-0.4922271952799154,0.6479080363960722,-0.5343273048925254,0.4734156463817792,-0.9759335283714655,-0.4816494122300813,1.0068000000000001
-0.0386392459893361,-2.5999999999999996,2.1000000000000005,4.550000000000004,7.5905,0.09804347826086968,-0.000342395644628013,-0.009570733735991155,-0.005307621138504359,-0.011198056387865307,0.23983763912616318,-0.26511967877031034,-2.5658600511831873,-0.9534172402171129,0.049422070711459105,-0.7405904949423662,0.6149902632733257,-1.1594066500110927,-0.21814285685559937,0.4209228264692365,1.0026000000000002
0.08588900974858094,-5.538775510204079,0.4500000000000002,2.1799999999999997,7.676,-0.24452380952380892,0.010490578366001202,0.027809474024101277,0.0032220716243287484,-0.0025289582933325505,0.0022968086440045,0.6567646328509643,-1.8559732852443902,0.17085969783190208,-0.7626772490565444,-0.8303686223040804,0.59830463705172,-0.23844908353638464,0.6915919069075521,-0.6224239781444099,1.0021
-0.09881338056191247,4.631083202511769,-0.8467741935483897,5.090000000000003,7.745454545454546,-0.19502164502164554,0.001388404711727631,0.015671723983608388,0.03690266714698609,0.05990917027887832,-0.044902710723537353,-0.39508562144879444,-0.2697306850945596,-0.3542257169209304,1.0232463678599466,0.5168198739067021,-1.4165940868395537,0.06447506010232397,0.1137090188822478,-0.6568264314044665,1.0012
0.006887406171132815,-1.9923076923076897,3.1967741935483898,0.0899999999999892,7.7155555555555555,-0.23284584980237089,0.004693377819902977,-0.031042080784667192,-0.0019437959659338588,-0.006921800891923624,0.028971797553193568,-0.46675367055685374,-1.093675948296053,-0.4322646810663435,0.47569300497110467,-0.2750226026752591,-1.0340530659629035,0.4242812487778256,0.48894783890163324,-0.38822692064939796,1.0028
0.03207513173589294,2.499999999999999,3.3,-7.099999999999994,7.576842105263158,-0.09160869565217489,0.010032446409427465,-0.31304349784939767,-0.00507218428013978,-0.022495018189299998,0.01749577811517078,1.1787295108338047,0.5852571481297671,0.5112956196916213,-0.07830836937346788,-0.08640280604394256,1.2077869310458,0.2506862549796921,0.18288199328109372,-0.12762252891883527,1.0025
0.006065723308847248,-2.50051813471503,-2.6258064516129,-0.29999999999999716,7.320434782608696,-0.22534782608695636,0.0038091764843475318,0.013165065694940026,0.0242575670651064,-0.008799588109056344,-0.006924539308949207,-0.6041936847199975,0.005113365285784415,-1.284876757824533,0.4887492445273554,-0.2729278901371956,-0.9992369573395876,-0.027314718927984726,0.4940226729408764,0.1611727324019271,1.0018
-0.01427735054480217,-0.5181347150258997,-3.1844499586435098,-4.880000000000003,7.132272727272727,-0.5092885375494065,0.009987842746905784,0.048247348690548364,0.00033055441816642883,0.0028039675733921854,0.02994196075350075,-1.015335085998346,-0.26448775850479694,0.40766667090098757,-0.5464303007902342,-0.5917216246595585,0.23348845212481456,0.6909030854953652,-1.2047398000932976,-0.8337413604454638,1.0023
-0.01450067115944309,0.5181347150258997,0.7140538786108408,3.789999999999999,6.855714285714286,-0.2635064935064939,0.005789854750720025,0.058688132220581224,-0.016436614103595204,-0.0017015253198167102,0.025185894703678713,0.12815400164375307,-0.3674118268538071,-0.9383308808434736,-0.3934996626515508,0.12772681230839164,-1.1649614749263062,0.47021038121158965,0.7073190513047073,-0.4865522633162811,1.0025
-0.020307210527224617,-1.03626943005181,3.7853745061678588,-3.1199999999999974,6.789999999999999,-0.31720496894409944,0.015183319953605334,0.025370983126135727,0.03679642985322751,0.011784655482273365,0.03336472511966093,0.5779992280806592,0.4506391147878455,0.26074076542818087,1.1009174105828115,0.2058082212674997,0.441495109299245,0.21490579475159102,-0.04913963385391046,-0.792433971921306,1.0015
-0.004784676744596039,-0.20776689067869913,-0.5583077769914302,3.5,6.457000000000001,-0.12612836438923392,0.00717291490252947,0.07231602770903756,0.0004932305056062347,0.00852877703939825,0.033024006267039496,-0.04642081906433422,1.7187522457098066,-1.1056283703254455,0.07516122681280202,-0.4919952011133032,-0.5507072435003619,-0.4541441082019335,0.33427608749138915,1.4393131192847892,1.0034
-0.004830210230781562,0.9900990099009892,1.18708452041786,4.100000000000001,6.151363636363637,0.5413852813852813,0.016551717434502677,0.05513831100523703,0.016057129621687594,-0.0006015175078033508,0.16708604231094526,1.2808841287232704,-0.2798372318300155,2.114928720908124,0.4659891737081876,0.1881513790867269,-0.01648407999779095,-0.3682840476893513,-1.4302856058556475,0.9933316852130649,1.0018
-0.03558570144115447,5.307143617587548,-4.71794871794872,-3.6600000000000037,6.038823529411765,-0.0648221343873514,0.008413802387117642,-0.029268374559389798,-0.019634673935060576,0.000293932371459249,-0.02498173720650776,7.751204762901311,1.2632862042355966,-0.7694841904385366,-1.51287385501938,-3.2338819322459096,0.6062556534042604,-0.09290063810899868,0.02165585236152391,-0.20226902122481638,1.0036
-0.035963568435636306,4.220573860042604,3.93814432989691,-7.990000000000002,5.938421052631579,-0.8150869565217391,0.01108543150150254,0.0063892946630002,0.026839809250704505,0.017569618395246067,-0.10252204061685255,2.668950252857446,6.3768623634410435,0.23733689781361977,0.2128601917040287,0.8041801220129523,-1.1081799967292427,-0.05628511323619476,0.45465782530613613,-0.46956239516207143,1.0031
0.10118450763097564,-2.6655697243933023,-7.66036655211913,-23.65,5.79421052631579,-0.6341818181818182,0.009758369294047498,0.028380399765190134,-0.010005772891149789,0.008243342324462333,-0.004391962596352883,-1.750206366987687,4.825393657265007,2.6300527419280697,0.1461746164013983,2.151403929809464,-0.5983947045326526,0.0996957085345241,-0.08198690401193719,0.29553051642495903,1.004
-0.016203213925501947,-1.268731268731301,2.74547803617571,-13.629999999999999,5.994736842105263,-0.14363636363636356,0.030432714786556403,0.03739542468302126,0.0035040214785624357,-0.1250411106339655,0.0423031482888554,0.8132092319237866,1.0045978404318003,-1.0411990229702803,-0.122589008948361,0.13621098717481867,1.524353772334384,0.24924621149235837,-1.043165482808263,1.5156170583016495,1.0061
-0.03223951771788647,3.2467532467533022,-2.7793533749290997,11.0,5.468823529411765,-0.013658008658008924,-0.001766832390016404,-0.006377583082816329,0.011752002360964298,0.013294439706104555,0.0036304787919227977,-0.7746789103075761,0.31262325713962213,-0.4679679933195756,-0.7715347346906857,0.30673072122163314,2.0944498068430577,-0.39700161999200156,0.12132451690175018,-0.25528512164161815,1.0041
-0.001207870009713341,-6.454388984509481,2.3486901535681994,10.890000000000004,4.994,-0.009069264069264449,0.011193187412924743,0.17792208653088792,-0.023255525393144794,0.06072963597625858,0.00984339059917616,0.44302155713090846,-0.28161080968586477,0.657903525046495,-0.6100103202932732,-0.3456298821330595,0.2713343434936878,0.38493173798565106,0.5323611718265914,0.39135131351245844,1.0012999999999999
-0.042582908771969574,-2.86238120182594,9.760348583878,2.969999999999999,4.2290909090909095,0.0830237154150204,0.01943709324980425,0.02011321188429882,0.03466042294900973,0.03962081096987191,-0.031074877506311438,0.3506248903636651,0.7030173967460474,1.8021839005806537,-1.2941556142275998,-0.0483179109604362,-0.14070496354804093,-0.21316420515895615,-0.9414708464357594,-0.28513455275324745,0.9993000000000001
0.003011122322152726,4.91477683085368,-2.35294117647059,1.5,4.155238095238095,0.061759834368529276,0.013957872761736212,-0.1344345052721767,0.004953970380299211,0.008017211516637701,0.024543901711206573,2.5252388205833585,1.774926490095593,0.14946394438865268,0.36150575441028365,0.8768790521241475,0.6375757770515549,0.30554229028234425,0.6854207774939767,0.07034621516663297,1.0009000000000001
0.06408068482325247,5.62430046014174,0.0,-3.8300000000000054,4.165,0.012943722943723479,0.009981795457719045,-0.04389925358489499,0.00023469407243759122,-0.0015279084200976456,0.00902668362293646,1.3172077801061441,2.1105204401422837,-0.2522476940769564,-0.4783306316625159,1.4501634192289776,0.38948680214861076,0.06570003217498813,-0.05010733398720193,0.27128235149020535,1.0031999999999999
-0.01747089254799694,1.0748931824899977,-4.901960784313729,-0.7199999999999989,4.174090909090909,-0.08454545454545492,0.010651198518431215,-0.0031670411469004733,0.003144666376400096,-0.0015922454644865525,0.03213919294454115,-2.1906005508474835,-0.35898682869773796,-0.5157353815084039,0.04600046395126321,-0.8349513988499014,0.4654159438236181,0.09564353153620495,-0.39393570556363294,1.1810555061931567,1.0038
-0.053192179002200746,2.9292805490869043,4.901960784313729,2.5,4.061999999999999,0.3049350649350657,0.006593782389188618,0.00039628423571436144,-0.02890034707549738,0.000293616079854786,0.03445451525789167,0.4795349102890559,0.1605581853182928,2.149354912514761,-0.3078224539872655,-1.045642843286069,-0.8446884051604067,0.03985567700575507,-0.1161812177245677,-1.0248987320943819,1.0049
0.023321611616297755,3.6405142376546955,-4.25531914893617,7.300000000000004,4.171304347826087,0.45490683229813644,-6.153634628347504e-05,0.055445204668112424,0.008887521110104046,0.037119836759615055,0.06195598411091474,-3.755323884175524,0.6494176591749629,-2.2900686623787054,-1.0189979283636088,0.21027979573490913,0.8034739712735625,-0.6994679660330576,1.0000652220102964,0.2505878484358983,1.0054
0.023605995796143642,-2.257186971546197,-0.9530141843971593,4.780000000000001,4.306,0.2579503105590062,-0.001580989167223379,-0.010791807772232431,0.033787143485692894,-0.02144580913954286,-0.0076383391167773595,-2.747101178082739,-1.845655083679302,1.3380194658898177,-0.009815919496658868,3.248279594722302,0.4736915242996509,0.025847245822195494,0.6676057679984001,0.1857950477425867,1.0073999999999999
0.0035166328075189046,0.39160632481160107,1.08462199312714,7.509999999999998,4.057894736842105,0.3360714285714286,0.012102106015410286,0.01658002584071916,0.017521209278708483,0.013086803157726479,0.03276339542370188,0.5183061074899683,-4.1045061154681015,1.0016979337197298,1.3008274674260893,-0.15555748852174325,0.1301493533104048,0.5494999894294101,-0.5526233027399511,0.23323765535427335,1.0058
-0.045358906463712545,-4.950495049505001,-1.7586416009702805,3.1299999999999955,4.222272727272728,0.5525000000000002,0.006755272756407749,-0.01453663963166818,0.010524644330793365,-0.003997763751119265,0.0566993066550463,1.9979501771213553,-2.6448540080945766,-0.17167913202920992,0.17665744665697367,-0.4102198596332316,-0.9903279644606854,-0.14461967769674525,0.7490805691103419,-0.3751203957436199,1.0081
0.018183272779935145,6.930693069307001,1.0746606334841609,-0.5999999999999943,4.514545454545455,0.3504545454545447,0.02442364814020337,0.015614406852520801,0.018660466620126215,0.09232661963583766,0.06285736983238621,0.007062857494424485,-1.541399632729364,1.2506708301785245,-2.5675648530043986,-0.38263735612586197,0.5751033819564633,-0.19612920263543704,0.9141229636540232,0.33626550412850337,1.0078
-0.19726313719078026,7.920792079207899,-2.263014763014761,3.719999999999999,4.791052631578947,0.07097402597402613,-0.0011979574982436958,-0.008090671948112416,-0.0261774921452691,-0.016948270856765646,0.025648035676519854,0.3074631219274755,-0.2514801501365787,0.051331182499503025,0.9880381850343176,-0.5500117036328669,-0.6815384062111838,0.3059247403601088,-0.09170487358095043,0.4772722013700895,1.0142
0.049193371409291364,-7.050187777398403,-5.1741908884766294,4.6299999999999955,5.1033333333333335,0.3540259740259746,-0.004173354610761848,-0.004659715051165136,0.015082850840801854,-0.010509709359165953,-0.02967379656995739,-1.459540798344578,-0.8304896057048841,-1.1918942413842357,1.1926162444835862,0.4194697345100321,-1.5086758208859732,-0.14558207656726677,-0.7889192791160411,-0.7403133860968157,1.0106
0.035245172381860534,-5.2324583976669,3.1539888682746096,2.010000000000005,5.759545454545454,0.6559090909090903,0.007899772837234309,0.010367229696385039,-6.217457610624422e-05,-0.005424969314887562,0.16786090678015775,-0.5026922898073001,-1.8846618119561356,-0.7241083809278136,-0.8515090412519987,0.7539714259503004,0.7618441066363942,0.024216380091450867,-0.11940081433553333,1.033575941129032,1.0065
-0.04252810285923547,0.8965075612039008,-1.90909090909091,-4.420000000000002,6.297272727272727,0.8072727272727285,0.005972022741728367,0.0578822891847679,0.009806252068445431,0.013068318839948745,0.03938912010024431,-1.17196733824192,-1.983922110276822,-2.524137011816338,0.7185131076970263,-0.4266611909355628,-1.4741250840803726,0.24975064268043642,0.5319604157966497,0.3321349748687034,1.0042
-0.04545688789061231,1.0935421900399014,-1.7450980392156978,3.739999999999995,6.569090909090909,-0.1404545454545456,0.008038144265185565,0.003641172263693093,0.028606045085375342,0.021412507928161517,0.07131029638209618,-0.9095794827846406,-2.4763549125856446,2.931250532565295,-1.4877124597098919,0.7199089815315699,0.46984565834112113,-0.1869723364603546,-0.1717314850920607,-0.3387643243767388,1.0102
-0.008368178428494799,0.7793544592309019,0.623885918003598,9.050000000000011,6.809523809523809,1.2318181818181806,0.011171785363140785,-0.0027781798704928917,-0.014292037534801239,0.0058801957897394175,0.03337294997531437,1.1178658003933406,-0.47610923780966286,-0.15748522855414182,0.533234268520462,-1.2501789728648103,-0.013048239397682324,0.022507478090859654,0.6884555633598993,0.027655715742879897,1.0089
-0.00823233873990592,11.1753646986031,4.04040404040402,-2.490000000000009,7.331999999999999,3.3940909090909077,0.008150655570116072,-0.0185182082743669,0.01844860584904673,-0.004178425483058135,0.026137222989966347,-0.6105743347555709,-1.3409489036937916,0.7300416446228392,0.4551211758587167,0.13914723273174312,-0.38893304570737847,0.18606177519741668,-0.08642185580150168,0.14458540453358204,1.013
-0.007825826715646134,-0.3259697012335039,-6.502525252525221,-6.8799999999999955,7.617727272727273,-1.1775691699604707,0.018560596204501678,-0.00019637658603954833,0.009530793084039146,0.07883972253136307,0.05279824676527589,11.299711328225225,-2.031931422440304,-1.2971261978971451,-1.5049447071411168,0.9267879890523621,-0.8235576627369191,0.7684195263672456,-0.3660135240380087,-0.004572357387530688,1.0041
0.01485850944626077,-2.0242718446601984,-1.2061403508772006,12.340000000000003,8.286249999999999,-1.5546169772256775,0.022043455009567836,0.022713863350210417,0.007719351380329087,-0.05445901589440538,0.11141029132829416,-0.2349834000430398,3.6406892825347192,2.4832179033361492,3.6638209267535364,-2.7437007746563475,0.4940399615878307,0.5541632998983755,0.4853116261157425,0.7277355929896754,1.0103
0.026288709650142517,11.078947368421098,-31.7105263157895,10.61999999999999,9.565263157894735,-1.383904761904759,0.010223794942874065,0.02912102528145688,-0.0037953662250647113,0.0009795572063815428,0.032336971394096636,-5.711625063119245,3.2443650571896434,-2.442668799378851,-1.4707299151441524,-1.2337983214449737,-0.3207868682497182,-0.3368358289078009,0.1616945057057036,0.2925195067535495,1.0128
-0.03446018782941107,-4.5789473684210975,-7.9347826086956985,20.120000000000005,19.873636363636365,-1.1271304347826083,0.01209318577338614,0.0226141956670336,0.013571300505663686,0.044704839781541494,0.048749802103484896,-0.1439247824742313,1.5379741861392726,-2.7773398956384288,-0.812589362782304,0.8314070354338359,2.1914559221789864,0.15746179114274703,-0.13770242097055893,-0.3462667718369103,1.12
-0.001160345313966804,-16.396984924623094,12.906046976511803,-12.670000000000002,17.08047619047619,-0.13086956521739168,-0.04340570122884735,-0.05741310377847775,-0.03913389399619405,-0.11052342364798662,0.011703462327139036,-1.2224460599944762,2.4871451850685915,-1.3662410105577534,1.4440270129639283,-0.16202517950326445,-0.3019859736209989,0.3135798983620219,-0.07323620256152213,-0.6779212247917138,1.0133
0.045128941326441296,-9.547738693467405,2.5287356321838956,8.760000000000005,13.253333333333334,0.4040909090909093,0.08608611275836253,0.11916745768065873,0.06517109876388716,0.08405208386773211,0.11758822323327145,-0.1001841046389625,1.9240151320123426,0.3955879559717985,-1.6211250668180828,0.4646607126498034,0.05257597976569223,-0.1856198493427384,0.6872686544897625,-0.45204990737348044,1.0018
-0.03374832863927257,0.502512562814097,18.9473684210526,9.36999999999999,9.634761904761904,-0.1186363636363641,0.015989800128048515,0.018381765362089908,0.02901953938325974,-0.0019144606298056033,0.14993692206442155,0.49067326787920984,1.8917138055663232,-0.6183193457952342,-0.38651620047767776,0.6178104888018437,0.764316316698364,0.08130083245392174,0.1586400186934892,0.007755528111684735,0.9912000000000001
-0.05208035926369825,-4.522613065326618,5.143540669856499,-10.779999999999987,8.9,-0.344025974025973,0.024226594588405703,-0.012306300096481593,0.01540529026269688,-0.00792150361359134,0.034659253606271534,2.1517809815217315,1.2908555583907202,-0.6210915113688065,-0.5582669884356994,-0.6366053695428862,-0.6253536563928568,0.4550643837279957,1.2388714405387113,0.10618689584697605,0.9915
0.026956020719946405,4.787484219125219,3.686868686868701,-11.480000000000004,7.938695652173913,-0.2388198757763993,0.02127507197551104,4.961615256959817e-05,0.0006524636263289807,0.0010004087098742787,0.03372163951597251,-0.511743891725018,1.3899433908484757,2.799793134476111,-0.927032392892628,-0.5777705900840095,0.8503257969452753,-0.11832722770552419,-0.2873961863910478,-0.155864406380701,1.0008
0.03690173790266127,3.600225473617101,-8.467432950191602,-10.689999999999998,7.678181818181818,0.15466403162055453,0.021737094287043845,-0.030161728467442472,0.002046304353109818,-0.006913284125932506,0.01210198933561557,1.2494290961141608,1.2707212095054328,-1.3712454796252376,0.685624971532869,0.038773866569424775,-0.15480282592624534,-0.01184512625280115,-0.6552118258128563,0.13983826970498717,1.002
0.012769202377924893,9.5771144278607,-0.9970918155379991,3.569999999999993,7.672380952380952,0.3479653679653678,0.03236838233820727,0.025592426010389246,0.015449928483691977,0.01184860545741273,0.07517700859884968,-0.06096221826987499,1.3444750199337263,0.751897165669392,0.2454792253924461,0.05987472312423029,0.243359460724241,0.2727721248406632,-0.21592243817997012,-0.4450396003861406,0.9998999999999999
0.013366455285357626,2.6699029126213993,-1.9087586300256945,-1.9099999999999966,7.314285714285714,0.027489177489176342,0.0038659077428313537,0.061055645191679275,0.02000148411591418,0.018670126671484155,0.029102532533791248,0.35426655794754885,1.2382378169755546,-1.1371392805230869,-0.5262287333316975,0.38950832890792475,0.9125277465480847,0.148492241785141,0.03642542695338746,0.13122545511982958,0.9995999999999999
-0.07133215240953827,-4.48149711552,3.8152858377576955,-10.5,7.310454545454546,-0.29136363636363516,0.016405056208281366,-0.012399828825648385,0.005794167342187961,-0.060354589978366846,0.0007725067793433738,-6.534907325172302,1.5013841165731774,1.58605419701649,-0.03029035086448577,0.43997333982450726,0.0050893351328079,-0.21007503922666068,0.0020118101629712343,-0.2326116250472004,1.0006
-0.004365273007874926,-1.7249911629550994,1.0989010989010985,1.5799999999999983,6.997647058823529,0.2681818181818185,0.016530164256632673,0.01470052207131367,0.0024416779353906293,0.06649181018289241,0.019779930766008036,-0.6159879060725443,-1.2903779687386914,-1.7095354791815702,-0.4388126689224208,-1.2648832672357893,0.11835194190873626,0.0741175524150334,-0.4805066802367893,-0.6479285299752183,1.0085
0.01360593979052993,-0.9370988446725974,11.70457449527219,0.09000000000000341,7.113333333333333,0.2259545454545444,0.019443536232579106,-0.008449707833030118,0.010720486980279276,0.0056342869407508545,0.07230764766432607,3.3190266199953884,-1.3422813829401439,1.5833914232368886,0.5295525337912234,0.4410056253952377,0.5883053427119397,0.24426513900523314,0.09435635309329898,-0.2579783899146598,1.001
0.08345472303133694,1.4832535885166962,-6.06673407482309,-4.159999999999997,7.354090909090909,1.0258043478260879,0.021290319915566513,0.006254639615706381,0.008021018555341541,-0.018009491400501787,0.03742400229149112,-0.6484477988298515,-0.6964302043379444,1.811633619571796,0.06909377632933278,-0.693179142145525,-1.0518112666541999,0.03976657317646991,-0.2547978348141207,0.3958800134789638,1.0043
-0.05639612088568291,-5.663415531836602,-0.4981884057970998,6.209999999999994,7.1594999999999995,1.971195652173913,0.05166281835706066,0.05119309529625049,0.04060162082208052,0.07688716286677533,0.05484594960728906,0.537272453844536,-1.3964856976680795,0.8100079642897785,-0.36360010398454146,0.42732156645658453,-0.286286030313785,-0.10568357333159344,-0.199334875704725,0.08453399508873538,1.0102
0.0007805307198907041,2.977517651430702,5.402131782945771,-9.170000000000002,7.251,1.4540217391304342,-0.026938879183374453,-0.06020507806588604,-0.017245190635048147,-0.04268724497065435,-0.0024187605224064157,-0.18246191477237203,-1.652840564562507,-0.12144450603289268,0.11851630810397697,0.3489457196353363,-0.20095334290940584,0.0859651224855262,-0.5821994704483174,0.17867668862297262,0.9947
0.039913198175729026,1.2645637965330998,-9.932754272905568,-0.6299999999999955,7.331904761904762,-0.010612648221345111,0.024735851671806586,-0.01342085142416316,-0.0023141379899964676,0.010091895951493512,-0.002245993734373286,-0.30807056324200227,-1.444579211805008,1.0447406508941104,-0.651094899833603,-0.3526776613054786,-0.019155657061356017,-0.027568754383807105,0.055538050732097825,0.2593608004353024,1.0068000000000001
-0.002849466488181074,6.464904802500801,9.083525111682677,5.269999999999996,7.827142857142857,-0.3525757575757549,0.012116033040241447,0.023807930345240536,0.0033715029981209454,0.016055443320610152,0.0005990836339968553,-2.1006778132499906,-0.9105235023607896,0.6729878770301466,0.5949351158208085,0.35162028421373637,0.0844130122528201,-0.26959529743829796,-0.8189545617221929,-0.522498531991226,1.0056
-0.019788304273626878,-1.572370865849198,-20.556690500510683,6.040000000000006,10.331304347826087,0.7262318840579702,0.016486416859908815,0.020798986122597896,0.016229860589486833,0.006665328109754398,0.04857950196253924,-0.31788897175397507,-1.414586548678397,-0.7637023359951661,-0.19646661859751238,0.7536404181089077,-0.22420807173288645,-0.08836508680693589,-0.27029960707068074,-0.043120127789426275,1.0036
