unemp,Brent,MIACR,obligates,M2,paid_services,money_income,trade_turnover,debt_firms,Компонента спроса,Компонента денежного рынка,Компонента ожидания,Компонента валютного канала,Компонента предложения,Компонента рыночной конъюнктуры,inflation
-0.006788132770125466,0.7800000000000011,5.9935,0.1849999999999996,0.0012245275621793894,15.490530267281441,-0.0009081126613459389,0.018498867534148644,11.303830889069092,1.5847357661807637,0.15029107243981846,-0.5860692775784824,1.025739790607962,-0.7453565562549799,0.6216362230113996,1.0051
0.018598588755703194,-1.4200000000000017,7.845000000000001,1.0168809523809523,0.001210105903261649,15.504944815083517,0.0072486439712129425,0.007360166367419652,11.304616980956494,-2.3669666041616924,1.5682589553352972,-0.9687314146562095,-0.2564653012487446,-1.1408366844777682,-0.6392970515465002,1.0115
0.004955212399634146,0.28000000000000114,7.874545454545455,0.09534632034632029,-0.015542138847035147,15.516049400096989,0.0014139831592192564,-0.022699640778604646,11.299051301927419,0.3472043358337917,-0.20826537835104753,-0.5181313829023791,-0.08123839879340831,-1.0715857509787219,-0.0042983719551364765,1.0124
-0.0027015209652170302,1.7800000000000011,8.214736842105264,0.45727272727272705,-0.015779533340660734,15.507025193635549,-0.009963500672611758,-0.011739049192662776,11.2888015069514,-2.5462838936097025,0.786957221282647,-1.7009793705883984,-0.8409028984557282,-0.5980502790818046,0.637396418421776,1.0141
-0.014832638116422214,2.259999999999991,8.233157894736843,-0.07261904761904692,-0.014694468566252894,15.464302793902094,-0.014258831808751538,-0.007120657523522311,11.293765194762127,0.6532418875065394,-1.6075789944085415,0.5785966113227682,2.020370444257551,-0.4275805264772225,0.23865285831377542,1.0075
0.055864162918989435,-5.030000000000001,8.172173913043478,0.6450103519668744,-0.007503433296944806,15.458847911579927,-0.012124060737349396,-0.005733261285548963,11.289838817814488,1.0767542409919895,1.5371727998618039,-0.6714699345456486,-0.002589835059435743,-0.8811048354212215,-0.22424682606717872,1.0067
0.038229975108243885,-5.159999999999997,7.877142857142856,0.06070393374741201,-0.01021489345045623,15.427222085352241,-0.009844917563830435,-0.02830694458489802,11.289657774064752,0.14649345491869153,-0.916307000628588,0.7422933556304616,-0.5375316437505968,-1.190527625191555,0.03843197097598438,1.0073
-0.01566203879169925,-4.519999999999996,7.949090909090909,0.127359307359308,-0.007631697422048944,15.420061013293218,-0.005324770785303912,-0.022972211641462792,11.283894662535545,-1.922562764885698,1.6359490847716334,0.22337089504134558,-0.5055939157502211,-1.2739971065370108,-0.20591599077207862,1.0102
-0.015360965963180262,-9.659999999999997,8.240434782608697,0.4549802371541478,-0.0019290351339513734,15.435955346492507,-0.012976208666700018,-0.009637268216042827,11.274442303024655,2.575279400904117,2.097909482887909,2.444601626273722,0.6381699943669357,-1.4057015084454914,-0.2634252369094497,1.0084
0.006128237418752902,-7.990000000000009,10.211111111111112,1.239065217391305,-0.013962969657246305,15.412345705549917,0.00797290071115242,-0.005023613586288889,11.27806294532243,-3.154220912942933,-0.40185093059161525,3.4510986004716933,-0.9488283599756068,-0.7329197998737873,0.25096003432202324,1.0147
-0.04035649482020298,-17.099999999999994,15.468695652173912,4.337021739130437,-0.010302534510842065,15.414159607337988,-0.004592729854518751,0.0015657243639317642,11.283295155504035,-0.30334687131701976,3.7782553116702866,2.72003931912022,-1.1935403506885636,-1.78059275763357,1.7614280589617157,1.0234999999999999
0.06303256646181721,-14.580000000000005,16.964666666666666,-0.6292490118577092,-0.0145518280232384,15.45687571211443,0.0037901710834660207,-0.0056572673769821336,11.282680632075124,0.6572552375949823,-0.4534649901306531,2.3707627773004343,0.0798516408433753,-1.7151472533988072,-0.19826353694446044,1.0508
-0.034033441917032614,10.340000000000003,15.116315789473685,-1.0477727272727275,-0.024598047497402575,15.397946778750121,-0.035145431503828206,-0.06633960717969245,11.232201740691348,-1.102525648360415,0.185042524126837,0.8775253466223539,-1.7961006904810177,-1.7755615019631603,-0.8744408933174106,1.0265
0.003788885873922343,-2.210000000000001,14.902857142857142,-1.0367727272727283,-0.022295639572089243,15.345078773249242,-0.026805321656890868,-0.0017431226052906368,11.21296224648471,2.0688845404191265,-2.3912189625284035,1.4847166429255256,0.24803791462377184,-0.6878788621041902,1.9504855254114903,1.0101
0.012264809164479695,3.6300000000000026,14.357727272727272,-1.2495454545454532,-0.004558877557160557,15.318224791697746,-0.014406646622123986,-0.011055343182157173,11.202377767988978,-1.6431201875288763,1.2634430881775687,0.10999981412200913,-0.4756771953164552,-1.5744600377691609,0.3122718879065689,1.0037
0.033014411575721714,4.559999999999995,12.828333333333331,-0.21603896103896147,0.0065296431465835525,15.299025375061436,-0.003932989150376542,0.009453796643487777,11.200498258607677,5.675357971387099,-1.5364272289503305,1.2341591453910215,1.4181704348765491,-1.45377669441563,-0.6154251764761737,1.0026000000000002
-0.07277705235499798,-2.6000000000000014,12.503333333333334,-0.27623376623376394,-0.0007113965350402651,15.32560949379272,0.009046926601566696,-0.009848629247485974,11.178899931105983,-3.9325757828500736,1.8001995565972386,0.02617170963342017,-2.0760813932850346,-0.6382937849675405,-0.619010422709288,1.0004
0.01684798615119376,-4.919999999999995,11.524347826086956,0.08083003952569179,-0.0018835115377697775,15.318713599148507,0.004038856303173688,-0.004277693906047375,11.168620029150969,-1.886234649603958,-1.6159875399015784,1.339434478630169,-0.27617923313901593,-1.416421618642419,1.8444528575761845,1.0033
0.019258251459333797,-10.04,10.858095238095238,0.610165631469977,-0.00018129643752295976,15.336318807882916,-0.013483628166518713,0.024176273898685707,11.155270708802842,-0.4130644594748988,1.3298075306754975,0.7539771837486418,0.9019835005237531,-1.5207621279190409,0.15798244330180064,1.0057
0.01255039713326489,1.0999999999999943,11.146363636363636,-0.4400865800865823,0.0007514592347206417,15.326911341905813,-0.016632548438497707,0.02159222416645079,11.149149715151422,6.9274317614619125,0.7763969487739405,1.10421535842501,-0.4420399446650632,-0.6434772608306205,1.1049229940009049,1.0101
0.003953982754130392,0.8100000000000023,11.14090909090909,-0.24545454545454248,-0.010323823176605629,15.290465907805228,-0.00895181859011096,0.005470334299456425,11.154510802643603,-5.434725778183188,-0.963522827654175,0.8303510324251963,-2.4050829919042234,-1.3415855987541163,1.5438336996756048,1.0048000000000001
0.0719947754027328,-4.159999999999997,11.425,0.23220779220779164,0.007650669306972446,15.281486444701342,0.034619371200784954,-0.0035416068792528677,11.1445484221917,4.9999535551130245,2.3777561517558867,2.0717284845808184,2.1512751241620207,-1.0809409723014565,-0.023863618928190087,1.0073999999999999
-0.07053895238752861,-6.260000000000005,11.066521739130437,-0.22291925465838425,0.00501986098907814,15.274532963520707,-0.021325800857869837,-0.027208473022493962,11.141538830248885,3.410279150931563,2.6159911593472107,1.8910970559337934,0.5990858292445024,1.3871879599091723,0.4714235335141031,1.0038
0.015337667322486537,-7.309999999999999,11.017333333333331,-0.40517598343685357,0.024797013307011895,15.279679330258347,0.004716122325902461,0.022410223940340757,11.154726441880348,-6.055474778600156,-2.8229709227537767,1.6360560339226442,-3.030918514470056,0.24987905386952197,-0.5582742132176746,1.0054
0.0021972728585462065,1.4800000000000004,10.8425,-0.39285714285714235,-0.0008603022223052648,15.276639408219962,0.015361969078185211,0.02201601317872459,11.168312648588014,-5.032260653542553,-0.8750446126706722,0.7862386084362203,0.9610661207759367,-0.31087706993833625,1.8497518223161027,1.0067
0.0258818966016372,6.030000000000001,10.94047619047619,0.18672877846790747,0.0025293192292838995,15.266953986611718,0.007318842925331026,-0.05621126684724942,11.162959694491748,1.5106963732232201,-1.240008433850263,0.3653646284405135,-0.12280636116050492,-2.120996474655677,-1.0989332387656519,1.0056
-0.017890292966921795,3.3699999999999974,10.732857142857142,-0.11720496894409926,0.011940244561717606,15.238658522846565,-0.012554016218924602,0.02817027369288283,11.166554587949932,0.6834559052911772,-0.9992640086210243,0.3371311287181705,0.763775111211143,-1.0999769408030395,1.6862058333115622,1.0039
-0.18549637905430594,5.160000000000004,11.06315789473684,0.1510389610389602,0.0007782576528185814,15.246653229444018,0.008715120098608864,-0.027483072129005137,11.156469769905957,-3.076298763530265,0.7547118051391676,-0.01616568404611574,-0.18796717271270183,-0.981526492544559,0.07828960248095578,1.006
0.030383270950566366,1.509999999999998,10.639047619047618,-0.19590909090909037,0.006697643762635153,15.24987043421396,-0.0031770404785387285,-0.0003924373242796264,11.135506450457385,7.318321718536028,2.3428332925473816,-0.3573655616577774,-1.4641327063850733,0.6077921253218579,0.14864204556347307,1.004
0.09874123025785941,-3.299999999999997,10.37904761904762,-0.3408441558441542,-0.002586582382349434,15.241571502198754,-0.007482468865651626,-0.013208913735962113,11.11654481789248,0.0478541265344753,-0.09717440627551865,0.9765328858686841,-1.2388408324764353,-0.12524326668135208,-1.35860376330913,1.0037
0.04215717045092826,0.8900000000000006,10.339565217391304,-0.17447204968944163,0.005582501188042599,15.255970092669068,0.024842999785972708,-0.0031131080902468966,11.106199236937407,0.3123185504541471,0.84618350073067,-0.550580857489003,-1.2573340954652752,0.17504237916754872,1.2461493941533563,1.0053
0.0016521307064032431,0.7299999999999969,10.238636363636363,-0.015592885375493637,-0.0012628191664880717,15.250945760037467,0.023627517684472465,-0.01770640597714035,11.093106359277249,-6.706823833641775,-3.3500193275003567,1.6455685226131707,1.2251530882664279,-0.5311077423828418,-0.4249310903331066,1.0038
-0.016787772473611295,2.950000000000003,10.323333333333332,-0.10564935064935099,0.004667597986088623,15.246462586907311,0.03280185865871843,-0.00937495585878878,11.077033717032252,1.8032307851698457,-1.6204398601717094,0.6197346357451967,0.8626262714379027,-0.8384737031541123,-0.029405531540294957,1.0023
0.0011484383611690685,-4.790000000000006,10.017142857142856,-0.3648051948051947,0.003391782668797916,15.291246646089808,-0.10463934027657551,-0.005892239037105895,11.053872327221654,1.1482184846431913,3.351356934441781,-1.6294192037455246,-3.1281285255169946,0.13516279787001845,0.6950190262169503,1.0025
0.0620612609645933,8.580000000000005,10.160454545454543,-0.01681818181818251,0.0027014524708750542,15.262792544324027,0.03287977963104538,0.00952894524902348,11.002606933804575,-1.1774590651388426,-4.700920497381484,2.0278357804893985,1.852794598957184,-0.7997655968960924,-1.8833760925910557,1.005
0.0005204488663581586,1.269999999999996,10.114117647058825,0.4422727272727265,0.002011352569670777,15.261633500751536,-0.002170083022534186,0.03567657468347463,11.005219536271019,-1.2579946983683974,1.4062864539437319,-1.0003616464992202,1.935024845206749,-0.057852698440689236,2.429308428119445,1.0042
-0.06080439161029927,0.28999999999999915,10.14111111111111,-0.02836363636363437,0.02024868855591322,15.211095471796089,0.03896216595182089,0.009631220733027135,11.026438244819165,5.493843191789028,0.4895108588119866,-1.224670527142296,-1.955534165716588,-1.5857892398404858,-1.3530178194732552,1.0041
0.03611055913957684,-3.279999999999994,9.897727272727272,-0.5245217391304351,0.006646707716345901,15.274560095565276,-0.010458247780753993,0.007050263192713402,11.02210819510472,-1.9544821981179623,2.613476753350142,-1.629016921752964,-0.9083943540848034,0.41968548346819673,1.5740885799913995,0.9987
0.5169954436590507,0.7199999999999989,9.5765,-0.20297826086956583,0.005629366948653569,15.28995511002495,0.02436142220677162,0.0012869170811029562,10.991069380543653,1.4280108613422682,-1.9564623751272452,0.03979283982467826,-0.15503767313865682,-0.41704010058897856,-2.100680152773504,1.005
-0.32108644899073724,-1.980000000000004,9.1345,-0.16050000000000075,-0.005116950126966557,15.291892151586216,-0.013405671910181383,0.004067935563003999,10.985292344815084,-0.8972040875984127,0.4720306349390399,-1.2794638705481534,-0.24782652105592237,-0.4488228532412089,0.6570896786535506,1.0012999999999999
-0.18102679499889418,-3.960000000000001,9.10904761904762,-0.07681818181818123,0.010600519529949892,15.282431631690203,-0.010896581595430277,-0.006487167109774816,11.002166393842245,-2.6353673862206453,0.5136601214433805,-0.8852484251953432,0.3437206875151588,0.9982348974543336,-0.07374968478047769,1.0009000000000001
-0.026219130193898543,2.1099999999999994,8.947619047619048,-0.21556277056277118,0.004943135728815662,15.271020708448575,0.018975599708637603,0.001038153592613611,11.017963667405787,-0.8969865169903913,-2.61047161758874,0.07911130100056574,2.0225073090311887,0.3181835604945544,0.33315663583017036,1.0009000000000001
-0.00031407157472140845,3.220000000000006,8.536521739130436,-0.19761904761904692,-0.00024516647454397855,15.244368878592862,0.0013882197862962187,-0.009193888527068594,11.004195270126536,-0.8567115809817257,-1.125244922295824,-0.3216961255793772,0.6243788351043121,-0.0408822130934772,-0.7122457591329385,1.0015
-0.010171514956418326,4.449999999999996,8.373809523809523,-0.09571428571428608,0.004672769303125435,15.242996190752534,0.0007090713872894838,0.014948267621218037,11.005826684212323,-0.8594232883936452,0.3543518762364454,-1.8165926845710256,-0.41807807478917647,-0.307858824115478,0.5792152796385249,1.0002
0.0810337940466197,1.3599999999999994,8.043181818181818,-0.2865584415584408,0.010979911375004647,15.235423609473862,-0.011553480327865628,-0.011486128410364671,10.98821036053651,0.7087571274433548,0.282969726741258,-1.3890748511860733,0.22866386280270962,-0.03427263359752077,0.7533265328080644,1.0014
-0.10740704240532217,5.200000000000003,8.014285714285714,-0.5049999999999999,0.009298098574952007,15.209049259842185,0.045445623129623414,-0.006524750037467442,10.985918277252571,-1.77639131684095,-2.3277858022245144,-0.6846885023053018,0.8441417586880033,-0.5072831471617901,-0.5578354021706537,1.0009000000000001
-0.0006146588699114108,1.6600000000000037,7.729523809523809,-0.08177489177489239,0.0049943616805379065,15.209851570567066,0.00307039233327977,0.014576158172793896,11.019512224656577,0.09099650213821607,0.7280006037934124,-2.1208234144735614,-0.892018604864837,-0.203520822210931,0.5367152104300674,1.0006
0.0607295166022479,4.709999999999994,7.087647058823529,-0.38051759834368415,0.010532563446762566,15.23317099911327,0.011352945425596062,0.018339361143965505,11.022624381444544,1.7281056806477828,-1.2222505771500896,-1.537398586597489,-0.18500423036436614,-0.9300292555867196,-0.653934121119451,1.0041
0.009542857944562222,-3.760000000000005,7.145263157894736,0.3475652173913035,0.007472881956045896,15.31706715828781,0.022361171346576114,0.0005362313892334214,11.00643750571515,1.6868166962189561,-1.4413839570483913,-1.2810671064674704,0.5170934447793434,-0.5392076725175609,-0.46753725234175253,0.9998
-0.15231767348462877,0.7000000000000028,7.1465000000000005,0.023363636363636253,0.007191985208518048,15.258944928167987,-0.0003607313398976686,0.007647107848253398,11.005216344894958,-3.1953825651622716,-0.507707182160814,-1.219478317054554,2.322632311676077,0.16498978213104865,-0.22430297824789222,1.0004
0.15992943234608825,6.090000000000003,7.002857142857143,0.22768398268398293,0.009508953950337684,15.249809151536034,-0.012702673879653403,0.015085167110164832,11.02105826131485,-0.16607408936101697,0.9892632531869147,-1.0952908350156072,0.5811159791623198,0.3053104081129747,0.20072533678916704,1.0038
-0.062207245519164234,4.8700000000000045,6.9455,0.09095238095238045,0.013180765574130504,15.252439044458379,0.02822314151407035,0.002702795365532751,11.017288611809997,0.3012174050880952,0.9031516325197149,-1.2061740349861034,0.21738863058060034,-0.0914935748220712,-0.04355328382064128,1.0012999999999999
0.02361086076885832,-2.5700000000000074,7.0215000000000005,0.4666666666666677,0.002111987889531264,15.373755153773413,0.04223395354711634,0.009309441427259202,11.02847498470082,-1.6202195852592751,-1.732652955180524,-0.3883554137461877,0.554920929911629,-0.031235473944542236,0.4618340608686049,1.0034
-0.012392287587523532,-0.1599999999999966,7.089545454545455,0.211515151515151,0.009830932988172947,15.31150422317087,-0.012875164081981083,0.006976572534469483,11.034530245180846,1.0247078964774703,0.74032483986753,-0.9714866607491698,-0.7313329283817923,-0.9487814252899903,-1.3059148028409249,1.0034
-0.002701171991224438,-1.7199999999999989,7.027826086956521,-0.03557312252964451,0.002623217821628998,15.279822799807777,0.0013194607329936048,-0.0010869556742392206,11.057731996112977,-0.5452294918680404,0.576901051236832,-1.1013102258667886,2.979820513587244e-05,0.16384460688309896,0.03519414730477894,1.0057
-0.0286956631187264,6.359999999999999,7.148999999999999,0.1763913043478258,0.00646182342147128,15.281470415571732,-0.024097762906478692,-0.016040368104494718,11.041936866406184,1.4816708013122877,-0.05393456883364806,-0.806976902598709,0.21121067380059175,-0.0614823890296679,0.35177331969537934,1.0055
0.022306403211397985,2.1400000000000006,7.267391304347826,0.05578260869565277,-0.005743230058989468,15.248225101773471,-0.005590124944582442,0.009153476061289467,11.056682640062272,0.42978954751829296,-0.06422560766616457,-0.16033637807040962,0.3469946148533063,-0.1429460261002576,-1.0753491397290686,1.0055
-0.01334887110529559,-16.28,7.250952380952381,-0.18250988142292535,0.0036397962679100004,15.218203829664867,0.021469425828748,0.012047566683538236,11.049998503322827,-1.336590499466858,0.5152368351423845,-0.6716011090229045,-0.4405402426616263,0.14292523450039654,-0.008921087973164599,1.0065
-0.028648804928440574,-7.390000000000001,7.492380952380953,0.032012987012987715,0.002975910618761901,15.25084220920929,-0.022226608116314495,-0.011353017254286613,11.035927505597526,-0.2227222249696072,-0.2391293004320537,-0.1819538918037053,0.2051386473460693,0.36203291957208356,-0.032682450307472716,1.0077
-0.002511305261408636,2.049999999999997,7.645294117647059,-0.15732919254658473,-0.0007490718953686581,15.26125280877334,0.017273095601721522,-0.022279636583316886,11.012475885703651,0.5905109038243049,-1.1706274697821961,-0.19007359709027974,0.1364317135184323,0.5590348445947574,-0.23042710933546132,1.0062
-0.06228700228671369,4.550000000000004,7.5905,0.09804347826086968,-0.004215047895634427,15.212930500814947,-0.07474356400526538,-0.012116087216266891,11.029002338273859,-0.5570994925545933,-1.267593497332073,-0.8256425693415055,-0.4378144082909922,0.3487333824036945,1.3623013548115774,1.001
0.05773739828483615,2.1799999999999997,7.676,-0.24452380952380892,0.005500547162677449,15.251618168813996,0.03284538139129545,0.0014188087105999614,11.022053036595903,2.1115978867550247,-1.998069613984349,-0.49798092921754994,0.5881098559102176,-0.44686852418863454,0.31129455399007017,1.0043
0.10444571612121689,5.090000000000003,7.745454545454546,-0.19502164502164554,-0.0031877392690766726,15.219069983858056,0.03052906889948659,0.024694178861373928,11.036373606514491,-1.9816415673428256,0.8795403682095781,-1.0160113366194397,0.8688304303134358,0.15534925582166542,0.16987280796542323,1.0015
-0.038505707778587306,0.0899999999999892,7.7155555555555555,-0.23284584980237089,0.0032125892034358117,15.194874335916332,-0.009754044096974113,0.021823667777098876,11.043935459534248,-0.6439525121483721,0.0984818466642996,-1.099743572637891,0.18668091521357946,-0.12797962462187143,-0.06876723265936412,1.005
-0.03884707328081238,-7.099999999999994,7.576842105263158,-0.09160869565217489,0.005148603301236676,14.92836964671142,-0.011167019613365525,-0.003426676118888139,11.037723776486953,0.42559468137600226,-0.4530082464393271,-0.9052207670158223,0.3465840806675256,-0.7859439937466143,-1.0735223436950827,1.0018
0.006596370572154786,-0.29999999999999716,7.320434782608696,-0.22534782608695636,0.00300369634707387,15.017281445231864,-0.013322899646057706,-0.014809370667276056,11.02674077047047,-0.50733234745655,0.1145630802533068,-1.490498669074677,-0.044884955288841594,-0.09628358268598451,1.054223774283618,1.0028
-0.013612288766202685,-4.880000000000003,7.132272727272727,-0.5092885375494065,0.006918191543825003,15.080438741989038,0.02703160767924473,0.024564007586167946,11.013030553815907,0.2599504774518489,0.16401131559332915,-1.4310021990162447,0.04627679994092424,-0.2714524382570932,-0.07562674015762348,1.0003
0.0418970897447164,3.789999999999999,6.855714285714286,-0.2635064935064939,0.004584717495198731,15.115039472844686,0.029279316416198853,-0.0021907643142604627,11.01374966830735,0.3594376065502562,-1.5775201192725052,-1.6916830099840798,-0.43179610566679927,-0.2549846121403349,-0.8158807082912135,0.9979
-0.039447945520253436,-3.1199999999999974,6.789999999999999,-0.31720496894409944,0.01520345351685215,15.190101379474577,-0.028195508025143923,-0.0024404885240585372,11.01529801385449,-0.7038837663828423,-0.4435488909373357,-1.3033348072979478,-0.09385068894056343,0.056293965568185694,-0.047458570584477375,1.0016
-0.023784495128962857,3.5,6.457000000000001,-0.12612836438923392,0.005290466526538751,15.228142640825732,0.022907070366324334,0.014844086192187689,11.031270437039018,0.18395630628216833,-0.5972882108738764,-1.4104127806130098,0.9413233584201112,0.07813072332515518,0.28547344511677264,1.0019
0.006346957946535614,4.100000000000001,6.151363636363637,0.5413852813852813,0.014905463067513836,15.222345885072087,0.0017330252765699328,-0.03329639251763794,11.074061096007684,-0.07807546305112696,0.8580056535560477,-0.9898095181989955,0.5684574794893711,1.242360554332954,-0.19403343923355784,0.9995999999999999
0.014347687849452506,-3.6600000000000037,6.038823529411765,-0.0648221343873514,0.008890565163396147,15.209233368576742,0.001815130730813408,0.006764577111713521,11.088095377212982,-0.2291011102535623,0.9106498946349763,-2.496158854031457,0.38091184862494865,0.6270325660138579,-0.5002049045647431,1.0031999999999999
0.014470874392943145,-7.990000000000002,5.938421052631579,-0.8150869565217391,0.007239035166424657,15.217702241292296,0.001933665451199218,0.0049756271776359995,11.069422120674055,-5.851471310356725,3.502950648510367,-0.5310615315325857,3.13973678851431,1.3319963515229722,-1.2252810339227203,1.0012
-0.06451749187534839,-23.65,5.79421052631579,-0.6341818181818182,0.007808765161966491,15.185494517251774,-8.679048912796361e-05,0.02504852832520399,11.099137138015898,-0.4012729551748004,2.2041406761617335,-2.3395038171322207,-2.8670059336507476,-0.04960788518205093,-2.095203033896012,1.0065
-0.01308814533353675,-13.629999999999999,5.994736842105263,-0.14363636363636356,0.0240451276525544,15.217430569629514,-0.031751200907256916,-0.08104919979320968,11.110359026360802,3.041661998917764,-2.646887257611968,-1.044376272399678,-1.0611944715952124,0.731108195895587,0.04649356066923299,1.0058
0.04274144078920328,11.0,5.468823529411765,-0.013658008658008924,0.005786600741979342,15.254175063314703,0.02535524573978698,-0.0018881737591271985,11.106123195584097,2.4647136622263743,-2.2162536509668893,-0.8024738661838487,1.1305757345642697,0.5924975455900726,-0.001611236679274009,1.0007
0.02289909628158049,10.890000000000004,4.994,-0.009069264069264449,0.006995417392770875,15.335895257564705,-0.023357802115970827,0.0019611904934748736,11.086153953478806,1.101419214463763,-0.3923917112385188,-1.1955340171602156,1.1138714259185323,0.911037721643912,0.19517857943771502,1.0039
-0.002688870878242877,2.969999999999999,4.2290909090909095,0.0830237154150204,0.014311017300130402,15.303724868191876,0.036500348853236275,0.026153337600177906,11.079680811413553,0.20502685459280282,-0.8800268768572799,-1.0848038513088247,0.9368939742564223,0.8524407491620386,0.4864559445720074,1.004
-0.03838997030996061,1.5,4.155238095238095,0.061759834368529276,0.00768119589011107,15.27029461994636,-0.028298415568288604,-0.022800201584086466,11.086535695984027,0.3936656694930127,-0.6843446651935305,-0.7188270075603233,1.0685418327591931,0.510307088761869,0.29188206713046333,1.0017
0.03272518804506863,-3.8300000000000054,4.165,0.012943722943723479,0.006302473815006593,15.235652632862537,-0.004707241563483677,0.009116890329337934,11.120524237272988,-0.356397702379463,0.1464124194748565,-0.5878357021936585,0.38848311908687216,0.5709450081990399,-0.6321478858771554,1.0036
-0.02884733735230527,-0.7199999999999989,4.174090909090909,-0.08454545454545492,0.004097092249693901,15.205300245541626,0.07150950693730351,-2.5709552723185425e-05,11.117463878108776,0.054330946292503006,0.6664169542257724,-0.7543493892128835,0.42371661959434564,1.3068774901194906,1.0739002903280708,1.0056
0.02215334738870578,2.5,4.061999999999999,0.3049350649350657,0.0023110366800302984,15.221615427623822,-0.05369376190972197,-0.004592770526162582,11.104911170213969,0.7889700644192986,0.4091270738938616,-0.8706027643631846,-0.06202250596540739,0.8469663458728917,-1.4183455167013534,1.0039
-0.021330925185389704,7.300000000000004,4.171304347826087,0.45490683229813644,-0.005641597579151281,15.204867162075605,0.022025139353340606,0.07616723528147418,11.06147067163264,0.1443354029816013,-1.198083725555482,0.46344365134480564,0.17127051692023224,1.5944569428868174,-0.34258614359157036,1.0078
-0.02118767282896794,4.780000000000001,4.306,0.2579503105590062,-0.008372549207546598,15.21068799742222,-0.010719058667485015,-0.032529477042846366,11.060904174600694,1.604274484368007,-2.4769697902283854,-0.5959751287844133,-1.99390586800398,1.422203848846508,0.5133756896942421,1.0027
0.0007833130722141313,7.509999999999998,4.057894736842105,0.3360714285714286,0.005644465535139531,15.238376910458157,0.019130603487242936,0.010215318579167132,11.049862620285502,1.864651358981845,-1.284120771753669,0.2892265663998533,-0.6209906197181226,0.9977168192746408,-0.35140127488316536,1.0061
-0.02345845782269218,3.1299999999999955,4.222272727272728,0.5525000000000002,-0.00067839080934462,15.193713600064818,-0.016340241921295018,-0.022148293034017996,11.017836147462875,1.6742825679576434,-0.46856501418437796,0.4845914149677032,2.2317758549680895,1.6595026691608814,0.7117539322884033,1.0110999999999999
0.054319939004960016,-0.5999999999999943,4.514545454545455,0.3504545454545447,0.011442877772337212,15.229719536367417,0.04235209968795317,0.08340680902509945,11.006884943857894,-2.164149175761129,2.1811502424057476,-0.20641153575864601,0.192550764439441,1.0021217836694167,-1.2035644646275578,1.0065
-0.07990974342835322,3.719999999999999,4.791052631578947,0.07097402597402613,0.01712001074354852,15.242923050512003,-0.01147735735672839,-0.003339489255683503,11.01134245038954,-0.9365614337861474,1.0028806094229892,0.7027834101218418,-1.206352666273626,0.8628639146572726,-1.0059026786459924,1.0086
-0.019733956448321543,4.6299999999999955,5.1033333333333335,0.3540259740259746,-0.004377007123462562,15.302849972466872,-0.0009618503072079676,0.003171035618215967,11.028949948223573,-0.8247135679102294,-1.0445348706186475,0.35052950959600726,-0.6752557221287503,-0.31403509994138973,0.17960525949667158,1.0087000000000002
-0.0021581138159074698,2.010000000000005,5.759545454545454,0.6559090909090903,-0.005245268599139763,15.271563773518476,-0.002453884311723442,0.00340302751805055,11.05787781524992,-0.10483977798797661,1.1626436200322314,0.0986589148007393,-0.6275852505084504,0.14511505827437685,-0.21962205209954153,1.0070999999999999
0.014229607491707541,-4.420000000000002,6.297272727272727,0.8072727272727285,-0.00644350178773756,15.278267454730385,-0.01012586772642976,-0.02717822703115047,11.034602013642633,0.7696786108983202,-1.811668094808824,1.0639253256138237,-0.5094417111569272,0.07347349002662937,0.22546289865976152,1.0090000000000001
0.07461168382949679,3.739999999999995,6.569090909090909,-0.1404545454545456,-0.007122115249355687,15.244315508976301,0.00952778824191114,0.0010216474789359609,11.031433679217438,-0.23893886679901277,2.870164989758201,0.8872080147946158,0.8438933719940442,0.8111050094516844,0.11282768810210529,1.0079
-0.08005140842674496,9.050000000000011,6.809523809523809,1.2318181818181806,0.0022042728227784636,15.218012427618566,-0.03527921190601013,0.010927852691317241,11.035684489804458,1.5075867084537202,-0.04436156710337329,1.9053438659400885,-0.4642755556408818,0.32492943732979057,-0.5343611907327659,1.0119
-0.0025003573960897807,-2.490000000000009,7.331999999999999,3.3940909090909077,-0.007670475978120095,15.213606220717397,0.012304214184315043,-0.028610599874760112,11.025452051777407,-0.06326242510378256,0.6943569336183963,1.3536844948592066,-0.4018637074403252,1.0034811830319306,1.0978324738429361,1.0123
-0.0023445478309114254,-6.8799999999999955,7.617727272727273,-1.1775691699604707,0.006834804266389938,15.200678634222802,0.004831727182409651,0.08909532245965224,11.020143557369659,-0.016300544435402527,1.3818372640182626,1.636021221623835,-0.2889582630686138,0.7055016812751963,-0.6516109048432414,1.0070999999999999
0.0676537786364515,12.340000000000003,8.286249999999999,-1.5546169772256775,0.005514415460455169,15.208662402852642,-0.002344277954819063,-0.10396081276597968,11.026683122893516,-2.251029955061175,5.243636404822729,3.9297654777666335,2.3902322387276724,-0.07197758408805768,-1.582098692823675,1.0112
-0.04068588459015854,10.61999999999999,9.565263157894735,-1.383904761904759,-0.0035478422369514817,15.206594305376749,0.05161766547391977,0.007469405673880658,11.063388964275669,1.8129538366838223,1.5106081322510356,3.8763248259346548,-1.5362767733296805,2.505707653733147,0.418594940271121,1.0124
-0.03260226371583308,20.120000000000005,19.873636363636365,-1.1271304347826083,0.003860047353372309,15.195392578399508,0.005121121374651594,0.0370402003202841,11.06532673632469,-0.690743864588836,-2.6117750099685955,2.551015227128077,-1.968995421937942,2.465656824779803,-0.5279788779814635,1.0988
0.01811353008391725,-12.670000000000002,17.08047619047619,-0.13086956521739168,-0.04345862264319145,15.127518164479778,-0.060585022797786436,-0.13104405197316282,11.024222340370414,-0.23322530159960497,-1.7635901352215222,0.19027305331454872,-1.703221025148219,1.1609128994685314,0.32818033710353395,1.0258
-0.04155887939483294,8.760000000000005,13.253333333333334,0.4040909090909093,-0.006562744090704342,15.124737769638106,-0.022264254658638905,0.007325301669492745,11.005926760088213,-0.5690542120952249,-1.01099680999786,-0.40859675215912034,-0.514157150393585,1.0026088855794704,0.31326588801038546,1.0062
0.03673412887943828,9.36999999999999,9.634761904761904,-0.1186363636363641,0.004586388362529448,15.130745076156192,0.024254647573764387,0.005473850200019115,10.997524017584528,0.08416176436181504,-1.2279918250382562,0.12030456640768365,-1.1778903336904734,0.2656935240716077,-0.5329104712608654,1.0006
-0.0020323432248197104,-10.779999999999987,8.9,-0.344025974025973,0.0092837631163043,15.142427414974415,-0.011247987938240556,-0.027060306817631385,10.996994334453277,1.17832442603729,-1.91904736474799,-0.2352394373889219,0.0262118213850346,-0.05402485945052974,-0.02811227783615544,0.9981
-0.0227007092095326,-11.480000000000004,7.938695652173913,-0.2388198757763993,0.022370545814276,15.139809113990891,0.021433475482691478,0.04070138296542325,10.982865629813823,-2.0317969616284857,1.8000463158831697,-0.4533833479436831,-0.05158904692554161,-0.10753204005590315,-0.9080137145541494,1.0004
0.018594373555304022,-10.689999999999998,7.678181818181818,0.15466403162055453,0.028129900012492826,15.157487200265702,0.005977409660003374,-0.017894605202364744,10.993397154740215,1.0989360780145345,-0.5138289004487833,0.12169863306373788,0.16601216542386715,0.22380398098327703,-0.25584879440073227,1.0011
0.017666360636949152,3.569999999999993,7.672380952380952,0.3479653679653678,0.02373493172182428,15.165392884908798,0.0035474498782264163,0.006690392110137111,11.031600310693328,-0.08130056108167379,0.3662242318147634,-0.4362269529192737,0.4582842052358989,0.13758528011455834,0.34003155267519963,0.9982
0.01781555716309402,-1.9099999999999966,7.314285714285714,0.027489177489176342,-0.0020829643489932437,15.163047158473011,0.025645928254132144,0.013128941584131582,11.027701993041187,0.41161409679670263,-0.17932615371697447,0.09154057993870453,0.2189740581103701,0.9663261620373119,-0.8264210716836851,0.9998999999999999
-0.06909479813677555,-10.5,7.310454545454546,-0.29136363636363516,0.01179068276098505,15.179824602510145,-0.003806759748961497,-0.09442097559562512,11.053126450917372,-0.02724846333663332,-0.6457426861237011,0.7526478359753853,-0.44534100700793716,1.3669467484700955,0.14778328276132,1.0008
0.03923134129850547,1.5799999999999983,6.997647058823529,0.2681818181818185,0.014906892208305322,15.171979330956932,0.01595264260335405,0.09227121464113708,11.054949397226451,1.3506711781409635,-2.3977871603202314,-0.18076540491244084,-1.2423387083834367,0.5711601615536018,0.8737605219878445,0.9995
-0.01368284799479147,0.09000000000000341,7.113333333333333,0.2259545454545444,0.01575787143126739,15.159104819881811,-0.036053209246770024,-0.011347170117868899,11.043921273566482,-0.9266182424926596,-0.6809916478223081,-0.2861261051678261,0.3830948384984859,0.5568667500384831,-0.5977199112066593,1.0033
0.013159061130950778,-4.159999999999997,7.354090909090909,1.0258043478260879,0.013435250963887313,15.19149493920624,0.01339491670833759,-0.02270508697410989,11.060481623820326,-0.046238923855932965,1.712018562637388,-0.754833748973818,0.7750548440394489,0.16750227702295062,-0.21485340678808842,1.0045
0.035154778861875235,6.209999999999994,7.1594999999999995,1.971195652173913,0.04122697273011866,15.219607178606116,0.04173404323248242,0.07351634603970325,11.10310946232371,0.8760145157993586,0.24679408983070789,-0.591328542156167,1.5386281555021863,-0.18177129387337337,-0.06474601673002287,1.0059
-0.025388131485662546,-9.170000000000002,7.251,1.4540217391304342,0.015101051315678404,15.209242750444291,0.028956336800847637,-0.004600181745463061,11.125158604202634,0.862545782979413,0.5481894632150657,-0.11285779061678416,0.8518654749314999,0.3575156308910801,-0.24017283634991565,1.0028
-0.015366055278548063,-0.6299999999999955,7.331904761904762,-0.010612648221345111,0.017188323937489258,15.169082317727574,-0.0011777665661725223,-0.006240167866035762,11.13786099348119,0.33045375549948613,1.4028738055278354,0.5933005668893698,0.9785759927184245,0.552722845896743,0.18723623010033036,1.0036
-0.016717537361007895,5.269999999999996,7.827142857142857,-0.3525757575757549,0.01366375834327549,15.179522404977055,0.015037107464381805,0.013911953055703918,11.137956263553175,-0.09309946733389815,1.7095897094531227,1.3435800525496215,0.14279714024341356,0.9246952468987995,-0.2890918741129128,1.0077
0.014250144993452896,6.040000000000006,10.331304347826087,0.7262318840579702,0.006436243851597467,15.18446049450613,0.0057487725283351665,-0.014044138972362674,11.171134625382363,1.4697672396818902,0.19714461855345838,2.4050502362887323,-0.2229546517755063,1.5457054030796995,0.2902542669297231,1.0095
-0.01255838292745115,7.569999999999993,12.28095238095238,0.6151966873705987,0.003726313815457516,15.194250644243084,0.004145990162948365,0.012095328713414233,11.172091015291738,-0.2929709211494911,-0.29195798202128087,2.3343662510795395,-0.8811943629841281,0.6239082614735242,0.17776619236715685,1.0073
