unemp,Brent,MIACR,obligates,M2,paid_services,money_income,trade_turnover,debt_firms,PCA_1,PCA_2,PCA_3,PCA_4,PCA_5,PCA_6,PCA_7,PCA_8,PCA_9,PCA_10,PCA_11,inflation
1.5887831294495198,-1.4200000000000017,7.845000000000001,1.0168809523809523,0.003902277915237562,-0.02882650610790982,0.005839276378814873,0.012781435467905666,0.010581228012211952,1.6594703932142303,0.26899711319284436,0.5302014418185993,2.291561992641166,1.7538509546016083,-0.46532918590440286,0.8713392511243171,1.1320572593419918,-0.6453925623033768,-0.05257870324655829,1.0133266367565366,1.0081
1.6877167085275193,0.28000000000000114,7.874545454545455,0.09534632034632029,-0.0075757327055772095,-0.009106126233827894,0.006694805921192426,-0.002422619923338587,-0.007729160627640397,-0.8726889002530548,-0.22581911718034237,-0.7925428345631407,-0.5070690379516571,-0.4355872496389109,-0.1438794540675716,-1.1795239410864473,-1.3761212590909042,0.06666255300015095,0.8263954075052484,-0.6106221701701715,1.0051
1.677980141893285,1.7800000000000011,8.214736842105264,0.45727272727272705,-0.0008130798937120431,-0.017274511623973865,-0.027036298415838544,0.01854067251647784,-0.015571901640734964,-2.035680097558199,1.0471803413255403,0.456789279112136,-0.33923786866192385,-0.7228833352551917,0.06411075642692363,-0.5681119528196477,-0.17090999545456764,-0.44722496884717355,-0.11519131225125012,0.3764524472558582,1.003
1.6660128039230957,2.259999999999991,8.233157894736843,-0.07261904761904692,-0.002243344430196359,-0.040554757033229194,0.014534041310502843,0.005883195005294439,-0.0036220937717654778,1.3137183431673296,0.7194149821500053,0.4369958948028373,1.0759888182711688,0.7528972999100186,-0.13992539990817932,1.0852377591462448,-0.06267687544422705,0.45836102996954214,-0.2358558058964439,-0.43160907322804,1.0049
2.166517714367834,-5.030000000000001,8.172173913043478,0.6450103519668744,0.005723688098424162,-0.011990310709247609,-0.011097607828062905,0.018654416912710303,0.01956866339979868,-0.7778197615658117,0.392500617606824,0.013925491370644064,-0.028713044982210174,-0.08932301617472023,0.4690463354257145,1.0191322866255097,-0.8749668261451812,0.16824241500686482,-0.3569876118971911,-0.5251359892683184,1.0059
2.37759699001704,-5.159999999999997,7.877142857142856,0.06070393374741201,0.003130092933744777,0.002173170503484201,0.0023072760872100417,0.004759817542288047,0.003411286083307985,0.9378047344836504,-1.8052551107980939,0.9779988342174243,-0.7664798009324144,0.05553222399947116,-0.050674932752682415,-0.07647227958481403,0.396230322339051,-0.610905236972618,-0.2656634869980459,0.5120444317388376,1.0093
1.8086281202956926,-4.519999999999996,7.949090909090909,0.127359307359308,0.00549133366040877,0.0010742331844664221,0.021280021772222213,0.015361498970047904,0.0013282007816481922,1.104011013793757,0.8992859131910647,0.7230228409403682,-0.032667290365261184,-0.7754402071721748,1.1663477408322145,0.4988638863685175,0.16077099268386488,0.11037350870716912,-1.3539507334951013,-0.4521539141783028,1.0108
1.8181489133729245,-9.659999999999997,8.240434782608697,0.4549802371541478,0.008939579661312536,-0.011024176700994204,0.011779831579993072,0.022958381213410206,0.001246933194787303,3.031083566881105,1.8600591336997148,-1.3752121640594368,-1.6494397001928334,-0.6606404116885287,0.8032121107465312,-0.5281162289894746,1.0251425095192506,0.6782803202699924,-0.8663772421326756,-0.11769677367670951,1.0042
1.8621483043300708,-7.990000000000009,10.211111111111112,1.239065217391305,0.0015056176495544804,-0.012874109480359053,0.018502884891763216,0.011034642587075538,0.004530606779139745,-2.465106551680215,3.0054339970457336,-0.4950765536715761,0.7945628521733924,0.48229938223583374,1.4423716432561997,-0.7997349172413503,0.4516642433504134,0.3405771927294197,-1.3590494228932004,-0.03586582216608763,1.0088
1.9318231930643304,-17.099999999999994,15.468695652173912,4.337021739130437,-0.0015162260938375027,-0.03567440638013508,-0.0022387448899010565,0.03202116352276363,-0.01519060610599432,2.2673801173717116,-2.0023438054146343,0.6267895223601526,-1.418508175456116,2.401552238892018,0.14408354905081558,-0.8513132058936216,-0.17778228735146515,-0.4623644911696063,0.8391461922340476,0.008159802409423324,1.0190000000000001
1.8641425779593386,-14.580000000000005,16.964666666666666,-0.6292490118577092,-0.006919234494409565,0.05758547046599283,-0.00035162594700466343,-0.020634920996611683,-0.012215957770502328,-0.8156020995032904,-1.5604462728101707,-1.4441771084346318,-0.2755332933687862,0.5259122952072761,-0.01123500955023124,-1.2739473001196056,-0.9348732012303206,0.1606693946661168,1.0260040999809703,0.364387670449844,1.0328
2.010834638541575,10.340000000000003,15.116315789473685,-1.0477727272727275,-0.002781759125284111,-0.009115096788564259,-0.017083212368651957,0.011783196829640019,-0.0001720102269686663,-0.4329175621729942,0.30210025971707916,0.10626849896886242,1.3583570940437006,0.9085060591899944,0.8987162052621902,0.18293232870207704,-0.6597657785332137,-0.7141303537549132,0.12173632386924933,0.7559714529745247,1.0342
1.8492733388984675,-2.210000000000001,14.902857142857142,-1.0367727272727283,0.00289525437331406,0.06718530812779022,-0.0038392576450227978,0.015257041873192989,-0.023960666010538034,-4.257492825563339,0.6879960116302775,0.17229257079485455,-1.3410117884205297,-1.7271676053128693,-0.327121968912008,-1.96924491578059,-0.9152756646508775,0.36870014047960253,-0.8745795201110339,-0.8156940131389682,1.025
1.8878992912084516,3.6300000000000026,14.357727272727272,-1.2495454545454532,0.014846843591811876,0.0261633223390092,0.010437618673908133,0.01915234529222687,0.0019208270126469529,0.8452037411722907,-0.78664912018999,1.4273349204796277,-0.9916085615953782,1.4603343055425344,-1.0819004672738288,1.5556164900833886,1.4975258654138621,-1.0267905352422915,-0.9927907557815219,-0.04798047496471577,1.016
1.905946972389693,4.559999999999995,12.828333333333331,-0.21603896103896147,0.019469995350457125,0.01330896159558037,0.050941416636865355,0.008051270837459157,0.0004853138769398413,2.2387775390638707,-0.8110228743886818,0.2715355435732875,0.8991480773722019,0.7251170063881583,0.5117684572110818,0.7120494448938707,-1.3742220153800528,-0.07984470140966612,-0.13738781156950303,-0.8029420383084005,1.0063
1.6471053297728062,-2.6000000000000014,12.503333333333334,-0.27623376623376394,0.007566765721644941,0.025684179298425036,-0.027632379079214786,0.010368790295963493,-0.0020619705832789492,-0.21568414389349566,-0.9958677397799097,-0.20544589514583358,-1.0680647269663952,-1.5243920176267016,0.7984138018950585,-0.2361334975318457,-0.16116164187164791,-0.977053806834624,-1.3183601485377217,0.33399042219514136,1.0021
1.7633284308684114,-4.919999999999995,11.524347826086956,0.08083003952569179,0.008018499976573779,0.0061257175813516085,0.018638573276211545,0.0016687659075991235,-0.03954224965009523,0.17143630943322213,0.9465931224165598,0.8543997938908857,0.9851388739170577,0.4061566724210577,-1.007391165956873,-1.0759425943260805,0.17096863201657536,-1.0600027880802674,-0.4561239769218509,0.9594976468799628,1.0033
1.9111989460693182,-10.04,10.858095238095238,0.610165631469977,0.007946581907431138,-0.006049017127185863,-0.010268171796758097,0.02269561441876533,-0.010253438837890982,-1.3267286221670271,0.14459996811930165,0.1541321607434315,-0.9906664684537165,-0.11055305207676693,-0.10870034333920789,-0.060426423495097296,-1.073209304389041,0.3365348306911871,-0.3481770397888842,-1.0092185749250744,1.0104
1.8742664305519372,1.0999999999999943,11.146363636363636,-0.4400865800865823,0.005467966205721098,0.00726711941045366,-0.02166358625142273,0.0038112581249194477,-0.009534022033717449,-1.6401852783800444,0.9315432694580003,-0.5924002029390517,0.5236947223711464,-0.0218946877194523,0.19900397341468318,0.5713709537903353,0.19741685163954942,-0.026304136934859126,-0.43250890059420694,0.009706472555195182,1.0119
1.8764261977421572,0.8100000000000023,11.14090909090909,-0.24545454545454248,-0.0006481999745009404,0.0028258188521501637,-0.0002791188576232173,-0.0020518507319522428,-0.01605522052186359,-2.5107139122694933,0.15397424874315735,1.0571302600511936,1.6993023391761963,1.2749521921940212,0.9903514774289766,0.4148960636048873,-0.6032616216686364,0.16897138167037368,0.5770779274608243,-0.701166592498294,1.0109000000000001
1.8087650339902521,-4.159999999999997,11.425,0.23220779220779164,0.014382649442657325,-0.01247933624034303,-0.01682173424226363,0.010757678149765582,-0.00790740121068545,2.167408206818063,-2.8355342613044514,-1.1054730293193233,-1.6918613450519104,-0.035009515289975375,-0.227377273448453,-0.47313889334253967,-1.259446809794454,-0.15521238200452414,0.31936673104803937,-0.7961623006925754,1.0031
1.9491472243901335,-6.260000000000005,11.066521739130437,-0.22291925465838425,0.018908764442011616,0.04815737714577395,0.004351328179643232,-0.027250844919205264,0.009078672454140957,-4.661983032107053,0.3990484516752847,1.358205430481414,0.09158697194402678,0.5353264288050907,-0.32698293548023877,-0.5808227024284326,1.5166239197275153,-0.6679652675840936,-0.7470350871829482,0.4980493921695149,1.0019
1.94730570697314,-7.309999999999999,11.017333333333331,-0.40517598343685357,0.02786623501569707,-0.05814690767260089,0.04226378928719754,0.04106757135018313,0.012052123354285627,0.6584751521675933,0.4168990619736791,1.7922189485898001,-0.45828386460749354,0.6609557427288406,-1.133413618227749,-0.46334675766557437,-0.04477555199678804,-0.005006143069726057,-1.281142627017432,-0.6075303946008651,1.0065
2.0270321909032916,1.4800000000000004,10.8425,-0.39285714285714235,-0.009873908982067192,-0.03691776071265629,0.014175863060577498,-0.011355516816070832,0.01711154918846347,-0.9448578927975322,1.1114829312931038,-0.5073427540281922,-0.621719383947249,1.5511035107293318,-1.0727266407752325,-0.2388896511395421,-0.01707275918057354,-1.001470267567654,-0.9161138135430816,-0.3193132878021835,1.0058
2.013107529943497,6.030000000000001,10.94047619047619,0.18672877846790747,0.009234577248300013,0.09519450973132138,0.0016202141639851675,-0.007845917466784869,0.003026215116273434,3.326883291575459,-0.44771622043683634,-0.9505122845568807,-1.0057036366739116,1.3800249991960216,-0.49576273119507297,2.070521863673674,-1.199567747139293,0.2631128661213662,-0.9905188212713124,0.062445265349277364,1.0049
2.0623019247635987,3.3699999999999974,10.732857142857142,-0.11720496894409926,0.018735436043725073,-0.012593136690632889,-0.017160854328448494,0.022567939440488516,0.0011292547545131981,-0.9796715530364396,-0.11833505990063058,0.07202186130910254,1.8693130175265218,0.21669410619891444,1.0394404030231035,-1.6129642862331002,-1.1735507528565672,-0.24362106122293392,0.17408371008590254,1.3319089559073982,1.0122
1.2237598327404335,5.160000000000004,11.06315789473684,0.1510389610389602,-0.0015947429245635192,0.016243881715260144,0.0027214112505671295,-0.008803596817053005,0.007252570486640408,-0.42703421463265845,-1.9931247351880914,0.11466378406774415,-2.404122633759177,0.8436268548315843,-0.5131550659532838,-0.3696487903118274,0.5663519245539521,0.2342685659688987,-0.48657455464086036,0.6127410783336434,1.0034
1.0778310817854484,1.509999999999998,10.639047619047618,-0.19590909090909037,0.017601915003419677,0.04068123742082008,0.029955026820957187,0.009808513840372513,-0.004662063074219347,-2.37906574186475,2.2025394087830112,-0.7974155491406808,1.6193031839807341,0.5029065056145887,0.714189500499615,-0.15366287260515174,-1.3441457748556882,0.23459763975875056,-1.1433275262277167,0.3399979125621333,1.0049
1.9166431089045701,-3.299999999999997,10.37904761904762,-0.3408441558441542,0.0029533268394494883,0.01343664054613214,-0.009996786531704771,-0.002776725366867794,0.00019345218645305806,0.36688578235486874,-2.4469815791923555,-0.11397974037813112,-2.253288200585987,1.1824254073695004,-0.47229048948911445,-0.20705488243207643,0.35206321162299453,-0.009228826820625253,-0.5287274058027301,0.47952883024286785,1.0059
2.0354069065064415,0.8900000000000006,10.339565217391304,-0.17447204968944163,0.012746841138024934,0.005793341486105774,0.03249385734252286,0.0012038780867129617,-0.0061290327191620975,-0.5523314874191311,3.155104798472087,-1.0205769153423059,4.5308245820358,0.8928404824399944,-0.33680873920239596,0.6210193829519199,-1.3096594529010475,-0.33427782147420615,-0.30437412263156477,0.5528952607988865,1.0031
1.9908505183841139,0.7299999999999969,10.238636363636363,-0.015592885375493637,0.010132735441860774,-0.00878564760256495,-0.016148774676594257,0.0047154891440435165,-0.00404160881114457,-0.25051800231217014,-0.12863433781901074,-0.16793981620946452,-0.20624039022415233,1.0139553474476253,-0.833988402505065,-0.24840404723473603,-1.0084025762029745,0.16029811542301167,1.1225166232753554,0.47811539843625456,1.0005
1.9826984745004603,2.950000000000003,10.323333333333332,-0.10564935064935099,0.011233075152857097,-0.0006917960475618656,0.002364555923801248,-0.0036729187467869906,0.0032529498221123276,-1.1290205747011095,-1.9705230647726169,1.7976390342152693,-0.5326135393455373,-0.1328863301177464,0.3616574325368527,-1.007691577760015,0.2601355658880681,-0.9542925372861369,0.1444856043653131,0.001370823391022807,1.0047
2.0390464510247788,-4.790000000000006,10.017142857142856,-0.3648051948051947,0.002641032439557378,0.042455773406569364,-0.00546685653760548,0.0008323220437667089,-0.011388318683017928,1.6104643158993979,-0.7115272024078022,2.023329078007905,-0.6310194759585535,0.1809388830820355,0.4126659960491196,2.2279663172882804,-0.2170272348993479,0.5237422586521734,-0.5407898168663485,1.2578039086198793,1.0037
2.103578129098786,8.580000000000005,10.160454545454543,-0.01681818181818251,0.004886110042358283,-0.03238190381036077,0.02599147322613149,0.0108549652399752,0.013257738841687683,1.0415926771831985,2.159263888887738,-1.7506238008838277,0.3584195035756591,0.230048081987064,-3.4295104791677056,-0.49424628025611167,0.03864990925293305,0.5500363783572897,0.2519327398273165,-0.3556393153978259,1.011
2.1100851651979418,1.269999999999996,10.114117647058825,0.4422727272727265,0.0001906407845080338,-0.09835868385533075,-0.06991128651534773,0.017269958127446472,-0.004152611532694195,-3.147590334236474,0.4830981547219356,-0.632447840566038,0.25631999720956267,0.25622345551772907,0.38509308486169025,0.1416839083665953,-0.029464992376114316,-1.7336750118241453,0.2797959906672232,-0.4823444465391956,1.0036
2.145753393253522,0.28999999999999915,10.14111111111111,-0.02836363636363437,0.02642417962774246,-0.09834951820041127,-0.008610287131585181,0.010402700105235141,-0.006391449275913175,1.7856514010815727,-2.9912060023387697,1.0239844708405894,-1.4123096412873912,-0.31909402888421207,-0.683465798084885,0.060468103183165076,-0.0490384076848954,0.9028786656499173,-0.4502356316921286,-0.19784723756019107,1.0025
2.127224881237917,-3.279999999999994,9.897727272727272,-0.5245217391304351,0.01149449660172941,-0.38009846645155854,0.03591290583708329,0.009577839486976103,-0.009075934125633012,-0.2741622374866257,-1.213202128516345,0.08327235700032296,0.5454798878022599,-0.04991181509721538,1.088418101183695,-0.33532112398462116,-0.8006256116200965,-1.031742967803052,0.5851467856268102,0.3275012112650264,1.0043
2.598779864909165,0.7199999999999989,9.5765,-0.20297826086956583,0.003125746103114224,-0.04001703119508271,0.00994381289097035,-0.004033700606100865,-0.012155663890514035,-0.5007264285813845,-0.9068990114063156,-0.003824749028587449,-1.2890883096850105,-0.8292968038415319,-0.5615287451872576,0.9160079102663774,0.04080551456673816,0.8328110601744894,-0.6168313978720746,0.7355934789583431,1.005
1.345216654695231,-1.980000000000004,9.1345,-0.16050000000000075,0.0007586176635996367,-0.01668140356045633,-0.017872815011706678,0.0026207908314646033,0.03182330214348461,-0.8235127123140803,-0.3575119243614603,-1.850991632205232,1.2309050877314958,0.7256468804291908,-0.9432075779217872,-0.3221536492716157,-0.3024511381013188,-0.455734131588285,-0.26473739802728774,-0.09862084073435186,0.9995999999999999
2.117126757646917,-3.960000000000001,9.10904761904762,-0.07681818181818123,0.013482461739604545,-0.030835097542349033,0.012183972933428322,0.011085343127845704,-0.01094596840943396,-0.5882698749949258,-0.24257918210994212,3.3312444339364675,-1.9862056304589588,0.12251421963172962,-0.4414037596125747,0.3159174327925938,-0.3540805052401733,0.25501585834746504,0.2968725831333568,0.35772670573130594,0.9995999999999999
2.084879461170765,2.1099999999999994,8.947619047619048,-0.21556277056277118,0.006594654935266675,-0.015197182471469617,0.053974422352014884,0.006183567890456487,0.012142682175213082,-0.7109427258956643,-1.2605447678769657,-0.8439785137356245,2.131064289708815,-0.041434995819743116,0.28621693091891887,-0.3256829317954424,-1.6305248066344669,0.31549137415815753,0.20044256163296686,-1.0794616166833018,1.0027
2.0906806659906554,3.220000000000006,8.536521739130436,-0.19761904761904692,0.00032958837477181646,-0.03598126219928055,-0.003319065310803282,-0.013982159455359522,-0.006171853949714645,-1.6844547806360253,0.12633225528702605,-0.4812264368044258,-1.3543743578644252,0.009555680469500125,-2.1706055519167466,1.1416965111734378,0.8566446240657576,-0.7557401260484682,-0.6143818370905542,0.6786634226632527,1.004
2.1338815591655544,4.449999999999996,8.373809523809523,-0.09571428571428608,0.005366865342210758,-0.0509648370116178,0.06085669290394158,-0.005594714449653537,-0.0010356633884320843,1.8324538964874304,-2.351006880384384,0.756484670349177,0.7386368250453129,-0.2584536069967168,0.1866255749859001,-0.2594779623980082,-0.6440240611633817,-0.26954652152256187,-0.39608545198253325,-0.04509338641467566,1.0027
2.15160021931014,1.3599999999999994,8.043181818181818,-0.2865584415584408,0.012095474709216347,-0.008463473340631467,-0.022064080569355937,-0.0026698307328025805,0.006113115286209947,-2.60973242856696,-0.6017433401110893,-1.8420761331175377,-0.7032012220863126,-0.4616368874751872,-0.6351557921526791,1.543092728758513,-0.6091979858866438,0.7350426150718173,-0.11487267960562768,0.6405412657307828,1.0023
2.0769793628610858,5.200000000000003,8.014285714285714,-0.5049999999999999,0.012409024695218207,-0.05575013940162599,0.033007146870895454,-0.0045723592981552486,-0.006084849229610612,-0.6188653062114502,0.1392308514705239,2.3777422087622946,-0.41656498787281554,0.6260987118894034,-0.1500745180871787,-0.7005921717315697,0.1316509950917326,-1.4030099484680567,-0.10619290559733768,-0.6021022958457565,1.0012
2.117784671583755,1.6600000000000037,7.729523809523809,-0.08177489177489239,0.006272925255334627,-0.004666115350227429,-0.02313707830352385,0.009083127736072782,-0.029424526943348184,1.2567855248136273,-1.1070904076716719,0.2398845330113697,1.3337236600016595,0.2544935580494349,-0.26131764132351387,0.3315373249127574,-0.8515470830171599,-0.060820816434255576,0.010810806087048106,-0.2816882085171496,1.0009000000000001
2.0958975043929517,4.709999999999994,7.087647058823529,-0.38051759834368415,0.01216349667868144,0.08622197894534267,0.05907152335086607,-0.000496690051033255,-0.010482135017978678,-0.3243495442841573,-0.8619399503155663,0.5430906470378744,-0.7899351134290887,-0.6979057768687589,-2.002961567302106,0.8984408025019367,-0.7561648583489485,0.9112056555052555,0.7483373149624234,0.4819300200634762,0.9983
2.133959660485713,-3.760000000000005,7.145263157894736,0.3475652173913035,0.010406736981657616,0.07961950663002781,0.06877916134761008,0.014517194633953068,-0.011456173936586822,1.031452533284679,-0.24078722746924414,1.1432963277920836,1.0720276615748308,0.15457855910296864,0.16415787608316088,0.6535236300783914,-0.5781502578810768,-1.1312344639606764,-0.3159401637572402,0.4254880154071713,1.0012
2.912389276616507,0.7000000000000028,7.1465000000000005,0.023363636363636253,0.006869723055752175,0.09898207600499731,-0.049090839750626,-0.00934597018214589,-0.015002947098240682,-1.4631963148363591,0.20484155585171585,0.044563241982006466,-0.16146468766100366,-0.8323885761215258,-0.5165095801925553,0.33931556161733306,-0.6346736075785913,0.2403855220706679,-1.4721693936611209,-1.0124286877433977,1.0005
4.2080615730662565,6.090000000000003,7.002857142857143,0.22768398268398293,0.010881796328222393,0.003096918624150291,0.007647826784289435,0.046479053999370024,-0.013364067819948033,-0.1325616306914878,0.02649499761511632,0.06254874939173509,0.27588247550983125,0.2622830528027682,-0.18352470218467645,-0.18734775014971208,-0.905899821261457,-0.8379569173709812,0.3804115147315423,-0.3930479076181579,1.0012
2.176894150433102,4.8700000000000045,6.9455,0.09095238095238045,0.016415366199364456,-0.010308112749170206,-0.015562881760763148,-0.004820198556330979,-0.11092271644963425,0.9579466712309441,0.6713879753064693,0.8493599318822519,0.9211333913708114,-0.16670318577774654,-0.11758574795588722,-0.30044301992106065,-0.19681393863282687,-0.039358784760078466,0.5504074978927622,-0.19684968094817137,1.0008
2.0823526429253563,-2.5700000000000074,7.0215000000000005,0.4666666666666677,0.0015665568320812895,0.12540085126953038,-0.04517630868164879,0.0028080104734584665,0.02214283670022077,-0.7744759016991518,0.029493503485023616,-1.607869192967784,-0.06334682497835972,-0.5795411724727496,-0.4071580352350177,0.6319752949534666,0.025255418913769423,-0.44219809158513335,-0.3623342212525296,0.05364461878556858,0.9994
2.115536499186338,-0.1599999999999966,7.089545454545455,0.211515151515151,0.01395032454454892,-0.045830727597476084,0.026645808813807292,-0.004642498820537355,-0.03656901251300759,-0.001335808543601683,-0.6829999172886151,0.37929310755725804,0.2605996810101577,0.00501701927561323,-0.6101185088433602,-0.3127563782844928,0.031176669548505374,-0.10081214441632846,0.28308552265266423,-0.18313191944718016,1.0014
2.0876341511201573,-1.7199999999999989,7.027826086956521,-0.03557312252964451,0.005140666183573117,-0.037046072312122647,-0.01234357893109106,-0.00942900990105855,-0.010204403630083902,1.0855914614080293,-1.2401343635250812,1.726616873734615,-0.17284148441120026,-0.038805263436655836,0.668871415948382,0.249409032842799,0.08485807505894422,0.14264050209416176,-0.16599241182506896,-0.4452557513125009,1.002
2.1098573822149396,6.359999999999999,7.148999999999999,0.1763913043478258,0.012373531766144197,-0.0707854001623911,-0.000749942607267684,0.0028130965418107223,-0.015318228537880785,-0.9207791645096189,1.4084256598876992,0.7783796528738752,-0.6122451702469095,0.280235999668918,-0.3362214181726111,1.078738296145153,0.8037495919304242,-0.6384071468199233,-0.30537903364091123,-0.8099012727958114,1.0025
2.059066043475296,2.1400000000000006,7.267391304347826,0.05578260869565277,0.00010908634947881524,-0.03183644278129805,0.0175315350491978,-0.006856654920170513,-0.014911630073374482,1.8115268811015017,1.5625222490572637,-1.6513477683151185,0.4403744582814729,-0.5052838490271571,-0.6839735703294465,0.8110845188857154,1.400082702770646,0.6329697393990438,0.024091966173642912,-0.14695203579876895,1.002
2.0626539894165163,-16.28,7.250952380952381,-0.18250988142292535,0.009778737227181367,-0.020700364907854762,-0.006348684261412885,0.002283523766468676,-0.012978527014327668,1.2529599181667561,1.8919776142188243,1.5361313686975429,1.569509852478928,-0.29851914360356685,-0.4261777611572941,-1.8200386807377018,0.38967315409683156,0.6106732291090071,0.7112083336691536,0.4830157360957241,1.0055
2.071871179777509,-7.390000000000001,7.492380952380953,0.032012987012987715,0.006165125897247492,0.015476730213283219,0.03348606563503509,-0.002971074029357368,0.008595877819129072,-2.1482692698888233,-2.364421546680227,-1.2754708910328498,-1.598726931008305,0.8593766851431981,0.37386116341552994,1.5431227137662622,0.4105756415401993,-0.16227514660697365,0.08670843266551737,-0.43272064090286344,1.0056
2.0863996981647075,2.049999999999997,7.645294117647059,-0.15732919254658473,0.005797533734234861,0.00797507385606444,0.018595809885493253,0.00844302184172463,-0.027122114378649087,-1.0949996880172883,-0.7696602093719823,0.8931043948997406,0.274335485527466,0.2806689197365048,0.5204860333505679,-0.2749596989343226,-0.8572242813409376,-0.19340875168459656,-0.02192102741731196,-0.7478587632439686,1.0047
2.0335942420911284,4.550000000000004,7.5905,0.09804347826086968,0.000587367316937204,-0.02103780997636484,-0.022139464648953222,-0.0020235606770313552,-0.009098060516109285,-2.4454995172455773,0.8377716427104744,0.2846230461871135,-0.43708867413625346,-0.012174970210245176,-0.18423502988789986,-0.7441604819921761,-0.32886862811617545,-0.8941289232396948,-0.16923580316684167,-0.3548991505281605,1.0086
2.1997449718975597,2.1799999999999997,7.676,-0.24452380952380892,0.006807075822004904,0.07204445965145645,0.06348267001206764,-0.02025894531227479,-0.007440890169910119,0.13374734386739828,0.9133187089338598,1.0305962473332149,0.4040229717075099,0.2835920692025552,-0.3250967194523959,-0.18395497643123526,-0.5721300518432257,-0.2540558151448521,0.18637178639601343,0.1034832187836125,1.0054
2.0666266522651293,5.090000000000003,7.745454545454546,-0.19502164502164554,0.003325530009050226,0.0039620239730489,-0.007231439765680747,0.1255226771998359,0.003127342761167995,1.1790662986966527,-1.5059974543726558,-0.4638923605760976,0.42667288694852684,0.15750376670572952,-0.2537680780175024,0.15665829316724128,-0.3591900444016531,-0.6783758840364082,-0.8602122762333307,-0.9595052010439188,1.0054
2.0820894548372646,0.0899999999999892,7.7155555555555555,-0.23284584980237089,0.003318076499784439,-0.053252094245900494,0.012220611659653713,-0.006175242567305617,0.023439537201355165,-1.0212062056915396,-0.32558102331848904,0.8819349550674697,-1.0431480314716206,0.35370531227476365,-0.5407855160435348,0.8713491713864923,-0.37135934105930457,0.10012742486088054,0.17570358747824344,0.7940923917178191,1.0056
2.054016543979624,-7.099999999999994,7.576842105263158,-0.09160869565217489,0.009089022761589405,-0.2938762902297505,0.05631986818710466,-0.011957318908127235,-0.047157960363353624,2.7426745134477826,-2.1647122767064753,-0.41711905130840715,1.1182268972755305,0.09018883414379922,-0.09889471580628707,0.13218571988350405,-0.1427470287073343,-0.11060542397337499,-0.5631441814635743,-0.2660177126905008,1.0018
2.0549995222391284,-0.29999999999999716,7.320434782608696,-0.22534782608695636,0.007633892775979589,0.06619849580551929,-0.01268699639088311,-0.037759360972692946,0.00202698971982862,-2.0992811537631315,0.40929666274639714,-1.143730207451673,-0.5645717723383,-0.007290577201915984,-0.12786475833942038,0.5608603959248387,0.4044585110930722,-0.5499890995646478,0.0307013493951108,0.33843489204641286,1.0008
1.9771776460027812,-4.880000000000003,7.132272727272727,-0.5092885375494065,0.010358132778941709,0.06690749762399051,-0.006974593443192845,-0.02056729368958443,-0.011256254778336583,-1.2596719555398765,1.7074882424103215,0.3639306539306988,-0.003306212993147081,0.40334433033282147,-1.38306431475211,-0.024215778163345678,-0.11116015926560577,-0.2847357828910187,-0.175913872517477,-0.20495586221925835,1.0023
2.0209088754249236,3.789999999999999,6.855714285714286,-0.2635064935064939,0.005322967820401203,0.20290585713249953,-0.008133897064245943,0.0019878983608201395,0.009052975562468646,-0.27282716575622956,-1.2512277670470073,-0.09645428273669265,-0.3075589905960201,-0.9652451570539032,0.3507211660975327,-0.030828265869353208,-1.3253856113289393,0.03422334298993075,-0.07249178669859103,-0.05081661245669266,1.0029000000000001
2.0136869818193706,-3.1199999999999974,6.789999999999999,-0.31720496894409944,0.015303499325145964,0.025364874806097504,0.003663212709707153,-0.0036023763224228844,-0.04529015946464021,2.0019779744568322,-0.09892348259584544,2.4675773047546032,1.8288014194289175,1.0493513094751572,-0.5080951309295754,-1.4306454610596213,-0.21337024938525695,-0.5802328848974369,0.03460831360064227,-0.34200058082690443,1.0047
1.9272046293167966,3.5,6.457000000000001,-0.12612836438923392,0.0042620165386964,0.02251085207440795,0.028868178556672675,-0.028716730544136482,-0.0035444015257617423,-3.6406447343009996,0.1020814193316511,-2.7745693057527228,-1.3011070055624234,0.13559859738718472,-0.24037884078507213,1.6638223992759067,0.24139151650437232,-0.23442652778266562,-0.08379030284913633,0.05939818816370476,1.0037
1.950850206282695,4.100000000000001,6.151363636363637,0.5413852813852813,0.019080771212411918,-0.013760261954441688,0.0017467176170935517,-0.01488012495011759,0.02491594411142728,4.093695818322394,-0.06722074678826902,0.9319203031536304,1.4283273698839862,-0.2943334655656483,0.24191845095968148,-0.543735684748006,1.2775668208768973,0.3256459826965475,0.22567565127439107,0.42778728271321126,0.9997
1.7749135627852626,-3.6600000000000037,6.038823529411765,-0.0648221343873514,0.010198615565412794,-0.005439253989559134,-0.005356893399444118,0.040328203426533094,0.0019221489944722947,3.5699216150117783,0.18462467603905056,-1.2274535948465874,0.9886431824892682,-1.1912845922570363,-0.5350274883915015,-0.3705192293892315,0.8542725061495271,-1.3321835849267911,-0.5323594994962013,0.9552237479067645,1.0019
1.5993248979246895,-7.990000000000002,5.938421052631579,-0.8150869565217391,0.009928390627335304,0.03163987508870214,-0.004477203555563136,0.0026205014180469277,-0.010871972459140622,0.7917247143513074,-2.429755299009577,-3.3952355880876963,0.5437832561013789,-1.2468224718202745,0.46290816312173977,-0.014548164571684037,-1.222566788328487,2.1774337455841626,0.15230793623814906,0.5067824726431357,1.005
1.8866009176668281,-23.65,5.79421052631579,-0.6341818181818182,0.010042015105561575,-0.06763904265051046,-0.05016553238395005,0.03330708085003664,-0.0010524457992211467,0.16512520150579402,-0.42385298382238673,-0.3199222785103908,-1.2974448749881864,-1.135617771689672,0.5318287905559184,0.06848140909800898,-0.31361305644268606,0.6680143979718649,1.1293286752082212,1.9419103594358407,1.0055
1.88559236154715,-13.629999999999999,5.994736842105263,-0.14363636363636356,0.02563837916516576,0.014466151049330023,0.06712614891989155,-0.29981972694389647,-0.011394832902221097,-2.131395411718685,2.032133344263872,1.6556930050035281,-0.4763507386784595,-0.019228839063493916,-0.2573012688475106,-0.3354801307014127,-0.07713525673314356,1.0616699135963923,1.0004295053042522,0.6465755483666384,1.004
1.9338965940897983,11.0,5.468823529411765,-0.013658008658008924,0.008501370802598274,0.05230187598410829,0.025178397664550545,0.05256096509710595,0.0010616112289874025,0.7460590700099086,-0.6564719854967603,0.06083311011572772,0.08251388429663936,-0.5687359179361645,0.5403989554229194,-0.30230383168352293,0.32425552378451483,-0.8819131325894726,-0.053133620708546464,-0.9593926663331593,1.0025
1.848129337279286,10.890000000000004,4.994,-0.009069264069264449,0.006449892794419654,0.11819678890432073,0.022019279492228705,0.04534488416865656,0.005334944644435069,-0.4464522658265044,1.6191829571927674,1.6014986803193973,0.5308559846756952,-0.29776786062724936,-0.8562973165674415,-0.3337130195424647,-0.410052142516024,0.26006970130839047,0.7974483611439789,0.06461180397905003,1.0039
1.8943245939193887,2.969999999999999,4.2290909090909095,0.0830237154150204,0.016076791993771877,-0.04625639132645887,-0.08105194532833515,0.1187696612512994,-0.01650597853541491,0.6610906128455946,0.05956516297255957,-0.8280734106679344,-0.21224341223240872,-1.4626375762855566,0.40084599966553414,-0.019595487801519876,0.10109548445380477,-0.492099413810225,0.23780031696819756,-0.056781476109812656,1.0012999999999999
1.8181862463551806,1.5,4.155238095238095,0.061759834368529276,0.013799104770964021,-0.012083707957501133,0.06405994743046506,0.05452623195397166,-0.01816230951240705,2.5236995133333306,-0.33114194750970855,0.6236844537072384,0.165589404329065,-1.0262267151931181,0.5703863204645139,-0.32242132141520574,0.649896020644474,0.18836292772113447,0.3824689927908762,0.36003822377907535,1.0028
1.8397103831932013,-3.8300000000000054,4.165,0.012943722943723479,0.01063591301021738,-0.04806645838540824,-0.0035579808095658194,0.017930361797031225,-0.05994098640649881,0.010170991586775188,1.580641675943615,-0.5786230947084694,0.0025197084381552376,-1.3598747962107491,0.5160423404489073,0.07840374981166613,0.35978314608759027,0.6461543012591029,0.15459328751617277,-0.5274446506227668,1.0041
1.8622824068205008,-0.7199999999999989,4.174090909090909,-0.08454545454545492,0.012265445897288174,-0.0076665760741025935,0.031163473687055188,0.05004219443099345,0.007969311748688312,-0.0577331673375195,-0.6766242102243163,-0.3674091286708578,0.43185458099433394,-0.1143828938609169,0.6074632197375974,0.9245477879601257,2.235698850975608,-0.73807349791984,1.4651785006220326,-0.31065276590221447,1.002
1.7948978107326548,2.5,4.061999999999999,0.3049350649350657,0.009634127763657574,0.056323281906434985,-0.04092950298831255,0.009233524674982618,-0.00782462775987014,2.025599487303337,-2.074305739833438,0.8248721426043828,1.3127763173139446,-1.259614109885211,-0.5182809781771571,0.7472448495965107,0.5093348081440112,0.3444374091697239,2.016809302841795,-0.7627194556277801,1.0037
1.624843966037477,7.300000000000004,4.171304347826087,0.45490683229813644,-0.0017684204230263845,-0.024577403943128573,0.042422945960495895,0.112291148176066,-0.1137376686094651,-4.62785708356955,1.7544863605019498,-1.3043113325507254,0.8830323952600322,-1.2814683404354914,0.28838561477939595,-0.2964150219052213,1.415325639587278,1.8258227889220715,0.7914672495539912,-0.6528228250256777,1.0031
1.456035596312056,4.780000000000001,4.306,0.2579503105590062,-0.002174962783414003,0.007963504613977435,-0.03413337574069075,-0.12191940964262216,0.008531892172161548,-0.25350302402864916,-0.14783205666054386,0.8115258929000828,-0.15522983287054717,-1.5020570628084786,1.9560561719656997,0.26447545065724454,0.9490369194639173,0.7873758711127065,-0.16539863562337834,-0.0676559840933012,1.005
1.863931330624468,7.509999999999998,4.057894736842105,0.3360714285714286,0.012483813572831792,0.031569790573081846,0.005606215278957549,0.018055684578975217,-0.0022641188188767813,-0.4519953549175045,4.440460709871463,2.1060532481140224,-1.6474076731850198,0.7713121678871366,-2.558781102409978,0.1172639245953825,0.71393989568945,0.53535960753357,0.4973832063597184,-0.947504949326547,1.0067
1.8450685504207063,3.1299999999999955,4.222272727272728,0.5525000000000002,0.005966523084884656,-0.005097100869907223,0.021361328087555975,0.03335524191733086,-0.005097483021527793,1.3555566241433163,-1.6336345504907301,-0.2006244623062798,0.30921269432632026,-1.4534170223037002,0.3061116274627471,0.506283107090874,0.2796001613823955,-1.4097713456509802,0.019151181665099264,-1.8081883122076963,1.0134999999999998
1.7792416393425807,-0.5999999999999943,4.514545454545455,0.3504545454545447,0.007900921408694472,0.006685849279049805,-0.00042266961151860016,0.07311796514134272,-0.010317315340392597,1.8984703032840062,0.8516064070081673,-0.432812449656957,0.6430519088360896,-0.6630109509990316,0.7844753970228501,1.320324353810479,-0.01674626075448298,-0.9773129434028412,0.3431029435933405,-0.29094699240967675,1.0088
1.777146011741659,3.719999999999999,4.791052631578947,0.07097402597402613,0.02032384371331375,0.0052615807211697785,0.016087196792458514,-0.004851413626521861,-0.012505265694590761,-0.7495289062963507,0.8638108128394173,-1.4324609191517241,0.9105213345118595,-1.021186816064773,-1.7572346366540263,0.8446608099571083,0.7847643655089714,-0.5391853845022142,1.272404532495179,-0.0698671909614262,1.0056
1.7314433322982263,4.6299999999999955,5.1033333333333335,0.3540259740259746,0.001903494434857933,0.03241871088289017,-0.04398353582974046,-0.017772073767066132,-0.023129017259460483,-1.5499466337622647,0.13829168924765842,-0.9925576866282149,-1.841903960342562,1.47735150668393,2.1740675386971,-0.7851863744522422,0.5899882272332762,0.2652499945799772,-0.4174099613149254,-0.5834686195852453,1.0051999999999999
1.7511075705789911,2.010000000000005,5.759545454545454,0.6559090909090903,0.003596212718186109,-0.01319755022093716,0.07937514942905821,0.007208604554243436,-0.030817994752984745,3.32878153591042,1.8719072778302601,3.6468859761595986,0.5515337332571632,-0.0730696238889395,-1.0028603660951487,0.3485569421843094,0.0711398787726671,2.868876482094851,-0.06960481203163887,-0.6053677210266141,1.0011
1.6759815213463443,-4.420000000000002,6.297272727272727,0.8072727272727285,0.004891546445794148,0.01738919788845017,-0.03193197018232219,-0.025320832177136765,-0.012390171356718938,-0.026879455798121125,-1.1954394079944812,-1.9716961135486482,1.6336082164358128,0.04346792434393176,0.7999672768233715,1.5205245405524541,1.1509671824968486,-0.2544892157473542,0.5279895762837445,-0.5702551843512744,1.0012
1.7773957123259692,3.739999999999995,6.569090909090909,-0.1404545454545456,0.005880518014899749,-0.06864995007586394,0.04071751241301946,0.01896586000597722,0.0229337568865553,-0.024713037263399584,0.8900081687510223,0.7994991026541141,-1.3209282522217132,-0.21397955157003135,2.091111742045517,-0.14254463580232846,-0.10961699382245943,0.05265311761214465,0.5584988524664555,0.2434892649180011,1.0090999999999999
1.6252237060645742,9.050000000000011,6.809523809523809,1.2318181818181806,0.009698795572946395,0.029105899119201695,-0.016748481858135378,0.0026325142002896484,0.029382226098045194,-0.36300442527490406,1.677938686207015,-0.4624085478792836,-0.3020462988617315,-0.30282148171104284,-0.7374677699158555,-0.18937527742458712,1.7584791523279308,-0.10772867012332038,1.1288477194995559,-0.5719292477968597,1.0064
1.6847059566625113,-2.490000000000009,7.331999999999999,3.3940909090909077,0.01054980317231724,0.0015842254680329404,0.016774816658482905,0.1220541809094513,-0.011414295142410325,2.0798792838370126,-1.2881091328702243,-1.7510075913683774,-0.178503556847207,-1.8447629540072226,0.14044892246794685,-1.5521680876896218,0.6017263757253222,0.156335953359177,-0.08902642917001591,-1.2005999775319212,1.0106
1.7452323497896045,-6.8799999999999955,7.617727272727273,-1.1775691699604707,0.016379400845002223,0.025065768451330683,-0.033175841462893985,0.2523160152747046,0.03933256539028562,5.351865984632139,7.8912073160937855,-0.7873052822446706,-2.945767037212953,-0.3142400189475208,3.4322720827033404,0.4446346230668223,-0.19705701867591202,-0.7094732502555132,-0.055380243495985144,0.41201108158157723,1.0004
1.7758470494796612,12.340000000000003,8.286249999999999,-1.5546169772256775,0.02056202935969864,0.02811765696853996,0.03318713351978886,-0.20240421096550776,0.017498291794888488,1.768643187138934,-0.6838711898219352,-3.284560269142211,-2.0482260770916914,6.397408011622753,-0.4906051217580918,-2.051951869574171,0.4999950114183318,1.1180500429299132,1.175329112993412,-0.4895709289476322,1.01
1.7371474044433626,10.61999999999999,9.565263157894735,-1.383904761904759,0.007949819929642388,-0.0004190240553398894,0.008168760676253939,0.014871899235146202,0.010731222573125976,-2.436748896272117,-3.2938477422233863,1.4863110596406939,1.0126497747160506,2.40694652221597,3.1587790877767223,0.37649016444964933,0.9935142401558239,-0.3945900994517999,0.6505922564528637,0.7191912913524414,1.0090000000000001
1.7596899358770852,20.120000000000005,19.873636363636365,-1.1271304347826083,0.017123575942799008,0.18146101237903345,-0.0003696287177454849,0.12428126943883555,-0.01235303305390012,-2.4712456251927897,0.4883063869900798,1.1822378518893195,1.7996668860531813,2.020449858541522,0.7868994398960288,0.9922248589130005,-0.12658499028185363,2.3473148770928294,-1.2522882171372467,0.1892101093886152,1.058
1.7325273450661105,-12.670000000000002,17.08047619047619,-0.13086956521739168,-0.0062672221842579035,-0.03635069039169281,-0.008700232758179993,0.010355393255615297,-0.03010921399147648,-1.3503126948818684,-3.627125401086663,0.01437865191539212,1.582520923664652,-2.0102606673924153,-0.949860966175584,-1.1063641189703073,2.116598533279537,0.5197181834679812,-0.671867726811708,0.482910078644766,1.0406
1.6879617996103597,8.760000000000005,13.253333333333334,0.4040909090909093,0.0256058422081189,0.04606349051736203,0.002689115154081989,0.02121457354217071,0.041781770644348626,0.08874782473081909,-1.786672418889795,1.2414805814739132,-1.0632402003198327,-1.2431733945083259,0.9197176099562446,-0.3400083495220556,-0.7603268071951499,0.9553817478576249,-0.5286712482936187,0.3256810007633266,1.0148000000000001
1.7003191313020356,9.36999999999999,9.634761904761904,-0.1186363636363641,0.028309490323929154,0.045047015524405154,0.015421747507939898,0.005675501464935451,0.031851490483505884,0.02931404076178458,-0.4105546942626846,-1.2139658838704876,0.27404961722209653,-0.2360122751616043,0.04767835508428405,1.7115714235301518,-0.9096784505161972,0.47324405101145967,0.9350080204464033,0.4495464766418879,1.0016
1.6161258868230906,-10.779999999999987,8.9,-0.344025974025973,0.02319725327370392,0.042650659422694304,0.014427595663319082,-0.03335948940033262,0.07432926751965496,-1.3880432162688912,-0.4365205291006998,0.6917075216902958,0.06652964973824721,-0.3922123995205323,0.6525116321839257,0.5040131439564477,0.31764318161153415,0.11974324362075055,0.4653146958116318,-0.021454606253674072,0.9959
1.707662609164171,-11.480000000000004,7.938695652173913,-0.2388198757763993,0.026362760864754975,-0.011845202399419108,0.03852241496317532,0.10592708870758472,0.040315051033740446,0.1532631049517502,-0.7328607866935679,-0.9454274715222425,-1.1178367870011112,-1.8212576757663705,-0.63300806475736,-0.909317476683855,0.22041031172393022,-0.014233441645108464,0.5570505887464553,0.7799919441883193,1.003
1.6534045805164264,-10.689999999999998,7.678181818181818,0.15466403162055453,0.024081568994791525,0.01273249187145531,-0.011058534359639438,0.007873721489399799,0.01937540147432415,1.2705530748339493,1.281705095159892,-1.3868276449348045,1.3407675297128459,0.06467771503161526,-0.35732619702970675,-0.2889818190959165,-0.09359837118520146,-0.4977694828821671,0.362360904458573,-0.0613194424767981,1.0053
1.7373836548482267,3.569999999999993,7.672380952380952,0.3479653679653678,0.031513796745377576,0.029841696791285344,0.01913360791803065,0.023523934427309712,0.01526789979467047,1.248685230895913,0.4268521467570263,-1.0881434591355301,0.8647232538636787,1.2234046562912542,-0.11835143372133371,-0.44863074639178746,0.3167770449609917,1.3550990374220977,-0.7753359285532464,1.1143854503147685,1.0070000000000001
1.8225123868598445,-1.9099999999999966,7.314285714285714,0.027489177489176342,0.0018966254378209868,0.019206650553652338,0.005981133693989449,-0.046598495050975686,-0.014384992791899975,-2.2680468558744216,0.3166972822540126,1.4737938120561425,-1.481541976486425,-1.0858834592607591,0.4218341439276076,0.4122307178659193,-1.08122499164133,-0.4337162678744648,1.8798143696318432,0.5378210575779776,1.0012
1.5974553467262826,-10.5,7.310454545454546,-0.29136363636363516,0.018790085058125072,0.021953611661226446,0.024637129473818575,-0.19105875293805852,0.02933423513869471,-0.6152851311035632,-3.678628794407437,-0.2965161452505333,1.7191408960167447,0.4850392389756187,0.4306704565501934,-0.339568368075643,1.6563552290788486,1.6595874570443148,-0.6772206735067665,-0.30249565666244166,0.997
1.6384089733904315,1.5799999999999983,6.997647058823529,0.2681818181818185,0.017845027490345444,0.005684390275929374,0.012301138314509075,0.2477011946588341,-0.004390978482428309,-1.3718236143957565,0.22129443091242554,0.9494574136277945,0.6004456024704911,-0.9522847923448248,-0.7649004371694537,-0.8404867950480168,0.5371104165725189,-0.3321114492692733,-0.12470829702500438,1.103150984502925,1.0049
1.6487875819122948,0.09000000000000341,7.113333333333333,0.2259545454545444,0.021292517157386115,0.011059980640995448,0.013591975589680061,0.027819688068397852,0.009832606517093723,2.1080419855403862,0.6744164964826231,-1.9147551622464523,0.02644612757526215,-0.7577605384040031,-1.3543531587484223,-0.863898255444675,-1.2839657446456632,-0.18005486919149535,-1.4851641588420594,0.7214199411358952,1.0012999999999999
1.6922050877833004,-4.159999999999997,7.354090909090909,1.0258043478260879,0.018010724878642748,-0.09051876928377567,0.01896717503704437,-0.06709074851491081,0.028678245800019653,1.1953108994562485,0.172272595319247,-0.919667716543678,-0.9312705155574909,-0.5784405824455702,-0.9578194532314381,-0.9130709920837613,-0.7990633796869823,-1.2404804303198107,0.1473839214414285,1.0387131609661757,1.0028
1.747772257159932,6.209999999999994,7.1594999999999995,1.971195652173913,0.03251149134245779,0.05292276395335804,0.015860931957480062,0.05782612234257911,0.04783238236077558,0.8136592470054522,2.0391630161404386,-0.3599959959897688,-0.7352920006807663,0.07641582696834674,0.22858646467217755,0.867215658755988,-1.0052549421239187,0.05693944259236521,1.346068314857096,-0.34012639081509494,1.0051999999999999
1.75103226636083,-9.170000000000002,7.251,1.4540217391304342,0.0067113867505756986,-0.013675989276334732,0.007450978485017856,0.022072094204954595,-0.006975815441542466,0.5514331850329597,1.3754521454141198,-0.6252371110482156,0.7308772458234417,-0.2676734339509439,0.5097592762942693,0.3346861677968551,0.6368433193491394,0.09538730168415878,0.7182581505692301,-0.12742075040493697,1.0015
1.8534989527549275,-0.6299999999999955,7.331904761904762,-0.010612648221345111,0.013881510825781262,-0.03173941520912216,0.02568762655556789,0.040235968711542114,0.007878111000383825,1.0464989526314772,0.21994255874767435,0.41511111019894104,-0.16625907155818687,-1.044888679248512,0.3950639330982824,-1.5027369264576846,0.7688289041329845,0.16267705230016574,-0.2847771054670469,0.02843984411558645,1.0037
1.7436811514930155,5.269999999999996,7.827142857142857,-0.3525757575757549,0.01571583755193906,0.011961265790096931,-0.008914447515399715,0.044064538732992986,-0.016887939547066466,0.5886223891698747,1.0945184978195213,-3.141355041237181,-0.029154229393409878,0.7828581706313453,1.3505528551833699,-1.0692796647998217,1.416438058399918,-0.059067801099432375,-0.4544139223759028,0.5413983112764078,1.0047
1.8738365201627318,6.040000000000006,10.331304347826087,0.7262318840579702,0.013516878252200826,0.031171667048791818,-0.001994009943910413,-0.03377063269878988,0.0016823676970467716,-0.06302489649801105,1.5371024476323107,0.7084322792984576,-0.9298824732667902,0.4249375715285833,1.6932087888621508,-0.7900946564964912,-0.016401823625629464,0.99475481300417,0.16191347938820322,-0.5839128706441515,1.0031
