unemp,Brent,MIACR,obligates,M2,paid_services,money_income,trade_turnover,debt_firms,PCA_1,PCA_2,PCA_3,PCA_4,PCA_5,PCA_6,PCA_7,PCA_8,PCA_9,PCA_10,inflation
-0.02418506451521285,-1.4200000000000017,7.845000000000001,1.0168809523809523,-0.0003259587786708096,-0.03240451488950136,-0.03586482877047281,0.031364463723729585,-0.037551977759877175,-1.478766572316034,-2.1711437470604924,-1.6450045184737767,-1.0986388314031728,-0.511759296179762,-0.11427572605283538,-0.1020610059895348,0.9041037266097626,-0.6870545351789735,0.5239104853264824,1.0008
0.03040840859093863,0.28000000000000114,7.874545454545455,0.09534632034632029,-0.002032513012180104,-0.0027410728677335072,0.014345089760919194,0.005455892858993394,0.019629254885542124,-2.0806191226610697,-0.6637473598829577,-0.807608215432054,-0.3506868198851971,0.12454497726545932,-0.5072982093656645,-0.0899985441260576,-1.011849936995415,-0.31270232658709585,-0.04835316250733167,1.0041
0.05970059321645693,1.7800000000000011,8.214736842105264,0.45727272727272705,0.0026237747809307876,0.022287395568191926,0.014671505035472876,-0.024169500899697383,0.006084240692613818,-0.5989308871704282,-1.3970751305325728,-0.4962809525486211,-0.32342782312170826,-0.31115486537946896,-0.854720499277104,0.5987061346379987,0.3145023773375291,0.18103939159452576,0.028117866711496707,1.0101
-0.030757110457927395,2.259999999999991,8.233157894736843,-0.07261904761904692,-0.0020366418315127532,-0.022701505976085556,-0.04493507666739127,-0.0025253138037051315,-0.01599508945232664,-0.7526720970122531,-1.8081660163356135,0.8662087849471298,0.288142587521496,-0.6585078464374153,-0.07312087497255841,-0.042814292633238576,0.13278181391022756,0.4005537473487466,0.13716638008261278,1.0068000000000001
0.02826834538595646,-5.030000000000001,8.172173913043478,0.6450103519668744,0.007321568320614702,-0.029853541273944018,0.03529336709853936,0.011404592451690121,0.031065331571692667,-0.7903591041807986,-2.6870158826676565,-0.11320261600389296,0.2892473281068941,0.124810687231558,0.27593498108013714,0.15918404751316628,-0.21858162439848985,0.39556998693215717,0.12358352381534313,1.0051
0.1264578868359636,-5.159999999999997,7.877142857142856,0.06070393374741201,0.005276010915624241,0.03959987726660508,-0.010910984205914076,0.006019437421061369,0.029170118716768556,-1.2501087934801398,-1.559950209739725,0.88297412485113,0.050086066844934087,-0.9836945128770745,-0.10633151901351423,-0.3983711645483789,1.4625348483840797,0.015076996991301331,0.812114624459416,1.0073999999999999
0.018222694233694714,-4.519999999999996,7.949090909090909,0.127359307359308,0.003928017186023425,0.0041998721268630135,-0.02131615269778031,0.00577922512744955,-0.049272503398730905,-0.0494189586171673,-2.1092786863701845,-2.3195351028135263,0.3147683262546994,0.07244354658799743,0.6632164511195141,1.4675593491541359,-1.4002282854281571,1.3939358580180436,-0.7141781230481272,1.008
-0.08002609182163778,-9.659999999999997,8.240434782608697,0.4549802371541478,0.0096289041623141,-0.0031591510468036432,0.04483793148360071,0.031795220399304824,-0.007445370348955649,-0.7175356357589205,-2.136918975497814,-0.2269378434454674,-0.40910084723394086,-0.8688742824908764,-0.1103468257502197,0.4535162645660977,-0.6096224867736796,-0.4632785123244028,-0.901897445383949,1.0123
-0.0023179487565589962,-7.990000000000009,10.211111111111112,1.239065217391305,-0.004538324169656605,-0.022422683070407956,-0.009802843725042365,-0.003226539213869728,0.03891214294596601,-0.6936911077908721,-1.7248001399572368,-0.45115974543827364,0.8059351375363007,-0.930543265465351,-0.41495445227484384,0.6089379972190821,0.1923346866613956,0.5991278481396028,-0.5917627985341805,1.0151999999999999
0.04769338694785796,-17.099999999999994,15.468695652173912,4.337021739130437,0.0021461234194362078,0.017882608029912817,0.02088020150381098,0.04283601602092091,-0.036758643323773654,-3.0402102476307684,-0.01634881562168558,-0.4018028515856187,-1.2031307461435583,-1.2617219119640581,0.12747378517790328,-0.6295827557555311,-0.09359373507478515,-0.5221563530211815,0.36376062342086796,1.0221
0.07112847859031457,-14.580000000000005,16.964666666666666,-0.6292490118577092,-0.002610144601533193,0.00427991313065057,0.024269776663226494,-0.05534852445163274,-0.0013833729528798244,-0.9215879717475495,0.1583683960180729,-2.4061555027686783,-1.5427139834527428,-1.2465616910223782,-0.36034323356163506,-0.2064442616545449,-1.2051501188617382,-0.5861188633306567,0.45913075592009717,1.0247
-0.010783706859025965,10.340000000000003,15.116315789473685,-1.0477727272727275,0.0009388875936657826,-0.01148007716282251,-0.07822963044928244,0.02326308124820997,-0.02268950376441481,-0.4157569488797434,-1.833596756313453,-0.21617124868670243,0.6857089489855004,-1.6336085385776604,-0.8455410508898439,0.051540245677973794,-0.5747786549163434,-0.09852559455429695,0.5226214122539655,1.0119
-0.07330298034860605,-2.210000000000001,14.902857142857142,-1.0367727272727283,0.012026588383534431,0.07848495834247693,0.07248843411170292,-0.015088946633433409,0.01739315575206568,-1.558408005413228,0.6866560721934791,0.41892435843554077,0.6865437576771856,-0.41694721434684395,-0.633220053430887,0.46776304446104644,-1.0074371249180463,0.7956961491449396,-0.212484070198991,1.0101
0.02860002116724547,3.6300000000000026,14.357727272727272,-1.2495454545454532,0.004126116665855051,-0.0042964996180163695,-0.013214361432485333,-0.023533249083065755,-0.0023004198878950888,-1.001580489508809,-0.8199420810757733,-0.5552891408141172,-0.47850053603907317,-1.3427239547093837,0.3332441961782674,-0.631065552797313,-0.10470296401522955,-0.07929705516678559,0.517169121759386,1.0134
0.03758915509603522,4.559999999999995,12.828333333333331,-0.21603896103896147,0.013939182632922709,-0.01616048604213205,-0.003978448246069632,0.05681352497575354,-0.015598293831262211,-2.179201713899385,-1.143307059302656,0.3400418564284648,0.3114065380957312,-0.848534227315477,-0.1310152192820678,0.639720789285006,-0.6221699726722058,0.07505097027847887,-0.5498741127589764,1.0094
-0.003406090720597721,-2.6000000000000014,12.503333333333334,-0.27623376623376394,0.008655788851021029,0.00731412164266132,0.030190229564215798,0.019858535323979964,0.01958424990700003,-1.4554844200502473,-1.6798173295687306,-1.1203610507982102,0.15949555550678074,-0.6909527614230841,-0.4780743741433771,1.2845616254707737,0.5854459820101482,0.07338039714196945,-0.8537113073148838,1.0083
-0.048684697629281404,-4.919999999999995,11.524347826086956,0.08083003952569179,0.0020333962922904902,0.05336493236722717,-0.015183626377869075,-0.006683190375705195,-0.010257161826963568,-1.8917698885898637,0.7071566247123957,-1.082774708896342,0.09142414062139735,-0.367110479964995,-0.5604124036518237,0.5291758456588588,-0.10864035086327434,0.07162506438914577,-0.0030911015301848667,1.008
-0.047483904880908145,-10.04,10.858095238095238,0.610165631469977,0.00912187341689652,-0.05493553503034043,0.017230995114681846,0.007071085712725633,-0.0671957889445487,-0.8586536553660193,-1.4251942242228577,-2.098907526989247,-0.10133938099660186,-0.7676289584441127,0.27195231155523664,0.6674524196653451,-0.4125344467236394,-0.0442488303920208,-0.36365382067251584,1.0081
0.09365275641716875,1.0999999999999943,11.146363636363636,-0.4400865800865823,0.010134134960189556,0.0036358030791632245,0.036808461559367345,0.009938591857359569,0.032478936221734145,-0.5949862751204221,-0.926724516171176,1.4842317071808362,0.6433001322106844,-0.9267761350535675,0.48922455745827814,-0.03984179492321346,-0.37160819294437114,-0.3660915935652815,-0.5657583944617641,1.0095
0.005462808353765114,0.8100000000000023,11.14090909090909,-0.24545454545454248,0.0009325248808114139,-0.0024615062168820145,-0.029661427130196927,-0.015508680637580596,-0.031476012562867695,-0.9332126475694372,0.9881267429049349,-0.4755112224766508,0.4251867392113866,-0.37734947464327007,-0.32008864023246764,0.6476517482000115,-0.8582382202975993,1.3137345527786646,-0.09629724944852956,1.0057
-0.03441760075736533,-4.159999999999997,11.425,0.23220779220779164,0.01992168350749246,0.025785909990911904,-0.02158953840939226,0.03125285330534666,-0.0034894124908149138,-0.20386788388135002,0.5471661086892635,-0.36679105457354105,-0.9605758228062093,-0.4189668224919464,-0.3782521143514017,0.05129936515632658,-0.08560519109864433,-0.13882568815628493,0.2785620779177012,0.9993000000000001
-0.10601766000346102,-6.260000000000005,11.066521739130437,-0.22291925465838425,0.018416215773848776,0.0023264132207909682,0.04091173096900036,-0.014148915751968971,0.0025834592199718287,-0.07033100349940329,0.9060376574020452,1.5252093944854082,0.32620384165304805,-0.5245437373117281,-0.14044748689499936,-0.7547146954876184,-0.043223331931206956,-0.6000077029700341,0.2680017625120659,1.0098
0.11012469695797344,-7.309999999999999,11.017333333333331,-0.40517598343685357,0.01639121895054174,-0.018404114109053182,-0.036882744027604275,0.04211427752453112,-0.010112550097614914,-0.4816250271399738,0.9627205156960765,3.1910126846282236,1.8485207242569994,-0.6676494596524088,-1.5246396122709485,0.4769015493693438,-0.08536591356544682,0.7886760950947211,1.7844617629555077,1.0106
0.1264933212773598,1.4800000000000004,10.8425,-0.39285714285714235,-0.009915826396785121,-0.008787713655427964,0.04160570244695272,0.0002584242546284088,0.04860704769747137,2.090225571585601,0.5361324502958003,-3.5262939352515703,-2.3605738040488577,0.4461028998192252,1.461196813587175,-0.510501628970032,0.020551773686359704,0.6520438957624689,-0.3432029314447994,1.0067
-0.11254392198481056,6.030000000000001,10.94047619047619,0.18672877846790747,0.00864864278932842,0.09809305626259857,-0.011826829811015571,-0.016902682032304384,0.09268807949628233,0.13166593484142772,-1.2115338121190986,1.0138178478677262,-0.21477906508781297,-0.12050555753290587,-0.3426785636702243,-0.113120010577956,0.5239630444916611,0.3837061550726156,-0.6244025738729693,0.9975
0.011493338812235354,3.3699999999999974,10.732857142857142,-0.11720496894409926,0.024538268029328236,0.0052410683444605866,-0.0008104969130808826,0.06201377789661677,-0.0382123348740393,-0.4539035310585878,-0.06137732768065177,-0.012206800084020121,-0.600082554487066,0.38287956278109275,-0.340170522200652,1.217755642619244,0.46262154360905466,0.07341502256723612,-0.030096597992842367,1.0053
-0.03451212605189924,5.160000000000004,11.06315789473684,0.1510389610389602,0.0014340154488863277,-0.018774782595203376,0.002607768136622113,-0.016013866859566406,-0.03027016518770509,-0.045334935613995694,0.6409016560913836,-1.3763668014444073,-0.9770396636159379,-0.3704204466413892,0.35149941865180756,-1.3287757790123924,-0.08280619131713356,-0.3147608990374235,-0.019176957168248243,1.0037
-0.08913872070784046,1.509999999999998,10.639047619047618,-0.19590909090909037,0.015715766089925864,0.003137511844402141,0.06757694445527207,-0.00868500642910952,-0.020534705794803543,1.5910304025077262,0.04858460973615233,-1.2082688906732044,0.4860015790488897,0.7352851531216996,0.3610774438498535,0.7257106932695119,0.33908987220395115,0.4611596512683077,-0.7855240986012668,0.9943000000000001
0.04309040429203037,-3.299999999999997,10.37904761904762,-0.3408441558441542,0.01192400747612865,-0.011089629085965669,-0.028709018134971842,0.003581792771949921,-0.06213633156344578,0.4091191570180185,0.8162935249106155,-0.2135925494528139,-1.2991324028355924,-0.11757450859868372,0.5909427225397836,-0.8853142839418147,-0.0018800541784806028,-0.8489408723823513,0.4441304730533902,1.0029000000000001
0.07110241283749397,0.8900000000000006,10.339565217391304,-0.17447204968944163,0.00486220847693275,-0.006663871419892331,0.013095597859168251,-0.00515458504481181,0.03499734577487601,1.5662503654171316,0.6874761756164152,0.8892167304449939,0.712289996121732,0.8465997102093037,-0.2475573147951722,0.20120328778652338,-0.009421888709947632,0.8481627313866601,-0.6251315439270885,1.0019
0.016316554138629202,0.7299999999999969,10.238636363636363,-0.015592885375493637,0.006310503372715104,-0.0056874275001082,0.004598435596703254,-0.002303544617213049,0.033244259936164866,-0.9629843571961784,1.1740666946892864,1.3454974028030633,0.06922784585881227,0.0011970079570433635,0.6153032332828566,-0.026882704419979326,0.5182204327222936,-1.2581916615708946,0.40557849101109283,1.0043
-0.017886768990366564,2.950000000000003,10.323333333333332,-0.10564935064935099,0.009108134909814325,-0.007734608963696488,-0.03666091605886912,-0.019952317683348042,0.04292034931390454,0.2772139711400761,1.0330603100146092,-0.054164745836402,-0.09187586220642849,0.08604595437757089,-0.43796295182202594,-0.1972278376756647,0.439782129047832,-0.2980253688800666,0.28482386962992257,1.0055
0.02188916960132592,-4.790000000000006,10.017142857142856,-0.3648051948051947,0.006825213357531723,0.011301834632204688,0.08410294688884967,-0.022759372270082068,-0.08326021537371986,0.22662060405783127,-0.7231558641234312,0.9822123140376963,0.2636296939152831,0.38105056682466526,-0.017469317193395548,0.6040288906847313,-0.3629225994515742,0.16777531699371176,-0.46087884882388364,1.0078
0.032845248052028264,8.580000000000005,10.160454545454543,-0.01681818181818251,0.0009254550998978317,-0.0613328847862995,-0.07670617668805413,-0.04609843242824496,0.0544998783713293,1.458686535744274,0.10830594990386466,-3.3857784396592105,-2.986311441779462,0.36783802924796527,1.089117001799255,-0.15709196512731197,0.8311150491065128,0.852988511220077,0.4243213441774881,1.0051
-0.07992390014191564,1.269999999999996,10.114117647058825,0.4422727272727265,0.010023906720981302,-0.011410615673986158,0.011216745032458064,0.08891913859232226,0.028486856022855278,0.26655779541448377,0.1046645526110503,-1.1518286346318976,-0.8405759673848057,0.17474421495496953,0.6075084032430559,-0.07029281745759189,0.4802413242515853,-0.29153956094275957,-0.7494044811565701,1.0034
-0.05885871938546927,0.28999999999999915,10.14111111111111,-0.02836363636363437,0.02031599295125197,-0.04015506213399078,0.040468882471797585,0.003454912632626872,-0.0291603117721575,-0.9797285772592864,0.8770095594205967,0.8015917971589613,0.6494440042319112,-0.32824319784803185,0.02470756132298284,-0.19212621677531005,0.028882265706846155,-0.47424662605300527,0.20600631570180736,1.0076
0.09322873738945181,-3.279999999999994,9.897727272727272,-0.5245217391304351,0.00388631764478653,-0.39025417451330213,-0.01290313352119199,0.0028469164274156356,-0.13461769771785193,0.978873661202354,0.30313933433981205,-0.060023042942586015,0.36609040529096354,0.0330169658734364,-0.005225076373698238,-0.010754947719418564,-0.008580713866410477,-0.005253465135364859,0.3156264765324916,1.0033
0.036162381176471525,0.7199999999999989,9.5765,-0.20297826086956583,0.007130331054723271,0.023952542717921688,0.041705180312257895,-0.024708413238974103,-0.03681183447519487,0.8967362864007755,0.4783016828827213,0.2116590108466444,0.22268618473019305,0.22197893939862884,0.48060804876352753,-0.40716644132151525,-0.28426641207409187,-0.08811859297529885,-0.4275587402650628,1.0043
-0.1961564806549818,-1.980000000000004,9.1345,-0.16050000000000075,0.0007829762016733355,-0.013927093014167724,-0.012471993965220918,0.00266491148143011,0.05806154969208599,0.6240134932802099,1.6921806489848092,0.2041479169965794,-0.2061433169646295,0.05118929323646069,-0.08924784961732593,-0.16807531500375347,0.28637523789369695,0.23547788672393596,0.7540950763249934,1.0
0.0836480508343389,-3.960000000000001,9.10904761904762,-0.07681818181818123,0.016410141513022225,0.04958989348591025,0.014760916916841893,0.016229541431997063,0.02940849859134964,0.1199862364824671,0.34497610533998385,0.7295182251851666,0.4330908887129118,-0.07426236277161714,-0.24885279827755882,-0.2955112609973228,-0.5866810854153094,0.5027804150544498,0.3761134608861577,1.0025
-0.04120643884704189,2.1099999999999994,8.947619047619048,-0.21556277056277118,0.002682630398714636,-0.03649533643264036,-0.0033135796085357327,0.018106670640699818,0.0011680146178996154,-0.01885490275217986,0.3967655191198257,0.8142362003090193,0.7495285988094247,-0.10243677197070913,-0.3712003024487434,-0.2955500327259068,-0.09104464960054182,0.19174915223481315,-0.24348892318544108,0.9997
0.030155154066024537,3.220000000000006,8.536521739130436,-0.19761904761904692,0.006198784597769347,0.004542560121144845,0.02188215656610737,0.013850064681747654,-0.010390983942277998,0.4058611650380527,0.32665879859897007,-0.534792708692517,-1.7212084831331624,0.40962281334146566,0.3159939535900431,0.11388850533875867,-0.15103227788416282,0.4190253140760196,0.745017871138598,0.9987
-0.0053558241008691,4.449999999999996,8.373809523809523,-0.09571428571428608,0.006366771923888237,-0.0541192928680001,0.01535250484313444,-0.0026200142508177038,0.05054112153494472,-0.3370801599542132,0.3740206599357408,0.17172163484972436,1.058580131215634,-0.22551176643114101,-0.10794801391886297,-0.06334239909676866,0.2584506979885518,-0.7961084406822448,-0.07720872913477182,1.0038
0.050369451266531806,1.3599999999999994,8.043181818181818,-0.2865584415584408,0.009798757271482827,0.008744764364125857,0.03695893879139156,0.0052861158033259414,0.03488454657929019,0.11741833202565305,-0.37917867566749786,-0.7814328374524847,-0.3639623027627257,0.11799621250458874,0.021704904473300753,0.35285211277146283,0.4131217147493547,-0.007927556338441766,-0.14150741361272617,1.001
-0.13231695340185845,5.200000000000003,8.014285714285714,-0.5049999999999999,0.015240512697927144,-0.05497243762615689,-0.004963891550307409,0.01274388086703837,-0.006730921179993743,0.23404734629889712,0.49356147761304586,-1.0102428131940357,-0.5813716929279897,-0.04944874602834104,0.6758037772524274,-0.3960875410261141,0.598099506038385,0.5217427104546467,-0.4378815279841187,1.0046
0.03567467144245251,1.6600000000000037,7.729523809523809,-0.08177489177489239,-0.0008746437351110359,-0.007548292034385895,-0.018055932410327102,0.0038780514333094374,0.023918278218740596,-0.12118848024806603,0.36567281741289376,1.0890604853073391,0.6620266952915188,-0.09729269027059882,-0.4012832192286262,-0.20036304160499863,-0.20896616964232503,-0.2131391241610784,0.18866927334914146,1.0022
0.049837528997336955,4.709999999999994,7.087647058823529,-0.38051759834368415,0.013178687520802868,0.023378894800654137,0.06351045865968885,-0.023634112902916726,-0.03954728039474986,0.22162659289728814,0.5833965499174574,-0.23341178387753458,-0.4948613599757637,0.23670979448403492,0.4138102171412771,-0.35522684374887853,0.3496745711787444,-0.0557401873762837,-0.0064364662827143,0.9995
-0.09316362271525924,-3.760000000000005,7.145263157894736,0.3475652173913035,0.012552614952829444,0.0021905943917612802,0.02605051826127358,-0.014321907560601588,-0.012165593594071211,0.5597524573280779,-0.2470892846812824,1.299793673688895,-0.15184094566306092,0.7437128786715802,-0.1929309249876885,0.6892161255839788,0.019797517967943642,0.051100174499826734,-0.005010851862882087,0.9998999999999999
0.010992476265562878,0.7000000000000028,7.1465000000000005,0.023363636363636253,0.006642256008596803,0.07894079018930356,0.014319408077609452,-0.012132769704825463,0.020689975020058426,0.7680090213384893,-0.24122519035046638,0.12271088534577759,0.4581033273006366,0.47791660457456275,0.25979032427705406,0.041843945684355795,-0.07820898526014641,-0.8661684955010156,-1.2488572840294607,1.0026000000000002
0.1738098076334853,6.090000000000003,7.002857142857143,0.22768398268398293,0.007368631954234317,-0.043757766433635936,-0.03137134451605483,0.022104460437649465,0.03875558741688323,0.4077753873999407,0.2768508844077076,0.28929833501895985,0.5886304503876368,-0.0681693842882897,-0.281050475028227,-0.14873062544945428,0.49191865826096814,0.28092520398569354,0.35191752868430975,0.9987999999999999
-0.10933201254957758,4.8700000000000045,6.9455,0.09095238095238045,0.01989551574959414,0.02091352275476055,0.0184738308651351,0.007075438801074085,0.11677212808383608,0.46410208782453943,0.06608009050381457,0.19639668311954533,0.035959262862726785,0.2672192509931313,0.13708104956420897,0.41576461028164413,0.442949690715014,-0.4652882351790191,-0.004969573992359138,1.0026000000000002
-0.017371124281599037,-2.5700000000000074,7.0215000000000005,0.4666666666666677,0.00043227963159431226,0.1340216818671056,-0.03159067570337548,0.0069143022146533895,0.005812763915006514,-0.20520629611509403,0.36707854112830646,0.2861273975762992,-0.4177141002208256,0.7498741125792006,-0.18043902657655259,0.7558383846070879,-0.4693756275969427,0.05162353937694971,0.15936150743775188,1.0019
-0.05266010397427889,-0.1599999999999966,7.089545454545455,0.211515151515151,0.013078867077226164,-0.042877967227454405,0.05045165717248601,0.006946338832566568,0.03162490335042811,-0.0021404507289714313,0.9911485106808393,0.32628750022063313,0.6584711953181034,-0.02144455694893118,-0.27233424049898314,-0.9257454606254095,-0.22704613672711094,-0.5413907578500412,0.07485568378594425,1.0043
0.003355929625050713,-1.7199999999999989,7.027826086956521,-0.03557312252964451,0.004009001257532674,-0.030207410401258628,-0.021036324296348496,0.011708154511859803,0.08925513359036152,-0.776085189179913,0.92439807027945,-0.4339912337346188,2.349898208146277,-0.9530553668303643,0.7282691841109737,0.4808034306889576,-0.4239770653033666,-1.229266815988709,-0.3472899761924561,1.0033
0.0034665185869178217,6.359999999999999,7.148999999999999,0.1763913043478258,0.01324181118630463,-0.017652266036387587,0.021819026197764657,0.016242411841473015,-0.12754222993493336,1.3085862606393162,-0.8732189836868731,0.6119485836906594,-2.0374506535021517,0.6174428169914934,-0.6754434789907137,0.09322076105139027,0.0066057479077441025,2.0336968746550426,0.2460439258644015,1.0093
-0.03662224382306434,2.1400000000000006,7.267391304347826,0.05578260869565277,-0.003241883050444372,-0.04205801312767932,-0.010479949564267343,0.009954895643456751,0.007848360044578229,0.07354522885812761,-1.1447447758759401,1.8051392265022885,1.3933769101023195,-0.039825851726953305,2.999104950514619,-0.4761717478851809,-0.13848355957542846,-0.7176587029033272,0.4650485184076376,1.0166
-0.06805106260082505,-16.28,7.250952380952381,-0.18250988142292535,0.004017351971731031,-0.037436468595268835,0.018759004964968184,0.0019574417094929686,0.013113727153912791,-0.41455165741695843,1.843624126653376,-0.7959377836643916,-0.009089252718564802,0.133595344610047,-2.970838796849399,-0.28295660409092194,0.47393140441695447,-0.3626633200876174,-0.7489514261815488,1.0015
0.08435520632420435,-7.390000000000001,7.492380952380953,0.032012987012987715,0.02132254802782363,0.0031964590982198615,0.02489362854962529,0.01321037726169294,0.048309603268823054,-0.6213306035708848,0.5345348776380812,1.409635624284814,-0.35291263021743796,0.05946108465394972,-0.39274311596484945,-0.9119251294596833,0.2353440044180322,-0.5334012098436355,-0.008207752760455768,1.0034
0.03412367326837695,2.049999999999997,7.645294117647059,-0.15732919254658473,0.00481381101825562,0.005223595195710473,-0.010946643815433532,-0.030188530997147467,0.04159032805402241,-1.3809982230381461,0.9313110599914061,-0.5580913107550557,1.0437462776359965,0.22192574465579706,0.43294628754843345,1.1540425987110359,0.09375714660763394,0.7951333266620921,0.7053838851591661,1.0070000000000001
-0.05079212316667614,4.550000000000004,7.5905,0.09804347826086968,-0.003582427029444446,0.032982041675973406,-0.015330683701654024,0.008242763011152121,0.02330264509048341,-1.678097690513792,-0.8025792499584733,2.2773205169669413,-0.8687682808410735,0.6925305529259513,-0.40073235143454217,0.29059119193734634,1.0993807780448452,-0.7991997643625964,-0.7992966661153148,1.0012999999999999
-0.0008518964348700475,2.1799999999999997,7.676,-0.24452380952380892,0.01196217308613079,0.09404540554305285,0.01224661583992237,0.019454860366810323,0.030455796740410435,0.09625947868735908,-1.1226393295286587,-0.07291116283328576,0.3660744963490627,0.6634332958222262,0.6944072498740638,-0.4690972771581349,0.32716533310335627,0.12457535401839703,0.50325423189716,1.0007
-0.021770105131963424,5.090000000000003,7.745454545454546,-0.19502164502164554,0.0034138286674476603,-0.02612080959227825,0.04475964891163642,0.047988875879315884,0.07113838671566519,1.5078624422812223,0.14569532393838955,-1.6012989088775929,-0.2339838065258087,0.18395815116786382,-1.0510985742016108,-0.9217015350546905,-0.056964929708691193,-0.8700940358156987,-0.3442570804409834,1.0015
-0.007244194540090287,0.0899999999999892,7.7155555555555555,-0.23284584980237089,0.001597694730213206,-0.023175853788826473,0.023358686270931628,-0.016136461499380417,-0.0766474045003509,0.09707640787527458,-0.5096051460567308,0.06987369089332324,0.6880235321507779,-0.1611063509400834,0.15929093567420302,-0.7368386888870673,0.6924977930170125,-0.08956795158212762,0.44081506961340494,1.0045
-0.05255919861495517,-7.099999999999994,7.576842105263158,-0.09160869565217489,0.008935804271461123,-0.347173186232407,-0.021534400115772456,-0.011699753533122248,-0.000142502561940816,-0.6511348612825716,1.0345381811823535,0.07554785710747089,0.008358220931099747,0.6508676114285307,0.14922839938893717,-0.5788332581759182,-0.503516180511896,-0.5369073909792289,-0.6120532965324784,1.0029000000000001
0.02901051216984052,-0.29999999999999716,7.320434782608696,-0.22534782608695636,0.005116362293776433,0.0650314642308718,-0.006913745803016624,-0.008207565834384312,0.05751672885231862,0.5013876639590219,0.2740778472002626,-0.29271604579919747,-0.2963101501521833,0.623942481106218,-0.05619006821370645,0.3030766793083715,0.522424918821818,0.7688534963823708,0.7224716237290612,1.0
-0.006598607954953373,-4.880000000000003,7.132272727272727,-0.5092885375494065,0.012730288781995114,0.08289106177729266,0.030475455493187198,-0.00832136978820941,-0.06831666313568796,-1.04572669739338,-0.338526849199395,0.9961612319032269,-0.7875782677913278,0.3495982974666859,0.358199635053124,-0.05971899862417674,-0.7999567397849872,-0.7668460915294493,-0.05179266526457525,1.002
-0.00658599089139944,3.789999999999999,6.855714285714286,-0.2635064935064939,0.004211439507015413,0.0765109968003248,-0.024279728824282643,0.006467665446493243,0.21285461892750313,0.19120092087264703,-0.6121685175250481,-0.6849828217559945,1.1047448835954168,0.3983412676398197,-0.23838852577128938,-0.35691878962765045,1.0590089650391663,-0.209159529163128,-0.36159201007552555,0.9987999999999999
0.029058908559076668,-3.1199999999999974,6.789999999999999,-0.31720496894409944,0.01750491969972856,0.016643743338541128,0.021114921286141453,0.0100580895853426,-0.056416581165688484,-0.3099717968638349,1.2076838164810912,0.5880284861583293,0.807951805365247,0.5914912888431783,-0.9045950297458095,-0.695046766932479,-0.6246656987995032,0.5574235121167058,1.1254029186324763,1.0028
-0.042192125177574535,3.5,6.457000000000001,-0.12612836438923392,0.005630552737365235,0.05061764221183829,-0.026226846583993435,-0.008135633969127198,0.1405454095601275,0.831150496567166,-0.21622615537502854,-0.0941486008903295,-1.029936417092469,0.6531251450054438,1.209102002124912,-0.1415393651863351,0.03492613347496002,-0.42845927521935984,-0.003925650148289703,1.0015
-0.06758613608461972,4.100000000000001,6.151363636363637,0.5413852813852813,0.017335674222849207,0.01989040282612997,0.06434900122699183,-0.016794238213583057,-0.11321970727414588,-1.985962366737939,0.5821610233405274,-0.3953050043144097,0.13069301880180353,0.18318452960774748,-0.13674549484648624,0.8978104181715549,0.9481755161182432,0.0869198523576434,-0.13144816799389103,1.0022
0.06541952191737299,-3.6600000000000037,6.038823529411765,-0.0648221343873514,0.008726492231920346,0.010914488357284924,-0.0023036442251882505,0.029577430157361917,0.044172270538757274,2.1578840253566014,-2.2067135698358107,1.0093728746219617,-1.2657456440208827,0.15944778834907772,-0.6063431276912205,-1.5565871795159014,-0.2666538668060585,-1.469818447514641,-0.8757241300869487,1.0033
0.0657233554971115,-7.990000000000002,5.938421052631579,-0.8150869565217391,0.00768611261587715,-0.02505485427782439,-0.022918105089727803,0.011108171885023665,0.050052124509162965,4.665435643313016,1.832467891574113,-4.349864235274404,4.140868264065826,-2.5732995457960497,0.7831737455016705,-1.9539098848661722,-0.1868364223760988,0.9852323200206197,0.6418325389662837,1.0007
-0.11229424577321545,-23.65,5.79421052631579,-0.6341818181818182,0.011105675689206507,-0.017956615417883626,0.010152498569343749,-0.007029101795762216,0.15531761142662148,0.6603747188984175,0.9589813120053808,0.9444729602683513,-0.5012395049293092,0.7424431348293452,-0.026173623450693125,0.719947255069171,-0.8992024880789586,1.7733149366534915,1.1310847675906734,1.0077
-0.015244656227029418,-13.629999999999999,5.994736842105263,-0.14363636363636356,0.02155147941600255,0.07492639937624013,-0.0036223026431905225,-0.12296562706745462,0.005249885370512075,-2.894398200250464,1.8390469382696317,2.6509318642113953,-1.0597139675706786,1.0782615192347722,0.09929918820785963,2.202455553528368,-0.9773990773163619,0.4324858787742524,0.038346054201692834,1.0056
0.040472928880888714,11.0,5.468823529411765,-0.013658008658008924,0.00759556296457653,0.0018827590144798734,0.03083614343722374,0.030212107483881923,0.0034266145056918162,-0.12020854488816814,0.4442334496127621,-0.34549856551714636,0.6245783157402361,0.5637958683883145,0.21684516731614395,0.9200021744784448,1.1652875370288887,-0.027995753561594585,0.32965354011136805,1.0055
-0.06080351120292904,10.890000000000004,4.994,-0.009069264069264449,0.009246556386782956,0.1061949803130986,0.014200547782657225,0.02133203875477463,0.02457130534096663,0.5957166775919742,0.0824987075020546,0.3221794759941119,-0.2123592548645501,0.5038062086305566,-0.7126245023718115,-1.0663765768205955,-0.6617410075079412,0.49792965034830183,-0.5714309760556902,1.002
-0.005146268858669201,2.969999999999999,4.2290909090909095,0.0830237154150204,0.02017474149251086,-0.02522534637774143,0.012397049800521032,0.01932722379433116,-0.06763027228248575,-1.049290455319878,-0.7465548678535613,-0.4010477767700741,0.6317360117710327,0.7120003131313347,0.41904734413892253,0.29710652246052616,-0.29117034164264244,-0.9574493848829991,-0.07155003722135678,1.0033
-0.004985974841060781,1.5,4.155238095238095,0.061759834368529276,0.013169977913550568,-0.033144523256416036,0.006184132085493843,0.014854495398438416,0.012088342479209757,1.696995396639026,-0.19473829880620094,0.39243371087564843,-0.08378825364576344,1.418284677200502,0.09225133495670222,-0.7261343398503617,0.1564291650287799,0.4123623375902535,-0.10864947452801058,1.0051
0.0508853427910565,-3.8300000000000054,4.165,0.012943722943723479,0.009030839558194614,-0.008616893691135274,0.020216315095854753,0.00881584696403337,-0.04903233610490254,-0.27971118225794084,0.6922188482389916,0.35280836510010655,2.42035100619419,1.1393891877876277,0.7046044746537824,0.046296262143192275,-0.4287904050614952,-0.10385303462165597,-0.17904435064464622,1.0004
-0.05013878026216445,-0.7199999999999989,4.174090909090909,-0.08454545454545492,0.014448468109332424,-0.004355786031091213,0.029241596843993634,0.016763358099833425,0.03840170148136579,-0.051437140810218634,-0.03832516474471721,-0.695519180582432,-1.7558844323311615,0.6300950695618039,0.05355354437704508,0.1835816738570148,0.5929436822328732,-0.18835486849457297,0.5034320218556686,0.9993000000000001
0.02161095110530198,2.5,4.061999999999999,0.3049350649350657,0.011266745684642032,0.010934445337349885,0.015276508703475855,0.05244438116743666,-0.00622995775175994,0.6833428413398122,0.16120633480289315,1.3103601336019564,-0.6624802713770503,0.47611840105733705,-1.4735984847629882,-0.36405163525905676,1.4958342415450638,0.07552071546946194,0.36358481782796787,1.0067
-0.011182188750682887,7.300000000000004,4.171304347826087,0.45490683229813644,-0.0065143535185026025,-0.02606607021356311,-0.031209386261057404,0.06746950000122887,0.21329540871821706,-4.448063535784307,-0.22720114550563233,-0.3586138809808254,1.6319112534515954,0.01758479048213473,0.9827198308855172,-0.44216414683880767,0.21441539290792933,0.8764327080047681,-0.763039249301305,1.0126
-0.010605013691833864,4.780000000000001,4.306,0.2579503105590062,-0.00464954924987282,-0.029908534010219867,0.03359197287388582,-0.01735293456851572,0.016775787138122666,1.1355243365960141,-3.977875031488993,0.26555053652476274,-0.0016257262472599262,-0.29342646537448963,-1.4569062633848107,-0.7826439287873691,-0.9543349511179309,-0.028964920136348517,-0.2859063369206618,1.0023
0.06440320778280495,7.509999999999998,4.057894736842105,0.3360714285714286,0.01824074667677955,0.021140093322422615,-0.0545803485187637,0.00595897061363182,0.051017015486756634,-0.7322850700957113,-1.7072044865402987,0.09367577458440011,-1.7593831931913229,0.6992871210537094,1.9249685281698798,1.1717225096767252,-0.19764034826143828,-1.1300956091016299,1.3444429776999522,1.0034
-0.04144066145032976,3.1299999999999955,4.222272727272728,0.5525000000000002,0.004254113177164953,0.011610880243908994,-0.0027856686484657445,-0.0084198761568679,-0.03805297874604818,-1.8782275239415043,0.627596379413455,0.6004052676646653,1.6841781896623205,0.6546293949219532,-0.6768002898252965,-0.19185005766030144,0.42072488947433667,-0.718360263585831,-0.9841970130184423,1.0104
0.055894907767305435,-0.5999999999999943,4.514545454545455,0.3504545454545447,0.00798295406186611,0.006466391173733044,0.06435159728594897,0.08242938149787982,0.03023532814100882,1.4357335190900795,-0.9110467332812964,-1.1336202557217538,0.9913194937135695,0.5531895025783086,-0.7172684751514408,-0.9403205634483253,-0.370828216920179,0.6940615756361307,-0.7959924958948171,1.0070999999999999
-0.11556100277535153,3.719999999999999,4.791052631578947,0.07097402597402613,0.01575522239537719,0.00921424573206231,-0.026788608321231422,0.0038375017990599503,0.013673585650925801,1.1345818305523692,-0.2640412310179119,2.3649383902696153,-2.2173732960294115,0.5387347692705623,-0.5132413511976675,-2.0783873061063014,-0.8011375290481058,0.47092793056901944,0.1183709914795178,1.0069
-0.001082745919200212,4.6299999999999955,5.1033333333333335,0.3540259740259746,0.005187865879706877,0.07227745219871196,0.004689389249040943,-0.003909406658909376,0.08206760050396511,0.889117804499052,1.1779839410699648,-1.6643948375671724,0.9152754873548882,-0.44029894920140006,0.22238417223358387,1.1692257434922335,1.1883656937355673,-0.6672990863045197,0.4889200103273601,1.0051
-0.0008738433095036857,2.010000000000005,5.759545454545454,0.6559090909090903,0.0031022001150908807,-0.01312655747191549,-0.005970504140497823,0.0036837273667646997,0.06966553223123206,1.0381167062736243,-0.16071400599779082,1.0856523806658573,-0.05414468555644835,1.1747707233218,1.3588416184113088,0.2332065846972904,-0.5973784242449164,1.3847444622928087,-0.465128286112796,1.006
0.023272472475015515,-4.420000000000002,6.297272727272727,0.8072727272727285,0.006699420990026184,0.006356886466081235,-0.015402681541806018,0.0034957153592749535,0.10978755336796553,1.6325497083794547,0.8738747172908928,-1.0820951695700458,0.04112151746864335,-0.04030311416978571,-2.608405556599154,-0.7433809320371726,0.728324598214316,0.8052749046765695,0.01658651596134421,1.004
0.016074731873289227,3.739999999999995,6.569090909090909,-0.1404545454545456,0.0053803829084984045,-0.022666541682697883,0.005104329364934657,0.0036500804247037166,-0.016810583798177348,2.4366633781996994,-1.2710985501697796,0.7268075116270666,0.24307086624788768,1.3126708505105036,2.7104890249510243,0.6308144856413996,-0.20633249531180747,-0.5629099166750039,0.2971767940833082,1.0015
0.013410153857124518,9.050000000000011,6.809523809523809,1.2318181818181806,0.0170191505496593,0.030175294514771522,0.007773052913291778,0.006999264252934623,-0.06385867800238643,-0.8221462691046896,2.7930825869075995,-0.23881032528443283,-0.12768587007430182,0.18932404342593814,-1.2885809921902203,0.2171215045969389,0.6363756210038092,-0.2514578903078031,0.11830351369598949,1.008
-0.031079313113705043,-2.490000000000009,7.331999999999999,3.3940909090909077,0.0003884870034980281,-0.003210338368818455,0.002521185662669012,-0.0015228456003999469,-0.09194217237330626,-1.6181267508152157,-0.2190248733248358,0.9407083507001853,1.6080842814870058,-0.7209028624634347,1.1018347926598149,-0.7705232959586967,-1.1929363970946405,-0.4076337974487685,0.5934127029261245,1.0204
-0.030518812627868597,-6.8799999999999955,7.617727272727273,-1.1775691699604707,0.011937155765750163,-0.011245010282145529,0.017802112302703677,0.10805809956556267,-0.08786881231248778,17.265221804080376,-1.3985312502896172,1.3813776116787462,0.40626779104026867,-1.43210469942104,-0.060854075854387985,2.457693712964182,-0.13953600071887765,-0.8776610794846809,-0.24625802835018573,1.0094
0.032580500764513465,12.340000000000003,8.286249999999999,-1.5546169772256775,0.026340333007809136,0.035254009718492796,-0.02467727305988987,-0.08238968938264435,0.07437970990912568,0.109102107791948,12.648247752041026,-0.1170177861955377,-2.052845404050864,-2.1673906365073274,0.4548123473514086,0.6373528700197181,-1.6770713119876035,-0.67475890228011,-0.7752677194675105,1.008
0.03311704992790365,10.61999999999999,9.565263157894735,-1.383904761904759,0.00964495302138424,0.014624583005346636,0.10754013787004268,0.010273598846515242,0.061798241924748254,2.7971135157006377,1.7199991929894565,4.674176949517684,-1.43137844424971,-2.837297346038561,0.5666351742969081,-0.2984535869168479,1.6810176879437697,1.17240473372143,-1.0653294633819388,1.0054
-0.027085958278185718,20.120000000000005,19.873636363636365,-1.1271304347826083,0.019089254623599672,0.011376735009294592,-0.009989875529495151,0.07082172928975972,0.07205233807695954,0.3535423277683697,1.9612412106217605,-2.040431435571063,0.8000541533868686,4.520731513892292,-0.753763647012293,0.029171130742909824,0.14447472086599994,-0.7282677914537464,0.1540392296631254,1.0486
0.024159123379482228,-12.670000000000002,17.08047619047619,-0.13086956521739168,-0.0025375098787847605,-0.030145390879802392,-0.026336576553879,-0.04325335532936059,0.040385342189296125,-0.29486477790048743,3.4791508034681895,-0.2172405030153629,0.42260491509925896,0.4472488266083165,1.017630360463348,-1.01728357529024,1.3745909349213226,0.40170415806166826,-0.45550196190765774,1.0167
0.003096446652402607,8.760000000000005,13.253333333333334,0.4040909090909093,0.03576835462105521,0.04053122136323495,0.0019262770203223312,0.02266478058665733,0.1487412927540337,0.6019496864975503,0.7467341326946159,-0.2237207041319948,2.1249806929413064,1.522570545816777,-0.2557848089782111,-0.008410427030563982,-0.002024151735490862,-0.06778223963359957,0.3746868201911405,1.0105
0.0033602535669765565,9.36999999999999,9.634761904761904,-0.1186363636363641,0.016828042054484627,-0.006016828968752108,0.017495434592950332,0.016776489197289024,0.03931126712680566,-0.7990370878045435,0.5446223613100448,0.022605588534389223,0.7165139606195712,2.3876651108517812,0.12737604235671257,-0.2970814386211617,-0.14385392561967833,0.07062698726589912,0.4668387653157068,1.0008
0.0021129541268307683,-10.779999999999987,8.9,-0.344025974025973,0.016242658933718346,0.032644695127707735,0.0229787634540628,0.004525814852405219,0.08786283696510111,1.9472837782657202,0.22560875763649188,1.2378851557823067,0.6165670707816975,1.3953519622306345,0.9516946207416564,-1.2749238555857247,0.845482141407343,0.5550064377998385,-0.25287402541577264,1.0082
-0.024543020520419567,-11.480000000000004,7.938695652173913,-0.2388198757763993,0.023460544455685906,0.005147755700299683,-0.0018686372644101112,0.01189995909839503,0.09851538420778283,-1.6800638286629672,1.6950605412671629,-0.11183706130317983,0.22111035731711015,0.328853027089934,-0.5926069235624408,1.562992176476421,0.29783535219389956,-0.8411069905147512,0.8749750271750394,1.0069
0.005559210931526559,-10.689999999999998,7.678181818181818,0.15466403162055453,0.02897871757049053,-0.01935764582740518,-0.0035007357038541187,0.011301688956606881,0.09837484389257334,1.0738904411426557,-0.4649091599951413,0.0714986363844751,-0.22855723672753547,0.4017393391510575,-0.08030565616121942,-0.8791170407107951,-1.091680440900529,-0.32966961139289225,0.3738172716373163,1.0192
-0.0007748712406643321,3.569999999999993,7.672380952380952,0.3479653679653678,0.01866490486642647,-0.0014858833562527707,-0.005125167548532872,-0.01543273246625354,0.3950412549315274,1.7374597378340744,-0.28638908868805507,0.6423751479753044,-0.16791874592974937,-0.1597469017064077,0.20086507895425224,-1.1724133146405609,0.11561651424131499,-0.12841722436870925,0.40553514573154426,1.004
-0.00022346898008995808,-1.9099999999999966,7.314285714285714,0.027489177489176342,0.015034725959614192,0.02225272221745911,0.032503753681352165,0.021192238301898314,-0.09566286067842888,2.44068895985537,0.9465897266198577,-0.7151960787411044,-0.5033431989149224,0.4449427174035981,-0.05956439418133475,0.7122523974473615,0.6008466109041204,0.3951558065089251,-0.39660040505263794,0.9987
0.0046709378786784495,-10.5,7.310454545454546,-0.29136363636363516,0.024383964452299622,0.033232373103011525,0.007137199611007006,-0.0887931458102802,0.09446375764181347,-6.5465221593455984,0.112068892449788,0.9255327573064039,0.1148663464310225,-2.0399147559366666,1.7545484126321917,0.2719656536380844,1.2038837365679569,0.9906710208880573,-0.5541912870051068,1.0031999999999999
0.005083001333708426,1.5799999999999983,6.997647058823529,0.2681818181818185,0.015165523875849019,0.002149060746445386,0.02274719821457616,0.08534033286540499,0.035351452696945174,-1.2110367814917216,-2.50116379797458,-0.5931268452332944,-1.2409212007883832,-0.4739885515537948,-1.031756241174252,-0.20198069635845156,-0.9959811523564538,-0.39460226144133487,0.44926625903368556,1.0024
-0.004135137547450984,0.09000000000000341,7.113333333333333,0.2259545454545444,0.018053404552576424,0.0001063980148447996,-0.03163871219993197,0.00781984729998797,0.032785368704345785,-0.2283504896744675,-0.22961995959960466,-1.7479879193177623,0.8021043173310656,-0.6826842316845454,-0.431337829842645,0.8348605465560026,-0.35254295970096167,-0.43192168406876796,-0.12999332370137587,1.0028
0.053965917237152716,-4.159999999999997,7.354090909090909,1.0258043478260879,0.017122890085246922,0.0052758154155405634,0.025804456080235738,-0.028030238691977516,0.05138615045373385,0.4373010435352081,-1.4294396875736803,0.7793793418852326,-0.586058376462532,-1.210624173391675,0.9225030508797493,-0.812347632564456,-0.8942171536879882,0.4093614418245108,0.7663428156226207,1.0026000000000002
0.007451924986640268,6.209999999999994,7.1594999999999995,1.971195652173913,0.03049121040809233,0.023257086748470712,0.008780047291926607,0.03596808746934599,0.0745368315638757,0.300086374564326,-1.694917025775377,0.11999207749896151,-0.6166395883389215,-0.03771484304689643,-1.4906807447467005,0.7150461298457026,-1.1357022655529878,-0.6015775039697119,0.526315882767083,1.0048000000000001
0.007714936496778346,-9.170000000000002,7.251,1.4540217391304342,0.0015462423506580336,-0.016743631627514688,0.024386637598787786,-0.0047977672606602795,0.00884891153802414,-0.5512524630472178,-0.8893366964469598,-0.8274309967250713,0.016417634671549258,-0.24477300945777092,0.14587094404683273,0.6037228282021103,0.4464260949904462,0.1306709000633474,-0.10120927054737046,1.0034
-0.013303796614929642,-0.6299999999999955,7.331904761904762,-0.010612648221345111,0.020592174622791504,-0.022367484491486067,0.0021699405173194464,0.0040242716318257266,0.05608642797663599,-0.1537256829974236,-1.0856687368104831,0.4174828220091831,-0.3450954364996052,-0.33893707917593835,0.25965334321662387,-0.35868357742669715,-1.2192500842340623,0.17196329370921648,-0.13126667740117892,0.9956
0.03211554092240121,5.269999999999996,7.827142857142857,-0.3525757575757549,0.020675359479763955,0.0025987792831720924,0.0035600990132476085,0.009326625240928976,0.04377114504164581,-0.7460721770529272,-1.314569871775756,-0.8219105529297948,0.009112159094150899,-2.7274298162443285,-0.7332760520310585,0.9413892682038079,1.1700702743124314,-0.4146518287340488,0.932555219216625,1.0086
-0.0009195732272100354,6.040000000000006,10.331304347826087,0.7262318840579702,0.015172802528152118,0.015310708421534258,0.02657429730328431,0.004276100251798809,0.0067003526378126566,-0.4501916288435255,-1.574502472580759,0.07698085112492244,-0.3724850988833403,-0.29729975880075143,0.2098727399349166,-0.6356349726008325,-1.1521863492780797,0.43527066363504663,-0.9432644695686345,1.0053
