unemp,Brent,MIACR,obligates,M2,paid_services,money_income,trade_turnover,debt_firms,PCA_1,PCA_2,PCA_3,PCA_4,PCA_5,PCA_6,PCA_7,PCA_8,inflation
-0.03513787912361477,0.7800000000000011,5.9935,0.1849999999999996,-0.0025807579800396496,-0.003277934372475144,-0.011296696378686022,0.02695929179885681,0.002951599089701773,-0.332817116233237,-0.090142506519898,0.7057361283727607,-0.6934407941043993,-0.21778262156121572,-0.270127600775033,0.26118545513973673,0.2811363416226824,1.0069
0.025759081834966113,-1.4200000000000017,7.845000000000001,1.0168809523809523,0.000672322951411175,0.007194858406791127,0.01506872217116495,-0.010523429544662122,0.01831709920102398,0.21001900651023525,-0.20939094460931082,0.19427785895429064,-0.5911373558571404,-0.6909350822982816,-0.3977215134296446,0.32710617307117185,-0.46689899608943836,1.0077
0.013962947552006333,0.28000000000000114,7.874545454545455,0.09534632034632029,-0.009928362616621556,-0.006402526362412786,-0.02282748599521689,-0.008559366305465943,-0.013866699278903383,-0.5981257980851882,-0.30323175007212017,-0.15327981736306212,-1.07050860650377,0.32133165080643694,-1.1564227976112056,-0.10564793104117016,0.2829432545161082,1.0086
0.002484890375496651,1.7800000000000011,8.214736842105264,0.45727272727272705,-0.011976802236221218,0.0008864110341484377,0.014310812065900791,-0.0018558802141228625,-0.016270098131769828,0.08350076346571399,-1.000133030458069,-0.06985564163277204,0.14014746764708955,-0.2841803266276491,0.10023918793207245,0.6114195799257771,-0.536934430677311,1.0095
0.0008698604241160202,2.259999999999991,8.233157894736843,-0.07261904761904692,-0.010740601872154087,-0.0218400208645555,-0.022254948889656845,0.0011099085352164195,-0.023610903326481747,-0.5495180035494693,-0.5073925735623088,0.04519813648765186,-0.6597479071651569,-0.5126771442255201,-0.5312937799123734,-0.284280023213173,0.4924160592179004,1.0090000000000001
0.033140426321464744,-5.030000000000001,8.172173913043478,0.6450103519668744,-0.00605134937454288,-0.029204688591054406,-0.00881353756693315,-0.008540536652315467,-0.009732157401208141,0.40604351111023224,-1.1435921630536958,-0.6910655762306376,-0.39403998918936484,-0.6545994772484762,-0.6252766473534763,0.12023871041983608,0.06903813259602823,1.0087000000000002
-0.001581204116213486,-5.159999999999997,7.877142857142856,0.06070393374741201,-0.010870223724259276,-0.00961403882561207,-0.014008709228837901,-0.009648507738276635,-0.004446755341644959,-0.21927468591743343,0.25320918660888747,-0.25292939398921294,-0.4415597909653133,-0.7392962536337614,-0.8802809743758426,0.09174458412693133,-0.035539912843289494,1.0085
-0.003648640849843565,-4.519999999999996,7.949090909090909,0.127359307359308,-0.006221638228693038,0.027220808971337718,-0.0010968757285017006,0.005587165220372725,-0.0014864390743145606,0.9014752802901449,0.18221823382444935,0.10051816797775338,-0.7447765621603135,-0.5265676762011334,-0.7771996922925857,-0.2511726418772071,-0.32073167947653297,1.0061
-0.052605525413843446,-9.659999999999997,8.240434782608697,0.4549802371541478,-0.0003804874830866112,0.0011428322670212765,-0.01421823819036483,-0.002371077179020631,0.0025763055705656512,0.753431439327684,1.4366801383415466,0.16804679939790176,0.8681832921007561,-0.5196949774476639,-0.9263865853218903,0.28907411615344986,-0.1604031490215595,1.0058
0.0394720984386876,-7.990000000000009,10.211111111111112,1.239065217391305,-0.010319913198827635,-0.023833279232855276,0.0004122009917129077,0.01246992514854739,-0.02183955055618192,2.311247728939608,2.9682185741132896,-0.10141653910123537,0.3862434726364821,-0.7123186684205214,-0.9531667917287879,-0.6205905270443263,-1.516753637773185,1.0095999999999998
-0.010021042908013422,-17.099999999999994,15.468695652173912,4.337021739130437,-0.008092539592819747,-0.0017064631009020559,-0.018777978663262473,0.008233769530185953,-0.013969878355716503,-1.1913369468184896,2.5630824847250806,-0.04270115636291303,0.03894428403946972,-2.0392266367290834,-1.3781512757997396,0.6659210243006771,0.8834193094158178,1.0245
0.04094260024217333,-14.580000000000005,16.964666666666666,-0.6292490118577092,-0.015704381753046448,0.01773507241856187,0.0057362874103112915,-0.016550073070014548,0.006210083513119358,-0.28228395641882414,-1.1153795793523034,0.6927196770490187,2.362323451145461,-0.6557853876675546,-1.0314381882915677,0.7553889865276056,-1.106098578119729,1.0351000000000001
-0.037202611211759884,10.340000000000003,15.116315789473685,-1.0477727272727275,-0.013212338772076393,-0.00810342121389418,-0.015061594187210758,-0.0555399827317693,-0.02760778710547207,1.057764960088528,-0.2288988657338969,-0.7223922544574268,0.7126975585193639,-0.10850763599773952,-0.8183523300626017,-0.7184051380423903,0.3474117097563643,1.0211
0.03191615858462532,-2.210000000000001,14.902857142857142,-1.0367727272727283,-0.016718910414246224,-0.027672424943240514,-0.020705334483277937,0.015900364379469067,-0.049304415673669055,-0.2571160345135892,-0.3180960561509617,-0.41284668879850267,0.3238891571820388,-0.18668475124156492,-1.3214767880118166,-0.5219015548269245,0.3449249284025888,1.0166
0.0017813642416011355,3.6300000000000026,14.357727272727272,-1.2495454545454532,-0.0089591011017216,0.0005120623274894598,-0.014833851368496909,0.008039784474185296,0.002248704764623355,0.6426392612037951,-1.2092512446663173,0.21438289533268956,1.458348762357331,-1.8807016912581749,-0.08153705360858544,0.6080796564663488,0.47183423596210633,1.0048000000000001
-0.029388149933662455,4.559999999999995,12.828333333333331,-0.21603896103896147,0.005144814318905233,-0.016725456152855145,-0.02294861882483623,-0.0019267646833860397,-0.010360258135865053,0.10457152687440135,0.3104672112642915,0.09339752803308904,-1.010551070568637,-1.1244266584347262,-0.7473095103436306,-1.3046552560124323,-0.08096468605862286,1.0058
-0.03618731671652031,-2.6000000000000014,12.503333333333334,-0.27623376623376394,-0.004271467638595539,-0.0012968787982536867,0.006819637062850603,-0.013864981209160021,0.010309450370002082,1.3695629520073667,-0.7876475758670591,-0.09228146080391825,0.2912318055281156,-0.4390791474163283,-1.405830380990978,0.09966151759489382,-0.2584079867296584,1.0029000000000001
0.015968740164719997,-4.919999999999995,11.524347826086956,0.08083003952569179,-0.0019082113875228401,0.038528304803147506,0.008710074200108053,-0.0036079504653514505,-0.0028983687307260197,-0.8875824979408935,0.19726357961727467,0.7253577029180984,0.3108674328673758,-0.8693416467529548,-1.6734232892972325,0.4720685619182012,-0.6022569659992373,1.0007
0.015415288785493753,-10.04,10.858095238095238,0.610165631469977,0.003005100801802385,0.0018551204199983573,-0.008980557263825517,0.006831295580578711,0.0013046122137616578,0.9142314752405261,-0.7119559307969623,-0.20020063228097193,0.30107284570587556,-0.8473062791902906,-1.3446465795754197,-0.11211635570272142,-0.07069819103214268,1.0073999999999999
0.05009297699443149,1.0999999999999943,11.146363636363636,-0.4400865800865823,0.0005625783756695313,-0.02747354371336108,-0.006999210067858641,-0.011665416811791118,-0.016549025752709667,-0.31124106349342423,-0.698708606043942,-0.3212965585395842,1.2330397731487894,-0.8440328007205126,-1.4459698978563678,-0.1841673792115201,-0.6654342823928251,1.0092
-0.037722417124631646,0.8100000000000023,11.14090909090909,-0.24545454545454248,-0.010410111233445818,-0.002067869828877633,9.382741376029458e-05,-0.0016650187847950804,-0.00043652618168010804,-0.7837545266551703,0.005836393581389107,0.326353804377001,0.06650204897541191,-1.7208294276560745,-1.4829474865062957,0.09147891094358616,0.12063993600715729,1.0070000000000001
-0.003165506397027673,-4.159999999999997,11.425,0.23220779220779164,0.006197450570653018,0.008758436984441786,-0.012299166819836671,-0.021993251450620477,-0.004554763238434845,0.018225678873529366,1.630261153627885,-0.8546229555074364,0.5811836601546058,-1.4277197648574493,-1.1109564244254608,-0.596452524782848,-0.0809136125166468,1.0053
0.01834370333392793,-6.260000000000005,11.066521739130437,-0.22291925465838425,0.005351338577074927,0.003498287731476424,0.007487345006614632,-0.012734662450533563,0.009203820449174671,2.1587909095274638,0.32868059743247624,-1.075917301266571,0.6151784794424461,-0.6230187171763956,-1.509403448054619,0.007506921193743152,0.27311927307822964,1.0088
0.0006987792894408429,-7.309999999999999,11.017333333333331,-0.40517598343685357,0.02042072957268637,-0.0292875525957772,-0.011145626082351257,0.0374748348002214,0.014816042602875612,-0.3209929008493888,0.3821677465556578,1.0226153507455265,0.36940016467363085,-0.8695274288777664,-1.163346653318884,-1.3190003766859917,0.3643516318130215,1.0047
-0.056043673643224545,1.4800000000000004,10.8425,-0.39285714285714235,-0.003932760215388242,0.012528421603391848,0.019414343610112184,0.007600814965840641,0.0013316448761901967,-0.48242540295184183,0.21273467077603417,-0.668286288924391,1.386632337729163,-0.5898264121003937,-0.5763481295101883,0.9257159538893401,-0.44822480642935447,1.0092
0.0009160181904600551,6.030000000000001,10.94047619047619,0.18672877846790747,-0.0005114064806122087,-0.003966521864857242,-0.023018142477720716,-0.01793194438141299,0.0071243310047872654,0.3745784466236534,0.31487957042948356,0.03975107945915671,0.7988741110720647,-0.9216606101271424,0.0839254863680243,0.5502392549673661,0.465880039760727,1.0066
0.04460878807334956,3.3699999999999974,10.732857142857142,-0.11720496894409926,0.013121486903248325,-0.010571472509832702,0.03737228692000727,-0.010928225513303857,-0.002592791169520936,0.21968552017937126,0.17389809647232268,-0.22784677260050937,0.5337518603271839,-0.11110750670860155,-1.2134842217864763,-0.21254800004638438,-0.11508708255526535,1.005
-0.09898098398803262,5.160000000000004,11.06315789473684,0.1510389610389602,-0.0008619664095945723,-0.009178854300257555,-0.027380668655826668,-0.011520052187691476,0.020093292040998634,-0.3427553012740836,0.909476704684993,-0.18859148568391593,0.528661593706447,-0.259335970679047,-0.7132390580861517,0.46260866399445344,-0.28492988676723197,1.0031
0.029045272940785793,1.509999999999998,10.639047619047618,-0.19590909090909037,0.009507407799491219,0.016708211506733406,0.014511363083892448,0.003205306581364198,0.010733117823022553,-1.178462929492865,-0.42889754364565497,0.47993621273107817,0.4339380252153043,-0.36407172080079614,-0.4331402824314675,0.8713614668788546,-0.007296194265165303,1.0037
0.03069016418599091,-3.299999999999997,10.37904761904762,-0.3408441558441542,-0.0002392041197047945,0.006571174081509312,-0.015331793586840448,0.006399061498136405,-0.0040707490970284255,0.4490537765560132,-0.7632581089412311,0.2909408947466495,0.3570572695347231,-1.3572055202390285,-0.572036151830942,-0.5998587587794144,0.5795343340877928,1.0025
0.05458857406720291,0.8900000000000006,10.339565217391304,-0.17447204968944163,0.006653561727503643,0.025610532852267553,0.023874137198710343,-0.0014108080085755148,-0.01759484438187897,-0.9342640884429244,-0.706183674697254,0.7549037421269468,0.4799592756626788,-0.5900237640897573,-0.06950487039458217,-0.49547715937823916,-0.9716796299549719,1.0043
-0.016699572981486277,0.7299999999999969,10.238636363636363,-0.015592885375493637,0.00019386867157855647,-0.027320605623447847,-0.01825417733669532,-0.005557845983293674,-0.004864760124339895,-1.1756768969479865,-0.42261259196674394,0.46816644565383086,0.1318170308791717,-1.4628459853591944,-0.055507116046287865,1.3407875892383765,0.7496010321077357,1.0023
0.0030857343211705413,2.950000000000003,10.323333333333332,-0.10564935064935099,0.006626881211202473,0.0031113046011945755,0.01760850914427614,-0.0015858660581429262,-0.031463796218144324,0.22431708210969895,-1.0978080847034364,-1.0611531555330678,0.26663466248798995,-0.2680228768330063,-0.3798244953886622,-0.6581060114186063,-0.4103004475812971,1.0048000000000001
0.00046491651029650916,-4.790000000000006,10.017142857142856,-0.3648051948051947,0.0011842552985434907,0.05737773519604872,-3.659521540555488e-05,-0.00018667043816833484,0.03264829933150892,-2.4623724796952104,-1.1876978535484175,0.6703264879062087,0.26213737340611,-1.286516561299659,0.7435480318082457,1.7229294188849287,-0.5876564828058188,1.0031
0.035963519497529794,8.580000000000005,10.160454545454543,-0.01681818181818251,0.0012919931932096063,0.009831821385413164,0.017489660897203052,-0.010718077148855087,2.8338798168547896e-05,-1.4612686231772516,-0.8914076743047981,0.7398301043775836,-0.9216169870031409,-0.6680018143635531,-1.2697397968865372,-0.02514863312732486,-0.04182623594456606,1.0036
-0.04543365116126952,1.269999999999996,10.114117647058825,0.4422727272727265,0.004429266680936905,-0.041307327066281374,0.0011657270830962574,0.008126439454020584,0.0028047649785456485,1.736828999277008,-1.4684424482935734,-0.5495054917932006,-2.133469234084139,-0.37779498588517796,-0.715403267360561,1.3966289315048668,-0.2571933059805778,1.0029000000000001
0.00019907772918065225,0.28999999999999915,10.14111111111111,-0.02836363636363437,0.018519281078841487,-0.013724832902662243,-0.0015761535705056673,0.02115118578497288,0.009994357832994183,-0.5756827713411946,-1.3158234232218884,0.1370636345503297,-1.0475418267686896,-0.7959982610799733,-0.1394332222988419,-0.015009442003661454,0.043871283846137435,0.9995
0.020188591862820016,-3.279999999999994,9.897727272727272,-0.5245217391304351,0.010386759656883626,0.06332988877622547,-0.004008254031191427,-0.003597745318646872,0.0021769131797864105,-0.6091369785748325,-2.4348834406769884,0.4285975231564026,-0.39393460204981107,0.22431733781787414,-0.7102139655780814,-1.1172414161541224,-0.837482127440333,1.0009000000000001
0.24455395098644717,0.7199999999999989,9.5765,-0.20297826086956583,0.0052378228363156865,0.03196954452147338,0.016323727138935595,0.001157348097830635,-0.004696706480100232,-0.6915892193206263,-1.0121854913678263,0.5523115722008676,-0.6431518234161248,-0.03899598820828692,0.12195213553110791,0.27846933530494633,-0.4421673335792197,1.0008
-0.11205036969789528,-1.980000000000004,9.1345,-0.16050000000000075,-0.0017735473351496722,0.058252480191493206,0.019928187942619857,0.005813474871875002,0.011817102310406113,0.8930633137424098,-1.0844606199629663,0.685504948686664,-0.8706661491375187,0.37842668267624097,-0.5807273583885079,-0.4166544402135853,-0.8055709023300645,1.0018
-0.10712949506984848,-3.960000000000001,9.10904761904762,-0.07681818181818123,0.009961686512033552,0.034954745735676696,-0.0043479508220478635,0.0036762586142948805,-0.005635263369144994,-0.9225956768009859,-2.0812763463959967,-0.8709820162665013,-0.6077438981999607,-1.234050744516799,1.1443944013941896,0.24824674199646787,-0.196108364383552,1.004
-0.03578178507920188,2.1099999999999994,8.947619047619048,-0.21556277056277118,0.003469100016602056,-0.029977781970806916,-0.004833144194021699,0.008281730024133793,0.016352005729251218,-0.5765808404853096,-1.467401168894774,0.6296574586706766,-1.4476745814297438,0.3177155026264319,-0.3696077651272017,0.023136952981651693,-0.19266455868393093,1.0012
1.2349340310635615e-05,3.220000000000006,8.536521739130436,-0.19761904761904692,-0.0010631572940589251,-0.029029981754442602,0.0009077334159037775,-0.006195304070885754,0.007866186957061316,-0.456033022669433,-1.9116675478393386,0.5234764334711891,-0.6251379564040868,-0.9559952677786663,0.7293827285831249,1.0579489489613279,0.5660466406566269,1.0016
0.00011036667370856179,4.449999999999996,8.373809523809523,-0.09571428571428608,0.004137419647108231,0.02360642929826895,0.037656146446471084,0.0008081614733548292,0.042970428360618484,-0.6215589378615968,-0.9962219191580384,-0.34149034921143195,-1.9982152613907342,0.22476487226741163,0.17665471968443885,-0.9671012287587855,-0.17731212331905188,1.0053
3.0422260097417997e-05,1.3599999999999994,8.043181818181818,-0.2865584415584408,0.007747179209470545,-0.008437177532348628,-0.013171010384196435,-0.004954839380843623,0.027996346827654506,0.2688113697891397,-2.0036780164330956,-0.39833624691572844,-0.8680929736284417,0.27301050954088024,0.36486954321365556,0.2783573813667324,-0.19112681500145634,1.0001
-0.0358453411557329,5.200000000000003,8.014285714285714,-0.5049999999999999,0.010377167515999375,-0.048602315839884724,0.01219907812879839,-0.004939580597167037,0.020509995022386818,0.05189001988493038,-1.8661799089636626,1.309963024929715,-0.46225658049079754,0.40385723394751777,0.14510727554980882,-0.14584817031855846,-1.033192608693262,1.0015
0.03527701321575366,1.6600000000000037,7.729523809523809,-0.08177489177489239,0.004596526171555482,-0.029662471134038526,-0.006029910653273518,0.011151657720912311,0.004451141384963719,-0.4443199543704291,-2.4417185173930975,-0.693016387419086,-1.049331719943387,-0.3340115037730612,0.5896044321702608,-0.07750635182733806,0.7723814578357757,1.0004
-0.0003943912341468625,4.709999999999994,7.087647058823529,-0.38051759834368415,0.010601946874233548,0.08191545572648629,0.04095118867634895,0.013135816439778125,0.02106156610123122,0.3696596365800719,-1.8298936943634907,0.7771719085142018,-1.2436089805152675,1.2278827891564141,-0.38637582967692663,0.7753622202399062,-1.7101927058670594,1.0003
0.03523437179952166,-3.760000000000005,7.145263157894736,0.3475652173913035,0.009413765258113216,0.023870590066632502,0.014334651212269733,-0.001097292844313813,0.011436071256124336,-2.622235131759277,-0.9559394161460856,1.0950847544989553,-1.482464446855015,0.9898683170214847,-0.16766837378077876,-1.1716536458566968,-0.449630215624995,1.0002
-0.08520369048652926,0.7000000000000028,7.1465000000000005,0.023363636363636253,0.006340931841886999,-0.052190565531335054,-0.03362609645650494,0.008737462073213464,0.01765434856814352,-0.9876139171707264,-1.3165574391653811,-0.9423634513777247,-1.952708064267012,-0.3155762849592375,0.573860333100851,1.6281740196481298,-0.0018653757242664622,1.0012999999999999
0.02011073216782977,6.090000000000003,7.002857142857143,0.22768398268398293,0.009395553886516694,0.013175101160731728,0.043246329822986596,0.021872798886647615,0.028626687222518044,0.11666260750776163,-0.12904263168386176,-0.5494821599667228,-1.8194787831298918,0.5568258521328258,-0.4745979503938096,-0.40045240889194217,1.0967761619897134,1.0031
0.03784242758538353,4.8700000000000045,6.9455,0.09095238095238045,0.013069585676435125,0.011454410532730108,-0.005814719401463719,0.007271482248373928,-0.008321411791337496,0.9870165031162016,-0.3020023164140865,0.2912418894521335,0.028515100940354105,-0.2362097330384368,1.3808684251174104,0.6714603973324001,0.6723933806558934,1.0022
-0.0008066188900577309,-2.5700000000000074,7.0215000000000005,0.4666666666666677,0.0011733162123306329,0.12123879485067235,0.012297545821697398,0.0007098532680451797,0.006405937537262929,0.9536288774697421,-0.4526033984883391,1.0014485605827912,-0.0035412345032731756,1.5498743744796453,-0.36066435154867127,0.4421493908533783,0.036878346685323846,1.0053
-0.011032791632055727,-0.1599999999999966,7.089545454545455,0.211515151515151,0.009307993805599324,-0.03089003563711934,0.0007477089354903654,-0.0004751978296866355,0.005855954530096241,-0.5836972235068474,-0.05877556115585008,-0.4356105265472579,-0.5338545866244904,-1.0734703451912246,1.4376764204413683,-1.309174867949148,0.4657624254928488,1.004
0.008732875712901933,-1.7199999999999989,7.027826086956521,-0.03557312252964451,0.00148547678885258,-0.04427478745185098,0.003748605515806247,0.010054136913105083,0.031269334977531926,1.2140345699851658,0.7016671341801961,-0.40342099970240014,-0.9476894493898808,3.1866265488488725,-1.2954393611886827,1.0161283326547916,-0.4986701246702815,1.0037
-0.011575330834053932,6.359999999999999,7.148999999999999,0.1763913043478258,0.008251859958331664,-0.01823942463864192,-0.029236036550766897,-0.002432097493979768,-0.004712554940120128,0.4970414732988136,-0.36781862991379466,0.23636935993842625,1.2413501414117074,0.2558848294186406,1.2207672861124648,-1.370814194146539,-0.6049876891664662,1.0081
-0.011867740391146353,2.1400000000000006,7.267391304347826,0.05578260869565277,-0.005900416183662216,-0.029762018767302223,0.03411590912724094,0.0014895722671859346,0.009418924294649855,-1.0680854561297104,2.17319078976746,0.9576442651356921,0.15277467591382987,0.68747357885901,0.8546875782804836,0.6575648922519836,0.43308057401689226,1.0036
0.007995116931471924,-16.28,7.250952380952381,-0.18250988142292535,0.0042023140800129255,-0.023225543822514183,-0.017309974350290247,0.011177449260820538,0.01095435767654429,1.0403919375745925,1.1804629044420716,1.23910158142742,0.08082844889339875,0.2032477006821931,1.0418520197060022,0.1090500263725731,0.1341508662304535,1.0065
-0.0019152572543683632,-7.390000000000001,7.492380952380953,0.032012987012987715,0.0038540288463355665,0.005640643324870354,-0.0028803055407475853,-0.018772143821752962,0.03285689109873857,0.7726688201536163,-0.13385483792350836,-1.5176757270359518,0.5680112039222155,1.6864942303746489,-0.11236259033605346,-0.3479585642979282,-0.6336114830911296,1.0064
-0.037328002450901676,2.049999999999997,7.645294117647059,-0.15732919254658473,0.00012974028222245693,0.03018816403685598,-0.0022083239857533243,0.004490246509021745,0.008503968680155793,-1.8960340297551643,-0.02526397738450744,0.14305737421442719,0.4645163233946531,-0.7858482285245139,2.088353954097439,-1.3243230413965121,0.35053420134984065,1.0058
-0.013685565250507625,4.550000000000004,7.5905,0.09804347826086968,-0.005469837456828941,-0.016271465124257034,0.001425288366766253,-0.007720170207402788,0.00398783938470082,-1.3659560803822608,0.23186696326529177,1.4901516247803261,0.27804340427084046,-0.8325433921552293,2.40945143687706,0.6423994927484771,1.2093327920401065,1.0033
0.03145130302627186,2.1799999999999997,7.676,-0.24452380952380892,0.0030124065960102087,0.024678954254826024,0.08165259294257332,-0.012994579553236463,-0.007235544931353033,-0.28210205267114435,0.10012981880373867,-2.62738881109112,-0.8068156493235146,0.8113125130199939,0.37347786896355945,0.0471219586546221,0.16596150843604104,1.0047
0.023616672512124737,5.090000000000003,7.745454545454546,-0.19502164502164554,-0.0035070952020621604,-0.0052359432971798014,-0.04448368058327645,0.06192322160014996,0.009322724071454402,2.0718048055042475,-1.5062043751565464,0.8380009962562183,0.4507154533775427,0.5021385974577157,0.7847825773463475,0.7500833077354857,-0.4910704562855357,1.003
0.024087588336573873,0.0899999999999892,7.7155555555555555,-0.23284584980237089,0.0015203948133493128,-0.05555331240890382,-0.026394763468118754,-0.008895768928802283,0.014015272465870865,0.48602788838302596,-1.449815573989084,0.3025968932956524,0.7275613708981481,0.771376929800211,0.5714860929561721,0.17002098201561427,-0.2507718662896653,1.0042
-0.037372684801416256,-7.099999999999994,7.576842105263158,-0.09160869565217489,0.006309147930073422,-0.27128761037822,0.0167319224847553,-0.0057616036568006734,-0.0028643735224740396,0.3992398509416677,-0.28847787620265375,-1.0397206351984205,-1.173131365866953,0.37219121486946677,0.4932810800248715,-1.0420368256131087,1.0525430200372836,1.0027
0.033724812490648126,-0.29999999999999716,7.320434782608696,-0.22534782608695636,0.0029684420316655746,0.0699282378826549,0.017287390660543522,-0.016170268927950815,0.0077652202096167855,0.8564815831339899,-1.4567391680034638,1.5327161685682644,0.7058576370528072,1.6416017780148844,0.08802867830346248,0.9203857694206968,-0.9257038124666945,1.0011
-0.027755744011775496,-4.880000000000003,7.132272727272727,-0.5092885375494065,0.00782147279769596,0.10019274735127937,-0.001238102806743413,0.007434549558823278,-0.01062463916558265,-2.0292178474397535,-1.8112895389936337,1.2010586776870322,-0.4756416543376124,-1.5135065523032094,1.8417542434947463,-0.8781003698276657,0.4313684273984618,1.0019
-0.002263099541457536,3.789999999999999,6.855714285714286,-0.2635064935064939,0.0030838152298446886,0.07589412271587648,0.010403545976492623,0.00850015363576162,-0.020143121702583144,-2.067680590771405,-0.004184724707410397,0.1331716392712205,-2.5501756264974946,0.1719158804550839,0.4404615778302072,1.5815851471234488,0.41574469124956615,1.0003
-0.0023792708589002176,-3.1199999999999974,6.789999999999999,-0.31720496894409944,0.014665153728984137,0.03877430644467417,-0.01378535879542575,-0.007481440646067483,0.00406073007677854,1.26483036712342,-1.7399251493808356,0.8280421001350723,-0.001338659060462049,0.12875619355952508,0.7695011874583062,-0.6418518965150511,-0.12606556180058273,0.9998999999999999
-0.002422173466604838,3.5,6.457000000000001,-0.12612836438923392,0.005705437300965954,0.03656481818296342,-0.0044647512930637845,-2.0799913443170226e-05,-0.032331034840806794,1.6420328654297263,-0.7916264399246052,-0.8468376292884048,-1.1193969809739466,1.8420259124002583,-0.2909197308823069,-1.3679837718182102,0.9379445041785249,1.0034
-0.022368433641107688,4.100000000000001,6.151363636363637,0.5413852813852813,0.014618023007667347,-0.01674497415337939,0.02003403683046301,-0.02215093694827175,-0.025617166233766753,-1.4613827072237204,0.915625441279509,2.395318152272214,-0.721321649574683,1.1890592422156592,0.8270172737759214,1.9892271037960494,1.1369065999962238,1.0016
0.007762935898269707,-3.6600000000000037,6.038823529411765,-0.0648221343873514,0.006421006289990316,-0.030638211676532023,0.014698098537740734,0.0080574130706772,-0.01373317789374262,1.3485818752097163,-0.9616768707176463,-2.0936162606757724,-0.6014854722158346,-0.43297548908831796,2.0410145963793815,-0.8781830612926909,-0.4191213028997341,1.0016
0.00781679587309847,-7.990000000000002,5.938421052631579,-0.8150869565217391,0.008013439112888321,0.036441012402818274,-0.009225462980282373,5.414423241134614e-05,0.003945327025189016,11.054501848054024,-1.6200565326012153,-2.937947176622619,-0.06865341389278912,2.1217708991462185,1.00299284565329,0.4297694313657508,-0.7799356862104585,1.0001
0.023436350981791865,-23.65,5.79421052631579,-0.6341818181818182,0.00854304556703589,-0.015914408865159047,-0.039763289193238904,-0.00767312762407002,0.029045233597678077,1.5949880335984883,-1.390838884661321,7.900400981664706,0.9842270014349913,1.1692044807279602,0.720454701547273,-1.8645548891499928,1.4147970398920622,1.0054
-0.0734749075912553,-13.629999999999999,5.994736842105263,-0.14363636363636356,0.023911548914725245,0.016898844991754203,0.006242316286709126,-0.13904455513853264,-0.024302538080958058,-5.74328164146193,1.1561879535501838,-1.375558429870425,-0.7032859505183346,0.2689530600664094,1.1860438990161766,-1.1439175131827752,-0.34216792318957884,1.0069
0.033554388541869096,11.0,5.468823529411765,-0.013658008658008924,0.0053079037108290095,0.01727484288706549,0.03854030950709664,0.02734677067884661,-0.020111859145307776,-4.360488172001353,0.9677167844342678,-1.63942632829086,-2.010563534414516,0.006390747876959819,0.6879359953742631,-0.5447340745569068,0.935415282699816,1.0028
-0.03762163229985821,10.890000000000004,4.994,-0.009069264069264449,0.005051238465487273,0.08840916227167384,-0.0326386285787752,0.028594089905599418,0.016588079682785306,-1.2596754327538893,-0.16292786415025198,1.725696984601995,0.2170574501098174,2.148903955780532,-0.24606931212077313,0.9420123141183537,0.540689484499211,1.0037
0.06935725311498492,2.969999999999999,4.2290909090909095,0.0830237154150204,0.01536713535018741,-0.017605908329699105,0.028962981109399877,0.043688082182907095,0.006534093654746442,0.14350547043253778,0.005919154762133674,-2.400095640348875,-1.3667121404614222,0.0405508574245855,1.2339646536988755,1.1769228634537203,-0.781419454671847,1.0031999999999999
-0.0019202781724750317,1.5,4.155238095238095,0.061759834368529276,0.007777622145306751,-0.045996844337148346,0.005433950933859677,-0.012196983316705712,0.0007801389446182583,0.8141325702949951,0.17875761087799003,-2.33253640849056,-0.582215291284951,0.9259470189005107,0.04893991364929325,-1.050548687401257,1.233022855008632,1.0037
-0.0019990599531717335,-3.8300000000000054,4.165,0.012943722943723479,0.004377709263382101,-0.027762464494982098,0.004585728247047172,-0.009282904381997525,0.0280873863002995,2.116721680873621,0.3033159794101979,1.4341693846456445,0.6176668716021051,1.0862061882201322,0.6431002325683677,0.038539169344745376,-0.7512524530787684,1.0045
-0.0021212796180360427,-0.7199999999999989,4.174090909090909,-0.08454545454545492,0.004599929637775446,0.008156183269965922,-0.0074358683203801235,0.02051676621501386,0.001731328811640509,0.8978475922313325,0.7226339309103857,-0.6320402730372966,-0.8445879401322465,0.5896089822450356,-0.44738495085117463,-0.1410454782624676,0.45311477791450516,1.0048000000000001
-0.027827907474984703,2.5,4.061999999999999,0.3049350649350657,0.0033368782836795674,0.0069775360741903825,0.05595632247340099,0.010686864532438278,0.011213431312976141,-3.4870492611296555,-0.47343896801306534,-1.0480413469381673,1.1998544671304272,-1.3751009169004376,1.8896170327037778,0.5488697467918268,-1.501506699113965,1.0087000000000002
0.010649898387378676,7.300000000000004,4.171304347826087,0.45490683229813644,-0.009322580363557265,-0.0008196240995808068,-0.04085388776602805,0.04754004084808372,-0.02284107452791062,2.4728409380215703,0.060555707068783354,0.9447868750504032,-0.7963848422974201,-0.15356927609263127,1.041424403184662,-0.5408171707484128,0.26416969040461263,1.0062
0.010643804515339195,4.780000000000001,4.306,0.2579503105590062,-0.006981049737325051,0.0031246583764303892,-0.01305334149418691,-0.034220095344632995,0.004664322199669613,-6.334032442597852,0.10557605177088229,1.0819323925803734,0.08026454352157389,2.2851796233462847,-1.5422585576908419,0.8031531756406595,-0.8045811852735335,1.0045
-0.07509436402955649,7.509999999999998,4.057894736842105,0.3360714285714286,0.0036826836186811818,-0.00392261017996276,-0.010910971550670112,0.008124398411684552,0.014549123210187531,-3.3766933544983284,0.8346370623531644,-0.5598183831177533,1.8228894656348087,0.5506065297169629,0.1390131626712427,-1.104758566415366,-1.0240850220500233,1.006
0.018922465238378372,3.1299999999999955,4.222272727272728,0.5525000000000002,-0.0027851560276026532,-0.009791826772300283,-0.026668139294143245,-0.016142530197893024,-0.006195047826153655,0.9115340977171155,2.7051539182259963,-0.7892155450772672,-1.6560620516255586,-0.38376801770255925,0.8706671700744228,1.371853533609229,-0.062283667232763316,1.011
0.01541180029919903,-0.5999999999999943,4.514545454545455,0.3504545454545447,0.008831365822986825,-0.015059454627722957,0.06102822202887381,0.08087231256343586,0.04441603691136642,3.150723296492519,0.4980575116492394,0.4197374047237623,0.5143907836436454,1.354863200621582,-0.5042158576803398,0.5591742721771985,1.666350555154561,1.0053
-0.018140310988590147,3.719999999999999,4.791052631578947,0.07097402597402613,0.019002916553946037,0.0468331606813841,0.019339305159368436,-0.010497613634260716,0.04680906392148643,0.5987690306225143,1.1154599450334428,1.5191885733639712,0.6581747186595526,0.31706278586944453,-0.5311502197158133,-0.22309398892493443,-0.20757497858971052,1.0082
-0.021540506711744734,4.6299999999999955,5.1033333333333335,0.3540259740259746,-0.0033876383896096485,0.023329504362184394,-0.000246202275560492,-0.020778876117486078,0.0027274058576853832,1.3345422207740902,-0.3158430876558048,-1.0318588892506113,0.7208822515178623,-1.0985577522249894,0.5749302787752311,-1.1468735476405931,-0.07810351106349395,1.0092
-0.001174363581953275,2.010000000000005,5.759545454545454,0.6559090909090903,-0.004122564966431597,-0.01587277579412394,-0.025946557055410935,-0.013353221343972876,-0.013340816980328185,0.16259060417942905,-0.634390560454663,-0.124055176413037,0.9369474960486772,0.2779029170701449,-0.6548336074346203,-1.6484596501861557,1.1597564135782432,1.0062
-0.0010740597910643412,-4.420000000000002,6.297272727272727,0.8072727272727285,-0.006237669500896104,0.0026975023876367743,-0.0025397956749113604,-0.007853192095939932,0.01742653595190724,0.46284842375503804,1.5966480740679816,0.4705843242564183,0.7648010690277026,0.677074032304118,-0.35804238959872775,2.1827762777519966,-0.8983636223948449,1.0073
-0.018140195439093454,3.739999999999995,6.569090909090909,-0.1404545454545456,-0.005666989940099398,-0.019084642453998768,0.012380261349973054,0.015527400741117248,0.004335890280691146,2.971581393084418,-0.05762516382353338,-0.8647719867083381,1.5003473816794188,-0.5641540353720441,0.40180045293075817,-1.0815416072738167,-0.45275534061334805,1.0077
0.0764169382715657,9.050000000000011,6.809523809523809,1.2318181818181806,0.0034540454526919007,-0.01688794347249889,-0.01996747981229774,-0.006441820122169872,0.02249292773732492,-0.34193957894056737,2.2551384912133385,0.41608844011521623,0.8446211079129868,-0.5058995596396959,-0.16885801795282063,1.3280505999823364,-0.039941337688611654,1.0142
-0.030828089104071088,-2.490000000000009,7.331999999999999,3.3940909090909077,-0.007695047850235781,-0.008168860449341508,0.0010503886025539089,-0.01832568102660659,-0.007362409915730339,-0.7172209269512492,1.9388090475074247,0.3797575638605573,0.22323844950263375,0.3157582673852774,-0.9748476574333866,-0.47421467804560996,0.980017599666638,1.0092
-0.030722162553567633,-6.8799999999999955,7.617727272727273,-1.1775691699604707,0.011050798878622814,-0.03574684265878858,-0.005092741134737011,0.07337451327337163,-0.01350494228029575,-2.850760142150671,0.3534493345327343,-0.5032469705240492,0.7089346715296873,0.02357172685298009,-1.0745173818637963,-0.6596694535105992,0.9008041925573544,1.0061
0.013904222900843644,12.340000000000003,8.286249999999999,-1.5546169772256775,0.006502103186218022,0.02207409570686103,0.013898098191392094,-0.07779625126359235,0.02557079847825605,9.986551286953233,4.311941968357159,0.09262457854857556,0.03521004047227788,-1.897199330043913,0.11562512879663077,0.19318314143656345,0.7436600840904248,1.0095
0.009316731765321662,10.61999999999999,9.565263157894735,-1.383904761904759,-0.0013367338053278388,0.01366447000910398,0.02855031551777998,0.003753135627345472,-0.013503494163060736,-2.1269003697721676,7.628611360176731,1.663460981513177,-0.4518888862992449,0.8250834292809985,1.4780467872473717,-0.7512241334884862,-1.258107323565091,1.0073999999999999
-0.00015985241591670585,20.120000000000005,19.873636363636365,-1.1271304347826083,0.004650720831897104,0.00847570237594475,0.0919795216238466,0.06642911688222597,0.012673848948143274,-4.137179730870162,-0.976798497931976,-4.837786893299721,5.32984361956441,2.1973283815230644,0.24495173377803933,1.133186639947233,2.9381139832381082,1.0885
-0.00041396182256014935,-12.670000000000002,17.08047619047619,-0.13086956521739168,-0.03786816559905226,-0.060539845506800916,-0.1702797732718171,-0.11323930321232822,-0.03214786083878707,2.024111239007878,0.4679750631923244,0.5262032035321679,2.1646819542258147,-0.6720123770814149,1.8103613470399615,1.3598593906129912,-0.9237905228273454,1.03
-0.009636670372205836,8.760000000000005,13.253333333333334,0.4040909090909093,-0.0103354290086628,-0.01586376292657654,-0.02989604687023295,-0.027313314763041774,0.02893983988183102,0.006416330449190472,-1.242460852434735,-0.9772066834447581,1.9635468424876283,1.46362626801509,-0.11818755878894709,-1.8154188908349151,-1.1868978057488617,1.0048000000000001
7.984861615434324e-05,9.36999999999999,9.634761904761904,-0.1186363636363641,0.007178833401660256,0.015050208595262404,0.027929960278644472,0.006689902291622474,0.011466773893287652,-2.4335913027879204,0.1653518059642601,-0.4512103979185039,0.7311342967244371,0.13878079875941587,0.02676652328048723,-0.13130438245419243,-0.7994321263845848,1.005
0.0003594544094215335,-10.779999999999987,8.9,-0.344025974025973,0.007139685289066833,-0.0007006701185847675,-0.0033873111212283646,-0.034865585739108695,0.00868516310997336,-1.1664401885978088,-0.16770715362589037,0.6730012082062118,2.066186605798949,0.3353326039734435,0.11348888872234567,2.0521644631636042,0.5677503017980028,0.9998999999999999
-0.038489434394049504,-11.480000000000004,7.938695652173913,-0.2388198757763993,0.019640093367916833,-0.011396921006589622,0.006902091565763158,0.018351356319225687,-0.013908825817139814,1.2389499892214577,-0.5510889575058262,1.0816471247256332,2.8946385829787724,-0.6172684081643023,0.9917902244537483,-1.5378664819063168,0.23820390703697414,0.9978
-0.01969784643941036,-10.689999999999998,7.678181818181818,0.15466403162055453,0.030290065706514824,-0.02854107148142404,-0.003597326045094107,-0.00657942771025688,0.007500162610181604,-1.21785497691403,1.9462486746594285,-1.2581454981320523,-0.3787791835019973,0.48468728089070473,-0.16968329566133014,-0.0755227653619298,-0.09352369252920506,1.0042
0.03093277831011426,3.569999999999993,7.672380952380952,0.3479653679653678,0.021147811742668665,0.01764762538518383,0.0092609050389445,-0.021135650544476192,0.02649481099348705,-0.8804431698407237,2.164194923546986,-0.12367179677170348,-1.204494481417852,0.03547114634564458,-0.49396711868039617,-0.42750378929431027,0.7523781462804378,1.0001
0.03109533657884911,-1.9099999999999966,7.314285714285714,0.027489177489176342,0.0007082719678468408,0.01812663344714771,-0.0003599770910227562,0.022079311005015256,-0.002222786971318058,1.674317432536803,-0.7558712359019972,0.09599048556775165,0.3349666520296477,0.503513546346445,-0.32846409378335134,0.5311745523692433,0.7045971562063675,1.0017
-0.0008571701516417174,-10.5,7.310454545454546,-0.29136363636363516,0.01105539975739056,0.032131321503694465,0.027450261256557695,-0.0732923700196757,0.040241119488188204,1.1714731450946345,-0.2550960556358616,-0.6085494429930868,0.07613835072325002,-0.29612958291916663,0.0031781762735435194,0.36819358627570786,-0.9831424703369824,1.0012
-0.002526363001451981,1.5799999999999983,6.997647058823529,0.2681818181818185,0.014707667108938338,-0.010312363741359576,0.001109200085545936,0.07094541459819226,-0.0035731085494745685,-4.11880973612221,-0.35366736044842,-0.45873435459691814,0.7964292585443498,0.05713375860609561,0.3855769378348157,-0.6757113355057974,-1.2585576415341688,1.0008
-0.012727824355636741,0.09000000000000341,7.113333333333333,0.2259545454545444,0.015643803926051802,-0.012819138094060989,-0.007095359006285662,-0.008788604124497112,0.01790586275778594,2.0692812792066766,-1.2657355375107104,-0.9838370255893737,0.7958392525844588,0.14030327254100294,0.8543821853142286,0.20984012868945032,0.2781982900110125,0.9961
0.014716936856299156,-4.159999999999997,7.354090909090909,1.0258043478260879,0.014443264577797876,0.0020275181608688797,-0.043597218963416395,-0.043389016539084224,0.003858874177320004,1.6192027868595662,0.03412623922069938,1.9486144611005163,-0.7138227602140824,0.7511764647657332,-0.5159333387971794,-0.4012345488374424,1.140709160394495,1.0017
0.004942369518595613,6.209999999999994,7.1594999999999995,1.971195652173913,0.0389842181825486,0.05138067028216753,0.10723619329804457,0.06867110042826852,0.024081244086479714,-1.9264562565960806,0.9188366917585118,-0.7468425848684036,-0.733709122669978,1.0848591654535065,-0.20323375703617513,-1.388790807290289,0.17674064063638048,1.0031
0.00148868750757436,-9.170000000000002,7.251,1.4540217391304342,0.01786993938432424,-0.009146253869678489,0.015260553687229006,0.017057689233119788,-0.0232681812924298,0.22538358022743082,0.37075887198783836,0.1337171079788578,-1.2795352888450764,-0.7788296281246891,0.6452996526597946,1.3317845704029867,0.7883806977423498,1.006
0.001931934571360705,-0.6299999999999955,7.331904761904762,-0.010612648221345111,0.01581543697447252,-0.028575095980013288,-0.006069637569305897,-0.004014582908340003,0.004444716691994088,1.2846126530139552,0.6522519685688905,0.3001814949462427,-0.6105073323550548,0.24695420183071579,0.027799561911327174,0.2403632299563353,0.3011442167544312,1.005
0.039673860071442635,5.269999999999996,7.827142857142857,-0.3525757575757549,0.015245214102590054,0.013193900768975197,0.01832823789348126,0.02122463077584058,0.0161948103680718,0.9289456238604515,2.53360613410981,-0.4398657407518926,-0.6948320943445793,0.1694753513411424,0.601958910018433,-1.2906394127204124,-0.9278344002632997,1.0039
-0.012540645842521903,6.040000000000006,10.331304347826087,0.7262318840579702,0.009031530881580707,0.01771078432460982,0.0053182225373777925,-0.010755899979439931,0.02108249931753825,-0.5183598122337602,3.8172727379658706,-1.2053812741989889,-0.7353200906780566,0.9688044041621481,0.6830398807159758,-0.20420886655058845,-0.7035287088456599,1.01
-0.007933591022907305,7.569999999999993,12.28095238095238,0.6151966873705987,0.0025312272358117838,0.038312073768974386,0.006764081227174756,-0.0027330862698278224,0.006413981399735036,-0.15747021537248085,2.6494132647091284,0.4170596404945098,1.6790532726206824,0.7594344582364444,0.8245326295480063,0.15207042260912215,0.36375271106906093,1.0053
