unemp,fm_price_exp,fm_credit_cond,Brent,MIACR,obligates,M2,paid_services,money_income,trade_turnover,debt_firms,PCA_1,PCA_2,PCA_3,PCA_4,PCA_5,PCA_6,PCA_7,PCA_8,inflation
-0.04390170139985483,-0.5049180327869003,1.6226708074534208,-1.4200000000000017,7.845000000000001,1.0168809523809523,-0.00040687270918127183,-0.047267206938990114,-0.0053467656130337105,-0.018633845096751145,12.254736853548513,-1.6515909409630334,0.24952549431637472,0.16417121718095362,0.9765399438764196,0.8415267717549433,-1.0880158599127252,0.42854044647526157,0.07546026431096339,1.0086
0.05362416115314805,-5.7910169265626905,-4.4642857142857215,0.28000000000000114,7.874545454545455,0.09534632034632029,-0.005791038558754735,0.008364430814257418,-0.0005030397833927225,-0.016909604116619903,12.280323920045586,1.0470725286289855,-0.8582718052709312,0.17893293836739402,0.22546637312266476,-0.1146043062471339,1.1325081700160704,-0.7667171731900617,-1.6723181664546205e-05,1.0073
0.05750852338111434,4.32926829268289,-0.8928571428571388,1.7800000000000011,8.214736842105264,0.45727272727272705,-0.000856804290384261,0.017873256679328264,-0.0016297686865609506,0.003143366476393794,12.279105664527961,0.10894235955804887,1.126124425371899,-0.130164056482417,0.057480080905030095,0.0122743510375939,0.4303487765198012,-0.09069033382833118,0.2564765238181291,1.0062
-0.011649624988069762,5.039682539682598,0.4197191697191691,2.259999999999991,8.233157894736843,-0.07261904761904692,0.003645334131459066,-0.042484818718191875,0.008779629487456475,-0.0035024586382164102,12.293987304643462,0.24136735722305172,-0.40759264091125513,0.4344507842166799,-0.8663936989219224,0.17206444704062407,-0.3657640553930082,0.5080241511451019,-0.005498501254351756,1.0122
0.06578880326678882,2.0131629887726987,-2.1027153770517,-5.030000000000001,8.172173913043478,0.6450103519668744,0.005837854893895766,0.031561595449426605,-0.005877895179477122,-0.01759867477444743,12.321860830397553,0.6370499427268477,-0.1478311719338363,-0.6919346788956098,-1.0682471947655998,0.5446459058439264,0.4010330233773375,-0.2371075887508381,-0.14181095370120733,1.0062
0.0663059137053601,-0.5308069609621988,1.7699115044248206,-5.159999999999997,7.877142857142856,0.06070393374741201,0.004677096714852169,0.008253563513822115,0.004512398154810526,-0.01805934204497106,12.326738004807753,-0.23306504643711876,0.6862105138677941,0.46212033310282047,0.4296073290025083,0.040904223609510834,-0.6621708927760495,-1.027535214665641,0.06022429128719765,1.0064
-0.025741609167741597,-0.5553719008263975,-7.5068660360085175,-4.519999999999996,7.949090909090909,0.127359307359308,0.007370468955718579,0.0040687365553750965,0.0074474388177065975,0.0043918616592186766,12.349751027820131,0.7685970186119645,0.3629385381117975,-0.7647446094696556,-1.5837370950507392,0.14579547912817392,0.9773438269048841,0.6632016267627493,0.0690317772581623,1.0077
-0.004809437812238748,8.6237288135593,4.851998779371296,-9.659999999999997,8.240434782608697,0.4549802371541478,0.009827846419366182,0.03069197661004175,0.014763519475952336,-0.01088927226367531,12.352366614225794,-1.0290713655059784,1.2396166252878238,-0.23198016873650146,-0.5708440232212483,0.5076737215722614,0.08733918825804031,0.23276159165607405,-0.6510786896996139,1.0051999999999999
-0.012806216400142567,-6.223728813559301,-9.540444030429999,-7.990000000000009,10.211111111111112,1.239065217391305,-0.003379328257612002,0.005165428624628987,0.004653868608304634,0.0013801320591184663,12.364879005835714,1.7999895605590803,-0.3760546148857715,0.8770581623162889,-1.191602200637094,-0.024114530528355434,1.174922415973073,0.6005063404062905,-0.04331318384115534,1.0170000000000001
0.022408166442603683,3.750819672131101,-10.244088482074801,-17.099999999999994,15.468695652173912,4.337021739130437,0.0016201748362316692,-0.024350034755903138,-0.004590679117312035,0.011873400762436148,12.365210565818147,1.3999009422572573,-0.7454846268785311,0.2773263817305728,2.372850243401312,0.10984217996419635,-0.5877263653563143,0.02128732009378003,0.27638214909627906,1.0305
-0.006065414658716239,1.3735046521931942,-2.7775432672013025,-14.580000000000005,16.964666666666666,-0.6292490118577092,-0.00887929841890589,0.03898569883509495,0.008565867867648791,-0.012405048872810909,12.277054477955755,-0.37337740830959,-0.9250227163057271,0.7660947025441539,-0.03899468074023479,-1.6574106318965283,-0.9200307043936133,-1.4867759684382489,0.13080327109263326,1.0314
0.07802384111481508,-1.8018018018017976,5.951456310679603,10.340000000000003,15.116315789473685,-1.0477727272727275,-0.000737608604737261,-0.04977096698028838,-0.013976009589846683,-0.0596212742005946,12.28447778545327,-3.955741591269019,0.2966552089942439,-1.160880293887226,-0.14539739786914693,1.4690455010974561,-0.7847335002381164,0.4806838261233613,-0.6041837702240036,1.0192
-0.01915864392467137,-6.484786673465898,8.797979797979803,-2.210000000000001,14.902857142857142,-1.0367727272727283,0.012573480496625322,0.023292786840670487,0.01630751752601789,0.04850619147151747,12.305290546290612,1.9365575999611693,0.6784186523893666,0.13485460081703543,-0.34961554011850293,-0.5216582436938146,1.4044595847892085,-1.092295718014235,0.3244291610364074,1.0099
-0.09041750556090844,-2.906422717743501,5.465178096756999,3.6300000000000026,14.357727272727272,-1.2495454545454532,0.014043804737056576,-0.000714020731223286,0.014807640691289592,0.01582090850994433,12.290187026442561,-0.5243695628453895,-0.554111841387361,-0.6655254622045828,0.5862193730840077,-0.7474208511238508,-1.079536887525255,0.3415297816612003,0.1562624946945011,1.0027
0.03672711529529438,-1.3131313131312972,3.308270676691798,4.559999999999995,12.828333333333331,-0.21603896103896147,0.01786148744052518,-0.027930503086954772,0.00037924712669479277,-0.012679859106501823,12.343992018909475,0.42458165641090145,-0.11756674027921331,0.30984843895023795,-0.7067194251567542,0.39554018320119183,0.09565396992069632,0.33225019461727145,-0.0778827990686761,1.0059
-0.058969324890661756,3.1350892098556002,-0.3361344537814972,-2.6000000000000014,12.503333333333334,-0.27623376623376394,0.0014957499826788734,0.02667217945085909,0.003869106011290313,-0.0006275998368110436,12.351236953866799,0.8488529825748836,-0.2260894526866467,-0.6581440816632348,-0.7887849824869001,0.4877426146382886,0.6745749695315367,-0.10317944506851101,0.01916129311305691,1.0068000000000001
0.031178842292579834,-4.273659377552001,1.1264080100124971,-4.919999999999995,11.524347826086956,0.08083003952569179,0.005803132258305865,-0.0286043345867526,0.020309599918903132,0.01806671683125316,12.362081486928691,-0.08515807822353448,0.5330045554177191,1.0328669091799305,0.48980431768285676,-0.15551654885249683,-0.6474682899920192,-0.24700941726466316,-0.013475671517157964,1.0043
0.03296966405902135,0.9708737864078003,2.6382978723404005,-10.04,10.858095238095238,0.610165631469977,0.007216135784961608,-0.007558927354814671,-0.002102821939296007,0.022576097836775944,12.409613980152857,0.27429090483000973,-0.30445506344601625,-1.2176760344727018,0.4530955566954734,0.9433197410821902,0.630998196299069,1.2498503226955593,0.43284513416298404,1.0089
0.017444226237989913,5.996573386636198,-6.5833333333333,1.0999999999999943,11.146363636363636,-0.4400865800865823,0.007106103733514502,-0.002776803571514108,0.0033702036446161543,-0.0071800108868558254,12.42635152684381,0.5951470630665664,-0.7118582550401354,-0.4131737920668339,-0.7856447796133635,0.5432938274448093,-0.3013160446974098,-0.5722959981258249,-0.6256852223491645,1.0117
0.07727066298804597,0.21008403361350148,-1.6666666666666998,0.8100000000000023,11.14090909090909,-0.24545454545454248,-0.0005329858688654099,-0.013651488325937322,-0.003234482950489337,0.01477241746147584,12.471734813954109,2.626633982416342,-0.9479493131607654,0.4941023919129153,-0.5627303551301641,-0.6527945278023536,-0.07127834280360468,0.31964891451897376,0.9376703513303509,1.0024
-0.08226526201649542,2.3351648351648002,0.05952380952379954,-4.159999999999997,11.425,0.23220779220779164,0.02079681985827264,0.0017770319543686242,0.005090539629373225,0.014371687814708878,12.503035102975108,-2.4075328545648644,0.1127805531728393,-0.9583303065499803,0.8657669557353472,1.0328417110093728,-0.5285450111035872,-0.9518851606386574,-0.13339656854943133,1.008
0.04069352249573188,-5.6292008961912,-6.031746031745996,-6.260000000000005,11.066521739130437,-0.22291925465838425,0.013006723445004198,0.04890595944054077,-0.004190250940748541,-0.005460888223218774,12.550733392588096,0.4967362359078241,1.12355790866378,-0.39178785041310576,1.2723466144513655,-1.310346109963801,0.054100023128434295,-0.23179998447345312,0.34832805858678784,1.008
0.0024591688835198244,3.4368932038835,2.4305555555554967,-7.309999999999999,11.017333333333331,-0.40517598343685357,0.026144215073665933,-0.020968990579952163,0.009477112154602452,-0.002706200674005288,12.747517923204315,-0.340322849353537,-1.032467766743022,0.6197065593725356,0.1233704040272546,1.6238974053845223,0.08701555394935498,-0.03776201915444318,-0.26896318116146156,1.0073
0.0006983775397932934,-2.8484848484847998,9.1533687943263,1.4800000000000004,10.8425,-0.39285714285714235,-0.009668030337680378,0.00991789875893545,0.00281150184278367,0.042280754908599505,12.831347813493695,0.6817709809902871,0.7704839466704084,0.4532884644484665,1.293719989249331,-0.7326566795240187,0.5046076689349137,0.3417626656738514,0.4037705882296751,1.0059
0.06413456176152699,-4.1625041625042005,-2.3028785982477977,6.030000000000001,10.94047619047619,0.18672877846790747,0.007076176497342601,0.03362806291171694,0.006478786432406736,-0.06634731505179303,12.853452164109552,0.9839562520600181,-2.4956576597529105,-0.675017336931857,-1.7698694380538949,-1.6412595475605305,0.25611060030944605,-0.08319469920801735,-0.8810833109069801,1.005
-0.012178973269906468,2.8407762450316003,-3.1878557874763,3.3699999999999974,10.732857142857142,-0.11720496894409926,0.01769001041327911,-0.0015118495615116245,-0.00123584762240192,0.017125692588344066,12.879805602579733,-1.618637382507889,2.0866330221707345,0.784341259763592,0.47812120668366215,0.9206450234481381,-1.1731607216071012,0.9190346032943046,0.1110729774356082,1.0067
-0.1716744954956273,0.148707389613298,5.0179211469534,5.160000000000004,11.06315789473684,0.1510389610389602,0.002722282105194651,0.006123224083607326,0.014029513669211013,0.005453543805174377,12.868264925314854,-0.49762393797353877,-2.785951493322388,-0.19085491480839875,0.27865009066731067,-0.33035687103909495,-0.8591467484512991,-0.4981962096421698,-0.03411566936748855,1.0046
-0.023321904097398427,-2.1505376344086002,0.7662835249041979,1.509999999999998,10.639047619047618,-0.19590909090909037,0.017317475356493972,0.04552908951500001,0.0027312211362762184,0.0030180508107129356,12.899551945635118,-0.8925559765764132,3.0048057754322315,-0.7389965798277444,-0.06155840724301229,0.7991310288566784,0.9606281942595071,-0.3608565045482418,-0.9067967203832349,1.0014
0.09041066845704337,2.1505376344086002,0.0,-3.299999999999997,10.37904761904762,-0.3408441558441542,0.00937752319773999,-0.011511061488354457,0.012625680316372012,0.01117106094787701,12.90155566067473,-0.5093319612670082,-1.3920450021224802,-0.27081273471337014,1.4102939567980448,-1.2375124751537248,0.8776939104084573,0.4990340554595275,0.6163307275240721,1.0011
0.04013757373710458,-6.023949169110448,-1.2830793905372992,0.8900000000000006,10.339565217391304,-0.17447204968944163,0.010678622613877309,0.017647103447563595,0.01171535553232772,-0.0028370258659045078,12.895295989278967,-0.27539150848537225,-0.4818766211964131,0.4547263495905906,-2.2593751153605353,-1.0093079749681961,0.2673951532823964,-0.2992663059798182,-0.6088471627687966,1.0034
-0.03661702772427544,1.4572192513369,5.45506747057136,0.7299999999999969,10.238636363636363,-0.015592885375493637,0.004373972515159252,0.010869714434656785,0.007691571729646185,-0.0009403850670395286,12.907212053776078,-0.856116383921165,1.4002052565733742,0.6678771450489799,1.5285687086678046,-0.15867553912099788,-0.9198093752474846,0.42783735859388433,0.3951949172118184,1.0041
0.12022717261438087,6.68018931710615,7.392351701294789,2.950000000000003,10.323333333333332,-0.10564935064935099,0.01001548755157522,-0.014403883557275066,0.0022726436611293366,0.00022512844078903527,12.919491542332818,-1.7448800107244005,-0.8119447260895846,-0.07250036357233194,0.8117594101740212,0.7949809954365943,0.9377166173162554,-0.4816450061756124,-0.013686968006299543,1.0034
-0.009028451906247348,2.7969348659004005,-1.21951219512195,-4.790000000000006,10.017142857142856,-0.3648051948051947,0.004788348911473506,0.01824353459524275,0.006781925829663749,-0.024833764222687904,12.932312651704732,0.5794235958124259,1.172192532448067,-1.7280829951015075,-0.9560311871280199,-0.41373177719934207,-0.8201875862051721,0.11390868583589862,0.5237132610479259,1.0027
0.03671148894379539,2.041343669250601,-5.0,8.580000000000005,10.160454545454543,-0.01681818181818251,0.009366220023654392,0.0024103803995974005,0.0327927021398704,-0.024082696771419165,12.946152920988043,-0.12508300923074814,-2.8305238514411233,0.8103093258478336,0.5073644854903941,-0.30053402267277946,0.39866737173841327,0.08594090277977132,0.5475224032670812,0.9987999999999999
-0.09065439306281586,-12.393647192285842,-1.6666666666666687,1.269999999999996,10.114117647058825,0.4422727272727265,0.009559572218421408,-0.057609486578396485,-0.007194820091122267,0.02718568106757857,12.91802650107834,-1.5245770853646794,1.4690605805619958,-0.01626864329406592,0.9717672771108655,-0.18764242329399386,1.15385025195762,0.21405571899059644,-0.6917503911676357,1.0006
0.010460281830809937,3.963414634146341,3.926940639269409,0.28999999999999915,10.14111111111111,-0.02836363636363437,0.017013686722409105,-0.035419594939019916,0.00015550005954168,0.0027501907428160166,12.91031208432245,1.06020997299925,-1.6810670111760442,-0.2168150374145725,-0.3364231161983382,-0.20273241044358067,-0.6448397323383498,-1.3867097444472813,0.8144986644499485,1.0026000000000002
0.04592233173596161,-2.1103896103896016,1.3883746760459097,-3.279999999999994,9.897727272727272,-0.5245217391304351,0.006805939552497975,0.13117831207026143,0.010886173377038233,0.0529722964454713,12.90958216750757,-0.5449977938262165,1.2281057872369956,0.3439772112350476,1.029746543072996,1.5113344253497798,-0.2857222494219533,1.3955911741376392,0.49631954679618207,1.0019
0.42747009557497906,-4.592508940335039,-3.1941031941031994,0.7199999999999989,9.5765,-0.20297826086956583,0.004575548970272791,0.001372004312745645,0.005932350261304009,-0.03499624992492656,12.944856093245713,0.5903531698358742,-0.48352933751836424,0.48171689084524544,-0.8525479164119757,0.12653687175526518,0.22636329761981802,-1.5591785572010015,-0.5927364387273715,0.9984999999999999
-0.3445127730713553,6.365060712886841,3.0748663101604294,-1.980000000000004,9.1345,-0.16050000000000075,0.002376789617082764,0.037568205713879976,0.0375337960842419,0.008690379590206021,12.945987330583097,-0.12997084874237214,0.793703620439567,-0.6982750009042777,1.3870580112962532,-0.6170612463018907,-0.5066283956922342,-0.24137390942002268,-0.9990370735151516,1.0007
-0.10550204939151797,-2.0172346259303,-1.65441176470588,-3.960000000000001,9.10904761904762,-0.07681818181818123,0.01127485322238364,0.01737764784944318,-0.008186178484924866,0.004341533430217481,12.951506751994046,-0.2491501254111081,-1.3442334945520293,-0.7038849893364377,-1.0842653102046844,-1.5193043582014842,-0.5258308796179924,0.5049938763187564,1.628735504067583,1.0043
-0.03706316274338728,1.619778346120997,10.9375,2.1099999999999994,8.947619047619048,-0.21556277056277118,0.003464037232864925,0.016011644272889924,-0.015447908507907115,-0.012256392331927657,12.95802222729101,-1.309229388803342,1.5362000281651722,-0.388340778259517,0.196885200892355,1.0240401298888253,-1.8456535842916346,0.435968290500326,-0.647410699753266,1.0016
-0.04670783862925165,2.1241830065360023,-4.95535714285714,3.220000000000006,8.536521739130436,-0.19761904761904692,0.003951148244466296,-0.012091902296422319,0.02120123698591314,0.01175258863487727,12.968683973283301,1.7988632831810472,-1.9020378975442824,0.6310149063694204,0.7448051302626348,-1.2766001453673208,0.8989662623888403,0.9484228030628937,-0.6075586830135282,1.0017
0.019298150122315283,0.7777777777777999,7.14285714285714,4.449999999999996,8.373809523809523,-0.09571428571428608,0.0061536735045848445,0.0067917298308497465,-0.0044337400917680014,0.004442450978782375,12.967880646478923,-2.377170960788429,0.5011528239391414,1.7021801770980083,-0.5098095552411279,0.7098054591951823,0.5588653384913551,-0.550280475813854,0.7507222342999164,1.0021
0.06064831146827854,-1.1531531531532,-2.5373134328358207,1.3599999999999994,8.043181818181818,-0.2865584415584408,0.01320270068449858,-0.013842471874975004,-0.0019247547201359794,0.0015539990991477737,12.965336933743487,0.36085283927545786,-0.04510860225525888,-2.280902890713847,-0.27074342962097314,-0.44222532008792415,-1.4378078484118775,-0.778595065799806,-0.550747280655748,1.0005
0.009163631812111328,2.1491370888961008,-6.180635285112899,5.200000000000003,8.014285714285714,-0.5049999999999999,0.010647326944045687,-0.020952767995852994,0.00898346204966316,-0.003557381273889604,12.963718777007381,-0.3394569692454007,0.31211957856784633,1.7547581687892762,-0.027623700480150754,-0.9951808609984695,-0.8454339062066355,1.2524262418257532,-0.8441818977908534,1.0028
-0.05664319387210481,2.8558679161089007,-1.2820512820512802,1.6600000000000037,7.729523809523809,-0.08177489177489239,0.004669288171321284,-0.009774813021568463,0.03432432883964687,0.02058895027886365,12.95530136013972,-0.04514477587637593,0.15821074523594642,-0.30432886444294294,0.44169844072311126,0.9669863228725669,0.3023370652829883,-0.20112678623701621,0.3882031473118581,1.0023
-0.0366145772807458,-9.65775902484761,-2.5974025974026,4.709999999999994,7.087647058823529,-0.38051759834368415,0.00942811743257188,0.08427573883000328,0.006236812206612541,0.015760971870850682,12.920920560398075,-1.4883837720569562,0.09429773996147418,0.5602936759661299,-0.3468157470890891,-0.9087130187494024,-0.07852298982733927,-1.1137263922119995,-0.3193834099982365,1.0012
0.04465497181027667,-2.5316455696202613,6.54477101845523,-3.760000000000005,7.145263157894736,0.3475652173913035,0.012582378695881857,0.038166186802573776,0.044772698618405826,-0.004208683657463297,12.937849517350742,0.5355095870812921,0.9728341679891221,0.7484580087035054,-0.2312716454489802,-0.591649942909394,0.5532232574102354,1.013346489612252,-0.4594109733863539,1.0031999999999999
-0.10951671947558905,2.881412391738838,-1.2446657183499301,0.7000000000000028,7.1465000000000005,0.023363636363636253,0.006638203062825809,-0.09421528136825685,-0.008786035059486608,-0.017127245915315115,12.950279711340926,1.2484941064395743,0.6397543196087734,-1.0728734437642105,-0.6332326258514113,0.8088058203525004,-0.6263646111556537,-0.4081467790069484,0.1849154124305714,1.001
0.1998281351459701,-1.4183185235816786,-0.10530010530009992,6.090000000000003,7.002857142857143,0.22768398268398293,0.011746011531732492,0.005764720749359853,0.02747528278528044,0.05348421428550054,12.9387102818616,1.0428801973394513,-1.076444613904431,-0.16928356321202934,0.17892305952922447,-0.7097909884212479,1.0554605067736444,0.5758301017171354,0.39475156069947037,1.0029000000000001
-0.08585856309630002,12.897447380206012,-5.00704115161947,4.8700000000000045,6.9455,0.09095238095238045,0.012951539571453452,0.005460016994490502,-0.01386852731360122,-0.004206517208373839,12.950054104058877,-1.025873060697303,0.30355876521643993,0.5652812624086442,0.008210374902685506,0.3721700639191536,1.4788507556024593,0.07312284475100808,0.8446294277010031,1.0021
-0.012808351982348531,-4.9593180937621,0.0286861732644903,-2.5700000000000074,7.0215000000000005,0.4666666666666677,0.005171725949471906,0.14111885147412018,0.027714075583546105,0.003915479823003665,12.96289709202181,0.8479713215167042,0.4445926611960429,0.6581178000453332,0.3839182675192681,1.59005459577295,-1.1199623645191035,0.043311120913878856,-0.3036304910291828,1.0021
0.03272735256357384,2.047440699126099,1.2445887445887396,-0.1599999999999966,7.089545454545455,0.211515151515151,0.012690160824801566,-0.021993372131390743,-0.0005775760917892114,0.002665200223010089,12.95485079947883,0.40665535080034004,-1.252550273861039,0.9137080061152013,0.2624010816784834,-0.7062358916525849,2.2137824029627695,-0.6855860088506128,0.3910537571828735,1.004
-0.04863782490829216,-2.5603864734300004,-2.23442288049029,-1.7199999999999989,7.027826086956521,-0.03557312252964451,0.004408335322027668,-0.023313479612514953,0.018286234056338557,-0.0059815456851310955,12.964382598262988,-2.504548417497211,2.6507473819222707,-0.4087673331546727,0.011987567402440237,1.5574669718792469,-1.2716044762741396,-1.0846481806143622,1.0722221269402086,1.0014
-0.064450378738798,2.1739130434783007,5.643513789581199,6.359999999999999,7.148999999999999,0.1763913043478258,0.01405177357926135,0.004421052409021797,0.012349892171240384,0.024058405516989012,12.972996543543417,1.205408640524017,-2.05702258108952,-1.8027773237621467,-0.1877270409152339,0.27847123353213676,-0.15816833558116097,0.7808052861770399,-1.1558358906909578,1.0066
-0.003391199773620457,7.851414098775805,-1.25231910946196,2.1400000000000006,7.267391304347826,0.05578260869565277,-0.0017241159987442245,-0.05425698302536475,0.016331804410066653,-0.00859384646874517,12.977285410066145,0.34951889010741377,0.5066031046465745,2.393220066302062,-0.6477829372191766,-0.5762515120786691,0.34910559467202634,0.08577515987213247,0.8497147320530851,1.005
0.03220065998821897,-5.242718446601906,-3.9330295224886096,-16.28,7.250952380952381,-0.18250988142292535,0.00914841450032533,-0.015577572042372978,0.00840961272659868,0.023201324640584886,12.992177543338842,0.7878625767618928,-1.085291199266772,-1.006431044753329,0.6906552791381971,0.28654019669314884,0.9746519276190099,0.0942308647956931,-0.3599936970591453,1.0056
0.032371112194751195,12.710280373831793,-1.00894726822768,-7.390000000000001,7.492380952380953,0.032012987012987715,0.009607219184644578,0.013958484898585866,-0.009417377528391668,0.004031865261289624,13.034603087569938,-0.4913343008090877,0.782629844941925,-0.13208398482026398,0.38398196923118505,-1.4927070638988464,-1.9524173827232758,-0.007141866649843601,-0.543078401508508,1.0048000000000001
-0.04870807064806959,-13.842355845529895,-5.07843137254902,2.049999999999997,7.645294117647059,-0.15732919254658473,0.005461804193600983,0.029700742354766163,0.02423481300656327,-0.004130922834210793,13.049141178015299,-2.9390644680273703,-1.0924669034058287,-0.6771830767480169,-0.23466784813799046,1.8157710132958798,0.07383273557330716,0.8623130037236912,0.7036326028043923,1.0105
-0.048123208319322375,-6.941319023714698,6.029702970297031,4.550000000000004,7.5905,0.09804347826086968,-0.0033825788120260825,-0.017013181776633246,-0.007188715564874215,0.0027395047053744292,13.045113947357112,0.04498961958900418,0.7346370692468027,-2.9505963745560964,0.4293212025222817,-1.769732802038375,-0.10093953113736184,-0.20191998166274922,-0.3344531378283442,1.0072
0.06668331385965964,0.5733944954127992,2.97029702970297,2.1799999999999997,7.676,-0.24452380952380892,0.012361303201112506,-0.009217080434352098,0.03122755649551401,-0.0008163519778925377,13.033456563788773,-0.9213173993089295,-0.3446842816606971,2.888037699622716,-1.3047272047852267,-0.09038936038941049,-0.718357487989841,0.1412572706890493,-0.6151755049417016,1.005
0.01698465354581935,-2.4082568807339015,2.8301886792452797,5.090000000000003,7.745454545454546,-0.19502164502164554,0.0022216420497276346,0.0010218407532107676,0.007232035927637881,0.05108554047421876,13.053371889847664,2.1057514490283737,-0.7200232476748086,0.5875157651249786,0.7085275833193921,2.1504240034348494,-0.21011740909501084,-0.1985795879584341,-0.14690839954535284,1.0016
0.006019487310305438,9.508256880733903,-0.7301886792452796,0.0899999999999892,7.7155555555555555,-0.23284584980237089,0.005063067847430602,-0.024655261868007372,0.0025810825880032695,-0.004329021396376476,13.052674994004844,0.0887860267667521,-1.126274776614871,-0.8151789502257095,-0.5126691572636953,-0.8847513687497693,-1.149101749460075,0.39483828626910406,1.0760958073634033,1.0051999999999999
-0.004161652536570637,-8.3,2.1,-7.099999999999994,7.576842105263158,-0.09160869565217489,0.00784466886841173,-0.33832313931632285,0.0015608796687551774,-0.0011001989695778036,13.048210786550639,-0.23450252051561285,0.3604481658683731,0.23340414595939055,0.3432177459830464,-0.17140513552554332,0.7977010870104564,-0.37038606771979676,-0.8879364463768316,0.9993000000000001
-0.00429496163245302,3.8260504201681,-1.52142857142857,-0.29999999999999716,7.320434782608696,-0.22534782608695636,0.009057267616475073,0.0654826995545772,0.0010877048413000523,-0.007121798082483366,13.030958766435715,0.20611327364343585,-2.3742438668636714,-0.26362390906909505,-0.5938258993836419,0.6899115730760933,-1.0749451349010186,0.10403801873823508,-0.08507119224253999,1.0009000000000001
0.021152280650284405,-6.92932910869269,1.5231092436974794,-4.880000000000003,7.132272727272727,-0.5092885375494065,0.008450151529409311,0.10377489752590385,0.0065233573818623825,0.00994327726874289,13.011860398160797,0.09140317963274364,0.7539779469314011,-0.22192156878548946,0.8500597785825151,-0.05676608998651871,0.44953934109383803,-0.3266447362292876,0.5050594238809859,0.9998
-0.014704512103097978,0.6032786885245898,-2.5756644121063097,3.789999999999999,6.855714285714286,-0.2635064935064939,0.006243781876378307,0.021428895358914346,0.0012429461764700278,-0.00740073173265543,13.010506144372096,1.5981469241506505,0.9854524690278005,0.033253017416455595,-0.4518014979504361,-0.6318914987419287,0.044345334946456316,-0.25195146230557236,-0.0942502146161634,1.0022
0.015126289065530818,4.759322033898298,0.9380863039399605,-3.1199999999999974,6.789999999999999,-0.31720496894409944,0.015551718033565365,0.11954358681198407,0.024814705095138834,0.001870842662786032,13.02129271479458,-0.7078979421291114,-1.2077848376164246,0.2663308394073917,0.9219431465282533,0.4989175045464344,0.5337270893725956,1.428135842012849,-0.11645661223635174,1.0017
-0.004956608366632587,-1.748298411851101,5.76923076923077,3.5,6.457000000000001,-0.12612836438923392,0.005933327929469101,0.02512999640063107,-0.0009172335239675533,-0.0006174730876153944,13.018220920309966,-0.5772436803760836,0.26428627440066477,0.7213299529771982,-0.4802347880321236,-0.3755831344120859,-0.7498228507219702,-0.8872597035091951,0.9970435418623161,1.0024
-0.04052980641910109,0.6889763779528018,-1.93333333333333,4.100000000000001,6.151363636363637,0.5413852813852813,0.017490743978800793,0.003780429518316808,-0.004885170893244251,-0.0019886432083531247,13.056432475077802,-0.7111880670927327,-0.3854361194716361,-0.21761150838820045,0.38042867935737334,1.1876858945724735,1.7478501320632993,-0.872528214043353,0.0010769275918480895,0.9995
0.01802295835534884,7.185039370078702,-5.084210526315791,-3.6600000000000037,6.038823529411765,-0.0648221343873514,0.00925464226615702,-0.008144492986073004,0.0037213232407804497,0.015500800695242845,13.059234727120138,11.804909270785648,-1.0859951219391628,-1.5378577334041579,1.4319093144084962,-0.9274197760279799,-1.6669854283537497,0.2505622950718942,0.41870314404104686,0.9994
0.017954376134903915,7.514960629921298,3.2296650717703397,-7.990000000000002,5.938421052631579,-0.8150869565217391,0.01328015947590977,0.015249884408008896,0.0006252891951596951,-0.001410022672938993,13.086425684998815,-0.4588619326612546,-2.265221397298591,3.9402574344428394,-1.3743679518900187,3.0376451966955798,-0.5823392468017268,-0.07447519230010113,0.3071027476715933,1.005
-0.050542757508542424,-9.599999999999998,-18.83116883116885,-23.65,5.79421052631579,-0.6341818181818182,0.005701043019971763,-0.005744323581543753,-0.009126768652684802,0.020042322845181815,13.11248421552324,-2.7813322843293844,2.3917496254108905,-1.111643254822204,0.4868480399988621,-0.8225959897622617,1.6840792887912432,-0.0864386373024596,0.7426704113874878,1.0075
0.020778202333078255,-4.721212121212103,5.194805194805211,-13.629999999999999,5.994736842105263,-0.14363636363636356,0.02808694700765635,0.03631311039993257,-0.02350533160092816,-0.11477236138754421,13.130443702176516,-4.6167008120152495,1.4869061805686368,-1.7879035037109872,-0.6048931587974777,-1.8622164184402774,0.03530707197625659,-0.1348671572402009,-0.5999751456669528,1.0048000000000001
-0.030467323847454875,3.6566451920781997,7.73955773955774,11.0,5.468823529411765,-0.013658008658008924,0.0012757933449449865,0.015278494480133631,0.02005331530104293,0.019876120766944894,13.114816660149756,1.403939712898399,2.048408090423613,1.6090973562568527,0.8451318611824393,0.40158369560831864,0.9087284294933978,-0.06426237603295011,-0.7269656588029039,1.0019
0.02076918960860019,-1.383917919350898,13.513513513513551,10.890000000000004,4.994,-0.009069264069264449,0.010818069843109512,0.11148935192750642,0.004681619201056364,0.048381590234011895,13.117716971543947,1.7801016753400922,-1.7232622825318882,-0.11638438545924977,-0.21555860605770014,-0.07573712850124772,0.6197654020475126,0.6947525817708262,0.2982138185574236,1.0017
0.005021885569129303,0.2847264592230978,-9.723137771918301,2.969999999999999,4.2290909090909095,0.0830237154150204,0.017414802942692376,-0.023928085702355162,0.037669623394132046,0.04167666113156443,13.207138546533844,-0.5077466494100554,3.0236111197281628,0.06211276377188556,-0.2153255019244961,-0.8902479741827541,-0.6665149912383728,-0.1696281679983705,0.07328185643971724,1.0007
-0.040776074062989665,6.861055686559007,3.58507199529827,1.5,4.155238095238095,0.061759834368529276,0.014441166482253465,-0.02386354629161147,-0.01810681801701719,-0.021870583058625215,13.234307267482807,1.3008548218278566,-2.13139856221972,-0.09161273977994877,-0.8557623648066747,0.23497863070837263,-0.34615199008066594,0.6612062191233115,-0.8193253970903872,1.0011
0.020294722796669884,2.7027027027026946,0.22590361445783014,-3.8300000000000054,4.165,0.012943722943723479,0.010752624208253181,0.009727870760805502,0.021731758532052226,-0.005694020386854959,13.25438208612457,-1.598082494784305,0.5680835500692958,-0.6239466660304583,-1.104991351279229,-0.4433798274350307,0.37060639110576343,1.8225151499254189,0.36232904160937346,1.0054
-0.031226205696723186,-2.1604938271605008,-8.63095238095238,-0.7199999999999989,4.174090909090909,-0.08454545454545492,0.009797645835551094,-0.00861132812003973,-0.007110664908015707,0.0055583037481596875,13.24549525561036,0.9462659044353565,-0.013527194109189494,-0.7322120916073743,1.1109913926027852,-0.38433292606842323,0.061221836350491894,-1.1208024544040167,-0.22520546266616873,1.0031999999999999
0.055557746106668526,8.216394448278496,7.259001161440179,2.5,4.061999999999999,0.3049350649350657,0.009492907182323762,0.029784830594618228,0.005163704076197817,0.019564397534956868,13.25070321447639,-1.6079113450280553,0.4542823847387922,0.43454453441453644,0.7386939803659847,0.640613790271151,0.6607580553859381,-0.5982054015224135,0.12333568158784125,1.0055
-0.0007170433989129865,1.0869565217391006,1.6154577130186905,7.300000000000004,4.171304347826087,0.45490683229813644,-0.0016102254843932684,-0.020568023835572546,0.02894080984794911,0.050662942451886295,13.128923826406036,-3.687795606296086,-0.6473902057024815,0.7357227110587424,-0.9432173326197772,-0.4065168657811969,0.23040903080749167,1.4719982365638702,-0.265200167966651,1.0042
-0.0007424157709563506,3.6596119929454005,-10.10796432483179,4.780000000000001,4.306,0.2579503105590062,-0.001994211263024681,-0.010687976020850698,0.005124136523539491,-0.05516001052221142,13.133036781624888,-3.9039585366392275,2.5347134000875844,0.10444795091745711,-2.032245602341705,-0.6030308174238332,0.09086703368971079,-0.055563272175531205,-0.3967973140560698,1.0063
-0.05093029202722721,2.7517477316674004,2.40963855421687,7.509999999999998,4.057894736842105,0.3360714285714286,0.013002220437250855,0.011639126550459622,-0.023863076592075316,0.04058971285255808,13.063146348549738,1.287236720404393,1.7162036437446109,0.7215214387875025,1.6143339512785957,-0.20164798740642914,1.149463043666667,-0.07432880142109194,-0.19715727392935542,1.0058
-0.064659109242037,-4.422480340523798,-12.912827781715071,3.1299999999999955,4.222272727272728,0.5525000000000002,0.007873534906686075,0.017529906469270884,0.023648215856583832,-0.03053898677727318,13.063762396716234,3.495147067765207,-1.9492538850227041,-0.5871766572436139,-0.06502509576828053,0.9403380739349082,0.03767062397794152,0.4322925116040417,-0.5610746649548393,1.0103
0.05556946788959971,6.229709256186396,4.361549497847891,-0.5999999999999943,4.514545454545455,0.3504545454545447,0.019312940052030214,0.010869445506042297,0.07090338378172589,0.12214167641368334,13.02376999758582,0.7002471276940813,1.4965152420990124,0.03786291303626878,-1.0421101290287629,-0.928901407283657,-0.23541498942620492,1.4818153728360006,1.4919634467517702,1.0034999999999998
-0.08184020779849943,-3.675055250588102,4.2615920664701195,3.719999999999999,4.791052631578947,0.07097402597402613,0.005342403125116135,0.0033619450719974964,-0.03915161881678131,-0.05331797828731055,13.015676891874866,-0.28310161899369757,-2.1947434053175363,-0.40876227654431985,0.3977645568070991,0.9393402993157586,-0.2736795352887415,-0.5329657379372718,-0.561155229807376,1.0095999999999998
-0.01824768397573706,-1.9805081796031985,-4.3646494350719705,4.6299999999999955,5.1033333333333335,0.3540259740259746,-0.0034739506302106093,0.0729396275117189,0.006646765959184009,-0.018259820947804428,13.004802468583513,-2.7242929276327263,1.955296465431484,-0.0779231899820409,-0.03500759938737423,-1.1372259824757762,-0.852748414128153,0.2431500471356323,0.3535736124586944,1.0058
0.03233743878962825,-11.211906449326698,-0.5304554600329379,2.010000000000005,5.759545454545454,0.6559090909090903,0.008603252458680544,-0.015478929750862847,0.0212119401612636,0.0036990789797926027,12.95527768952059,-0.6929108199711034,0.2725849218564084,-0.9594951809123285,-0.9117342155674993,0.43375524310351327,0.2584307644876008,0.20766636568486266,-0.2666958876357211,1.0034999999999998
-0.08211513650852753,8.213341169556205,-4.8881673881674,-4.420000000000002,6.297272727272727,0.8072727272727285,0.005600818167236454,0.001457380105083672,0.003764106110475396,0.016464545042193635,12.947776142976185,1.243208854564911,0.14864259189253246,0.6799021362678296,0.2736846394855537,-0.6676730169804371,0.18506508398848087,0.5709485161013496,-0.5834212049524182,1.0068000000000001
0.05522207523657663,-2.791654422568307,-0.10683760683760113,3.739999999999995,6.569090909090909,-0.1404545454545456,0.0026539286462359257,-0.002061720682743129,0.020140868102867415,0.03717684191991921,12.913439130627292,1.1412849329490407,0.19701064169464425,2.066518425247847,-1.5795865322071194,0.8986055428190461,-0.27281463817881696,-0.44565646105609436,0.4601363896191406,1.0088
-0.031010473314659004,5.968058279630203,0.6787330316741986,9.050000000000011,6.809523809523809,1.2318181818181806,0.0141769010621271,-0.016674493896989162,-0.001281570980118829,0.02983008968680423,12.906939870639432,-1.435902103175053,-1.0943271968223296,-0.9758913470849897,0.5067364712467161,0.2979054721254628,-0.3327048174230065,-0.7538407694103593,-0.09747857068077755,1.0108
-0.011499888353501131,4.761249483968598,-1.7324738114423983,-2.490000000000009,7.331999999999999,3.3940909090909077,0.006134386907183043,0.01525899530756547,0.020150145796179686,-0.02106193836579351,12.880772446532625,2.0216035653426583,-0.9466093839253141,-0.3059773006398652,0.5596259097683413,0.13375566243008977,0.7114773341061217,0.4751179638430511,-0.02401673348855862,1.0136
-0.011296385215658011,1.3188850074854983,-12.871988663202597,-6.8799999999999955,7.617727272727273,-1.1775691699604707,0.01952879663651963,0.009049972650835514,0.005169889972664876,0.1002367409036573,12.914134373698847,9.937805934014936,3.874494792523177,0.1356888881248295,-1.5614099003086936,1.0633816877989481,-0.3490286807829861,-0.050625948744663966,-0.07411123302795285,1.0059
0.023367255865867298,-2.5492212753451895,-0.1978518937253,12.340000000000003,8.286249999999999,-1.5546169772256775,0.0163788370264335,0.01698389502837827,0.009297209079852209,-0.06328355511953276,12.904491406942192,-3.326604454576489,-1.8909378708811324,3.8261231195033605,3.1274320173026013,-1.452950826110265,-0.8348305599495799,-0.8302270516000052,0.39211486881207896,1.0137
0.055564720702895976,22.454931071049792,-37.70491803278691,10.61999999999999,9.565263157894735,-1.383904761904759,0.01049107282847217,0.013088688555907169,0.044215413764874256,0.002774029391666488,12.929449460638226,-4.722380014469845,-2.1436541877741395,-2.702169519039436,0.34403179759067054,0.139225758414371,-0.0722883472368564,0.6670565996933702,0.11499726360339328,1.0118
-0.06403649915126408,-5.111989459815504,-5.094577553593908,20.120000000000005,19.873636363636365,-1.1271304347826083,0.019441999030966883,0.00936362800968027,0.008484886421198823,0.04834046708347728,12.898414035240283,-1.5536463196168662,-1.0048559495431968,-2.482243064319267,-1.1920274943206233,0.6788609184993618,0.2443345927384222,-1.069044703575621,1.1272128617619164,1.1079999999999999
0.016361176874786887,-37.6852866009493,34.57184325108851,-12.670000000000002,17.08047619047619,-0.13086956521739168,-0.0385787798908197,-0.05344598805304557,-0.05984854941799611,-0.1344950205161588,12.858810573026407,-1.1415776199233862,-1.9635145551830349,0.397274671468919,0.7064983028706331,0.29756913402380425,-1.1396461447440687,0.3922225883626936,-0.5952643144407165,1.0184
-0.044218731319513704,-0.1082173003390956,32.18029350104824,8.760000000000005,13.253333333333334,0.4040909090909093,0.07120809311003207,0.08310142842805135,0.06278151416904088,0.11764222890703024,12.920387648409589,-0.10033973428642574,1.0433511670936984,-1.176601932094131,-0.06642473785709496,0.5092337920817422,0.982134655371153,0.32448061191614225,-0.01573320688088622,0.995
0.005460318983416368,0.9383671681028005,31.045751633986956,9.36999999999999,9.634761904761904,-0.1186363636363641,0.031480483284966,0.034899150981893,0.057037605791672163,0.001561909170764153,12.969274751815531,-0.8156358998423042,-1.453392701195123,-0.1681737541915797,-1.727543297705627,-0.04308434351032277,-0.5494721575121938,-0.7983505732394824,-0.07092068228017369,0.9967
0.016521248629416174,-2.5388026607538023,-1.9607843137254903,-10.779999999999987,8.9,-0.344025974025973,0.01095654870585605,0.01298171281998961,-0.010166849550369506,-0.01897057061358609,12.937387112740993,0.9954637144749263,0.8557290090213274,-0.6088636820108738,0.7812075456780463,1.1073310505268608,-0.1671956760976274,0.2268462544288091,0.6232050293542253,0.9978
-0.06362895202219399,3.7583148558758026,-17.647058823529434,-11.480000000000004,7.938695652173913,-0.2388198757763993,0.021834194101570503,-0.0029904552488559943,0.014263570013540061,0.034093737680077396,12.925879374648703,-1.3941593997978117,-0.3709430200699658,1.2975767774256133,-0.40098614157917883,-0.9610962285645325,0.675984362501089,-0.22994133624271496,-0.31180780561470955,1.0001
0.09545642041114788,-2.3305401765674,-7.88235294117647,-10.689999999999998,7.678181818181818,0.15466403162055453,0.03025354580958073,-0.012106607383380208,0.017680420207678793,-0.0075908967122977344,12.937172660907528,0.8354202528914397,0.6894544402652386,-1.2505971690002324,1.121407231130327,0.5650642760665568,0.3292250400977477,-0.5286175702588414,-0.3598212066818098,1.0049
-0.02322633128111007,-4.696172947706701,-13.6862745098039,3.569999999999993,7.672380952380952,0.3479653679653678,0.025040595225570783,0.0177900545090246,-0.01226596639827271,0.006745218324493152,12.941132323666288,0.4049279725345053,0.6782221384242194,1.3991685336531379,0.2970187991899435,-0.7629529927061885,-0.25333296890615453,0.3950872212737704,0.16670930272178436,1.002
-0.02281981574680958,12.050960735171296,11.60464185674268,-1.9099999999999966,7.314285714285714,0.027489177489176342,0.00749481376358041,0.013458178057760506,0.028217242476157978,0.027689936842048013,12.948653469189628,-0.7864166355543882,0.6648852295494807,0.00970106993819866,-0.7355649276382165,-0.4254400296074329,-0.729066867145233,0.07138271095838086,-0.33984275343679343,1.0015
-0.005789899400398646,8.588740928626699,7.785336356764921,-10.5,7.310454545454546,-0.29136363636363516,0.016276137438650196,0.025535111248487397,0.01011371128019789,-0.07249261152043474,12.967739659879488,-5.426951362822175,-1.7485040339384228,-0.7334274514632488,-0.06396822081899438,-0.2756598545643619,0.2577663017369238,-0.0619094638421152,-0.04422845859784008,0.9914000000000001
-0.025210789943465928,-11.0934303250738,-12.39935587761674,1.5799999999999983,6.997647058823529,0.2681818181818185,0.02088340356723073,0.01798911549095905,0.015965956794151026,0.09570585688851097,12.968243175630503,1.47559449865368,-0.5122906169913279,-1.8490611650958766,1.0421739747620367,0.3924272647314603,0.18768666748997587,-0.29360115137488935,-0.10905154025967705,1.0029000000000001
0.01839859728556359,-1.8867924528301963,8.69565217391304,0.09000000000000341,7.113333333333333,0.2259545454545444,0.018576200917786778,0.007409629417338692,0.0051665506008902184,0.005022345403673967,12.973579829273694,2.790980967624553,1.2050123324315805,1.1899200887229968,-0.3901571040587004,-0.7423152500746203,-0.46555538052694634,-0.6298447211544508,-0.13708295900271975,1.0044
0.011907978191787238,7.450411223996099,0.0,-4.159999999999997,7.354090909090909,1.0258043478260879,0.016058653790951283,0.010500011769565276,0.010946542979075602,-0.00016529609377968768,12.989001807253835,-0.027647839909973722,1.477938248035058,2.263610092540397,0.586242670822732,-0.7469917946574731,-0.4351948410210029,0.5979133268274006,-0.8520104920323807,1.001
0.030109088280903862,-9.1867232971527,0.0,6.209999999999994,7.1594999999999995,1.971195652173913,0.050943500539384345,0.05342567676608212,0.04385136891325914,0.09042781296918179,13.030742178402924,1.2135659334773237,0.8112417630488187,-0.010962897739476596,-0.26412454139767505,0.5518890355722006,1.0444302733479056,-0.949337877770134,-0.2827542970280158,1.0014
-0.02068344634216812,3.7664052186068027,-7.69230769230769,-9.170000000000002,7.251,1.4540217391304342,-0.019283464598439437,-0.040587530359108115,-0.0050798669843210575,-0.0412279390011534,12.989555280552375,-0.1516838882976092,0.3540537863771117,0.6774811965032037,-0.9742769099617792,-0.6864442834340897,-0.5694437219576435,0.10793361809729396,0.19037917718855754,1.0046
0.012431638068450379,7.4621034536645965,-9.851551956815108,-0.6299999999999955,7.331904761904762,-0.010612648221345111,0.013148598421977908,-0.04646898700411484,-0.0185702380689321,0.02428151975696835,12.956689570596792,1.3689119044005449,0.872567321805155,0.1426334207088804,0.9580814112316147,0.6294767845253298,0.7570670226285798,0.3693816971486633,-0.33915085639640524,1.0041
0.01944157598815721,4.784933553511102,1.9883040935671978,5.269999999999996,7.827142857142857,-0.3525757575757549,0.02220057473612691,0.026238423291871982,0.01896975979107829,0.03131373591410025,12.987251433806483,-0.5343388277294878,-0.9051290665661653,0.8752802437319499,-0.4568417874166995,-0.879440989308236,0.24038235858953205,-0.2523433750561386,-0.5583924414276574,1.0043
-0.07484028284169475,4.379917572124398,-19.059829059829,6.040000000000006,10.331304347826087,0.7262318840579702,0.016407033990610387,0.02971883490550553,0.019278004135520277,-0.0022245321295919496,12.995787946332062,0.028064362054504778,1.0393706937369076,-1.292581563540106,-0.1182889339863939,1.0091734411431925,-0.4580544030088653,-0.21193830103538533,0.41631758489006565,1.0087000000000002
