fm_ibk,Brent,MIACR,Infl_exp,obligates,M2,money_income,trade_turnover,debt_firms,Компонента спроса,Компонента предложения,Компонента валютного канала,Компонента рыночной конъюнктуры,Компонента денежного рынка,Компонента ожидания,inflation
3.7,0.7800000000000011,5.9935,11.795154185022026,0.1849999999999996,-0.001074240164314233,0.006588779404570033,0.029243244235805932,0.003886857229755236,2.8041990761149527,-0.8189969009418023,-1.655607292066611,-0.2160912965577814,0.8444143495270876,-0.41580666272332967,1.0037
8.6,-1.4200000000000017,7.845000000000001,11.522132796780683,1.0168809523809523,0.001589952270956374,-0.0049044041901140645,0.001180662487941575,-0.007599174778865958,-0.19572450992785403,-0.1973282559771759,-1.3200004352069865,0.27813306191885023,-0.6462244932257052,0.4946987559800149,1.0097
10.0,0.28000000000000114,7.874545454545455,12.67274472168906,0.09534632034632029,-0.013899998482173714,0.0042094790627409395,-0.002794464805070618,-0.025897381422030463,1.0861748103604085,-0.6955366864083635,0.3131294905568972,-0.03441202305201059,0.40220292501684923,0.2399205914154671,1.0101
2.3,1.7800000000000011,8.214736842105264,11.720956719817767,0.45727272727272705,-0.011627687019190702,-0.0142154988024501,-0.015677093805647857,-0.0218100237681238,-0.6774524849802837,-0.8366568669141881,-0.2575949183312597,0.5845358738224395,0.2657668442915319,-0.07428942675707756,1.0136
3.3,2.259999999999991,8.233157894736843,11.34878048780488,-0.07261904761904692,-0.014588208828985927,-0.014776924223125931,0.013666925527326512,-0.01796270324471827,-1.798687432690478,-0.5285052824543537,-0.4084296881136462,0.002144620792905095,-1.3177386761290584,-0.75764381249502,1.0108
2.1,-5.030000000000001,8.172173913043478,11.830396475770923,0.6450103519668744,-0.007696109837706189,-0.01263000198598796,-0.017376983782316557,-0.02736277646081753,0.6617519464085545,-0.7950195781928818,-0.4832275559871212,0.6354587087982111,-0.09170978237823664,-0.2594600291672068,1.0065
-1.5,-5.159999999999997,7.877142857142856,12.459183673469388,0.06070393374741201,-0.009649890910724324,-0.020476174173232664,-0.0046842929648800435,-0.02140007730561244,1.498813060882566,-0.4092020890796516,-0.33285641638883284,0.025436747043063083,0.07275464184465451,-0.6594169816609955,1.0055
-9.0,-4.519999999999996,7.949090909090909,13.81726907630522,0.127359307359308,-0.005934643036207277,-0.003535049301502724,0.024290346094129944,-0.03943538450635309,1.2691759937362102,1.4914484983218512,-0.9233914297358786,-0.502468765673651,-0.39800910902108505,0.23534425600057654,1.0090000000000001
-13.0,-9.659999999999997,8.240434782608697,13.146153846153846,0.4549802371541478,-0.001016975614236415,-0.006807043090764964,-0.0037502712550594453,-0.025476338751763805,1.199201626797311,2.640381087412913,-0.7394154890844815,0.7479529780556166,0.8111997688144781,0.4988530518014951,1.0095
-27.3,-7.990000000000009,10.211111111111112,15.462264150943396,1.239065217391305,-0.013014360233437827,0.0001505524539684444,0.018051268220501626,-0.020649082808832375,0.43164920754897723,3.1501760602984064,-0.2094291859759828,-1.746398263062765,-0.3030458292496134,-0.139512453475681,1.0087000000000002
-13.4,-17.099999999999994,15.468695652173912,16.57123287671233,4.337021739130437,-0.008431195362909705,0.006250978720130362,0.003221613362271114,-0.01575236514826628,3.0625413812477227,3.486507308602932,-0.00022727854019097295,0.2007055207759258,0.4242087324818953,0.6994662744092447,1.0290000000000001
-22.9,-14.580000000000005,16.964666666666666,18.07232704402516,-0.6292490118577092,-0.016463892220478726,-0.022804190341565445,-0.004417344175273286,-0.0007160859939876474,3.121293392217372,2.087286273446797,3.3704338357060575,0.8720134717393582,-1.4408449166331116,-0.6153044013498089,1.0395
-16.3,10.340000000000003,15.116315789473685,15.659763313609467,-1.0477727272727275,-0.01764565883538971,-0.029276097771246512,-0.0669847597368971,-0.06308990089605437,-3.6831597535551226,2.5084169394245595,1.8099683439680898,1.4267199739166745,-1.279790048517102,-1.105201888846888,1.0252
5.0,-2.210000000000001,14.902857142857142,13.967980295566502,-1.0367727272727283,-0.0218908583819708,-0.01858875416662542,-0.013089972067527711,-0.040953194374928614,0.7846293685615612,0.49812299364844365,1.2102949407025603,-0.2785920846013044,0.9209982242431959,-0.4908881111800941,1.0110999999999999
-1.0,3.6300000000000026,14.357727272727272,14.32905982905983,-1.2495454545454532,-0.005252149310299714,-0.02630254033949697,-0.01783076929391747,-0.022826099372716513,-1.2706040503336153,0.5015771318654589,-0.7086393239296203,1.7004605643378994,-0.8638027938107102,-1.8263067800873298,1.0110999999999999
0.8,4.559999999999995,12.828333333333331,14.994845360824742,-0.21603896103896147,-0.00024880418902206713,0.002835383773261313,0.008362397311204361,-0.029341282718977624,1.0153638202803823,-0.3321245844821349,0.24428862327904882,1.3661119367465357,-0.9436590515467133,-0.3816843384686137,1.0037
0.3,-2.6000000000000014,12.503333333333334,13.9452,-0.27623376623376394,-0.0019624062342114,-0.021605796705804536,-0.035457372646162,-0.01087715710550441,3.583177473470091,-0.17512203088924794,0.47774151386219166,-0.08950609587598957,1.4344446871928602,-0.595460528534568,1.004
-13.1,-4.919999999999995,11.524347826086956,14.76112759644,0.08083003952569179,-0.003779358052378612,0.007743296037233449,0.009544851806220223,-0.017366535121276172,0.6087732005257649,0.142732128470606,0.615762874062011,0.5779632928684222,0.1968184567806812,-0.49895748049762795,1.0046
-13.8,-10.04,10.858095238095238,16.007082152974505,0.610165631469977,-0.0010769191141992707,-0.0005613889218842871,-0.015776905165324706,-0.019116903571724464,-1.0835820265121596,0.7181586645464177,2.0797086702788503,1.0062069661056712,0.4666808310760137,-0.35048327745233626,1.0085
-15.7,1.0999999999999943,11.146363636363636,15.260416666666666,-0.4400865800865823,-0.002199259925911079,-0.015352969387807391,-0.05988432387371745,-0.0024799522544487473,-1.2454989223795327,1.0147970895615588,0.5398528149935813,2.08118277472395,0.20535008631061946,-0.6667662590313914,1.0112999999999999
-15.7,0.8100000000000023,11.14090909090909,15.84010152284264,-0.24545454545454248,-0.011446435165796132,-0.011015470915895165,-0.003456517191620989,-0.016748337498453836,0.7363410119891237,0.6083475393990669,1.5804500778399209,-0.2376378691889366,-0.8123186423639419,-1.3642612086954442,1.008
-28.3,-4.159999999999997,11.425,16.443444730077122,0.23220779220779164,0.00639784879025207,-0.010649055813908959,-0.03517841860105442,-0.020275382459228553,2.989961353944632,1.2809143615116358,1.7300125500149988,1.9653151203846684,-0.16804575837478058,-0.5984498228137088,1.0057
-23.4,-6.260000000000005,11.066521739130437,16.714285714285715,-0.22291925465838425,0.0037090793170460046,-0.022111880067104295,-0.017314281250451202,-0.0334070567786835,-0.82402856878592,2.465390553546155,-1.147257877720524,-0.2616618983169312,1.4277573458682746,-1.305482213236826,1.0064
-23.3,-7.309999999999999,11.017333333333331,15.74,-0.40517598343685357,0.02482297434549352,0.03934025500407223,0.021146819434759934,0.008325667571133621,-1.953291714977537,1.5334444994870138,-1.0729054930313127,-0.4818357393228434,0.11765302846767986,-0.0783943733705542,1.0075
-3.1,1.4800000000000004,10.8425,14.74,-0.39285714285714235,-0.005619698544970575,-8.765615850592212e-05,0.02249890119080611,-0.01665797625027743,1.5745392241159542,-0.08711793022298575,1.5424928202293937,-0.2567818080748292,-0.6418336502911748,0.28842297258849375,1.0077
1.8,6.030000000000001,10.94047619047619,14.5987,0.18672877846790747,0.0009156924860729276,-0.012306586136471509,0.0006110162685875054,-0.02504848427216011,-0.2564061774742715,-0.4389629531537415,0.5816012028754979,1.3563288644056262,-0.6225007443053976,-1.3310572768272153,1.0076
-2.5,3.3699999999999974,10.732857142857142,13.6,-0.11720496894409926,0.010544961115828144,-0.008997054815976568,0.0051208754028060355,-0.013611076994434868,0.3310206314488738,-1.1558098541081245,0.9009960562627095,-0.4482203649145859,-0.19063284161981128,0.4599175543890153,1.003
-2.1,5.160000000000004,11.06315789473684,14.1881,0.1510389610389602,0.0011843833632081413,-0.02432851396916469,-0.013752123397578586,-0.011270605714409854,0.8206046610398865,-0.5552166803330595,0.29860170935155084,-2.5229071083660024,0.5802959865172662,-0.7577145296096887,1.0044
-8.0,1.509999999999998,10.639047619047618,14.2875,-0.19590909090909037,0.008468776497609909,0.03413626748763221,-0.005331793781213179,-0.053010416221429324,-1.4346616625323285,-0.6604297083489805,-0.4492164688627612,2.2414761477632705,0.1315761328301957,0.7471087440811578,1.0004
-8.5,-3.299999999999997,10.37904761904762,12.5623,-0.3408441558441542,0.0014634233719039713,-0.011711491339619684,-0.003307654530418702,-0.012770805746402658,-2.43005404123018,-0.544923648156754,-0.27722594431359243,0.06187175996958764,-0.26667863576308043,0.6948554557910546,1.0042
-1.8,0.8900000000000006,10.339565217391304,14.2065,-0.17447204968944163,0.0054776459296395075,0.008523412492312588,0.014557988206780337,-0.018711552413440913,-1.0971373825151163,-0.4364992134060993,-2.1099398449440914,-0.157260820275249,-1.5131641076238491,-0.028372975057401176,1.0041
-0.3,0.7299999999999969,10.238636363636363,12.3462,-0.015592885375493637,-0.0003552633244456871,0.0004702757430212756,0.008339142376206254,-0.0007085697997251117,0.9814270312554783,-0.8590677085260866,2.952085196983305,-1.6481310313142123,0.08324067992020608,-0.8425322382863512,1.0051
-15.3,2.950000000000003,10.323333333333332,13.677378,-0.10564935064935099,0.003724834575798752,0.01355999620163928,-0.011913627186222797,-0.0067471525231859175,-1.9824761125606036,-0.5759908188277203,0.5575658217129784,-0.7651484358672292,-0.6389507771070564,0.3727186235603565,1.005
-18.6,-4.790000000000006,10.017142857142856,12.3526,-0.3648051948051947,0.0024756024044503278,-0.03044384386738308,-0.006225632092544231,-0.013630753652458694,-3.374092599960131,0.2807563025367001,-0.41523307714083374,0.2367297715109193,-0.34767341949187286,1.1122883982082716,1.0026000000000002
-1.1,8.580000000000005,10.160454545454543,11.4855,-0.01681818181818251,0.0004811136290268081,-0.029536486048508337,-0.0123130447930766,-0.0025305530477730542,0.7809532862999585,-0.9122134133848036,-0.5641323925975618,-0.9796397897252701,-2.5637933093058716,-0.1861142880179331,1.0070000000000001
-4.9,1.269999999999996,10.114117647058825,12.8791,0.4422727272727265,0.0017466671486072727,0.02406801139975734,0.05882254864554248,-0.0033720834548010004,-0.634952056211103,-0.9812467153446862,0.26231033992716807,-0.300547989897301,0.6804594981585668,-0.9166666034473422,1.0048000000000001
0.9,0.28999999999999915,10.14111111111111,11.16206896551724,-0.02836363636363437,0.01865563813955795,-0.03206802334663372,-0.011555333200794493,-0.0014806991796767477,-0.059337868617774014,-0.6466742067949482,-1.016937610139911,-0.6559386964960385,-0.28344664353874477,1.4883923305009141,1.002
12.3,-3.279999999999994,9.897727272727272,10.959,-0.5245217391304351,0.008586128792781977,0.0391117022768217,-0.0259850274078417,-0.004523498186630448,1.5574892650135477,-1.8434993277863072,0.779720446714414,-0.08897816758033389,-0.9989541336256249,-1.0183868166169807,1.0008
1.6,0.7199999999999989,9.5765,10.2704,-0.20297826086956583,0.004277981730499647,0.007966085638454246,-0.0005252799930808294,-0.002800953008067708,0.006204346331052242,-1.8030903621742933,-1.3532308924256042,-0.5340724590895572,0.21521987706085804,-0.24834665223968597,0.9987999999999999
2.6,-1.980000000000004,9.1345,10.3398,-0.16050000000000075,-0.0007282290935783919,0.028535711250452067,0.010613755033638483,-0.0021469889829326405,-1.5895129355754305,-1.1826490657342754,-1.1393934733541216,2.291035592416021,-0.413104527849751,0.4113561311336421,1.0017
5.2,-3.960000000000001,9.10904761904762,10.6924,-0.07681818181818123,0.010729820447552996,-0.010695132860044865,0.0040233098805391165,0.006701266376676784,-0.5049898289679249,-1.704213133918152,1.0882660284682184,-0.10857042610750924,0.23394500419605,0.18155410490694862,1.003
2.0,2.1099999999999994,8.947619047619048,9.527,-0.21556277056277118,0.002113570318469371,-0.025408005469678585,-0.0132662620650148,-0.009616267089757713,0.5666129552072187,-2.1093732278465698,0.2531238250307022,-1.9172174880352606,-0.595210947379481,-1.038724802223626,1.0024
-4.1,3.220000000000006,8.536521739130436,9.5559,-0.19761904761904692,-0.0012923494841174943,0.00438999033776355,-0.018344459867513763,-0.014836737858034965,0.5879912744069922,-1.3461201279199762,0.17638617592380693,0.9211426423575524,0.13700725899652552,-0.2976879948704574,1.0029000000000001
-11.9,4.449999999999996,8.373809523809523,9.85,-0.09571428571428608,0.002756776067116107,0.0014336114808504163,0.023065318035856208,-0.026071304126856987,-0.529845009215949,-0.9027630155888985,-1.5345534966434538,0.7236400760283579,-0.22836694970728136,0.5634401594040249,1.0014
-9.4,1.3599999999999994,8.043181818181818,8.6866,-0.2865584415584408,0.0105081290674498,-0.026981433890354012,0.0025995438880492827,-0.02427981697641357,0.06479685846605421,-2.114344691014011,-0.36513705811452546,-0.15322307129268883,-0.4508812036096896,-0.12743279393237172,1.0026000000000002
-19.4,5.200000000000003,8.014285714285714,8.7425,-0.5049999999999999,0.009760733967755897,0.047665265673760615,0.0013766241423134318,-0.015090298204949448,0.08867537730962381,-1.8545486251342602,0.5349294290047875,0.48564096979183224,0.46129225361455894,-0.6606378556139082,1.0003
-16.1,1.6600000000000037,7.729523809523809,8.8793,-0.08177489177489239,0.004258290565749334,0.0650233187505389,0.027605484544404035,-0.013033352007457921,-1.693629490867567,-1.8575005873687758,0.3161259987687358,-0.4508614797997452,1.2080692038028737,0.32628090691170764,1.0003
-15.1,4.709999999999994,7.087647058823529,8.4402,-0.38051759834368415,0.011400637127941593,-0.028453975090034334,-0.02476390084703972,-0.0045074791025427885,0.2866501700476843,-1.8308473515807002,-0.07497180117451523,1.5953584734213224,-1.544580954243553,0.39436125520954807,1.0031
-1.3,-3.760000000000005,7.145263157894736,8.4687,0.3475652173913035,0.008208476064691439,0.09811063184876367,0.01119424046242301,-0.009774221172683895,-0.34318773676508096,-0.5313582550418735,-0.750911979792718,1.1937051958496432,0.8295379285614849,-1.9468226247264868,1.0004
-3.4,0.7000000000000028,7.1465000000000005,7.8145,0.023363636363636253,0.007242280478054752,-0.058273567682144645,0.002336632366709779,-0.010283379900513978,-2.0457720993556774,-0.23330374161093714,-1.9033356920665556,-0.5568918240529079,0.441557250327386,0.8938317377603819,1.0007
4.2,6.090000000000003,7.002857142857143,8.5564,0.22768398268398293,0.008900210750768522,-0.0026402099968230175,0.013631468848778638,-0.022413511549689957,-0.44831143770611254,-0.9963969630523462,-0.6326778890777978,0.8030266659603593,0.1474551599503309,0.39227826842504715,1.0023
5.4,4.8700000000000045,6.9455,9.8368,0.09095238095238045,0.01268780451339424,0.0013899042111553683,-0.013409932347576259,-0.012465460016313656,0.12156359186100507,-1.3329072926429435,-0.7527972324291488,-0.29280114599404977,-0.4011860307313862,-1.373652303682962,1.0051
5.1,-2.5700000000000074,7.0215000000000005,9.6818,0.4666666666666677,-0.00044823967152574085,0.0008902141515481077,0.014217984007444784,0.01887431031902409,-0.01227330833452435,-1.4751796472319163,0.02156242860958187,-0.8569528939843712,-0.7990205767916086,-0.026278612483822024,1.0006
4.8,-0.1599999999999966,7.089545454545455,9.9011,0.211515151515151,0.011895539383479203,0.022881073966424026,0.01668001023268495,0.012136971793923479,0.5829181376304772,-0.7329538228091794,-1.302909739328113,0.3903491810226983,-0.3265951544896984,0.3350367642313876,1.0027
-1.5,-1.7199999999999989,7.027826086956521,10.0697,-0.03557312252964451,0.004045539174656554,0.025602970835599592,0.008187299088463718,0.011321933149703867,0.10279652662822689,-0.7469022483805886,0.5416817987667722,0.298545828400438,1.4244212877001932,0.31302379870363467,1.0026000000000002
-11.1,6.359999999999999,7.148999999999999,9.3386,0.1763913043478258,0.009300771856480594,0.0023035163354094834,0.0029586420973650718,0.013864035784820317,-0.04599807386096033,-0.2507097389805642,-0.2586347406793614,-0.697292223568207,-0.4311636885489261,-0.6549867528220343,1.0044
-10.3,2.1400000000000006,7.267391304347826,9.8309,0.05578260869565277,-0.004048866463209677,0.009420658525471026,-0.0047975575183976105,0.019241161694235842,-0.8330271569020175,0.8527354575789133,-0.39398245236810714,0.7279541272809816,-0.33580357185441456,1.370046575267755,1.0069
-14.1,-16.28,7.250952380952381,10.2363,-0.18250988142292535,0.0034539401471800346,0.01672351714898035,0.014602614159340277,0.024992852081217265,2.037709915444989,0.5890187348832138,-0.5976288903725041,-0.99529297629509,0.09037607629951033,0.4097233814775385,1.0038
-11.8,-7.390000000000001,7.492380952380953,10.3632,0.032012987012987715,0.004103063131330131,-0.016600415380436218,0.007604587559006504,0.010117704386658488,0.08364428431389384,0.37110717567159507,-0.7797427821685804,-0.535328037368118,-1.1517620409394573,-0.03876081934470386,1.0072
-13.2,2.049999999999997,7.645294117647059,10.1363,-0.15732919254658473,-0.00017271213902603222,-0.010979357539776302,-0.010627723337778505,-0.018140802646296805,-0.5972246248552301,-0.35987053699624894,0.7616676773427855,-0.7833652774795511,0.25176034126428776,0.4996987186221582,1.0051999999999999
-0.8,4.550000000000004,7.5905,9.1406,0.09804347826086968,-0.0031832180663915466,-0.024853771385826562,-0.007084018807859138,-0.007085925950921279,-4.005105571843854,0.4296900764228299,0.25624743509744813,-0.029423537178489518,-0.6508631425825943,-0.30385225007937616,1.0051
1.4040234346259,2.1799999999999997,7.676,9.39,-0.24452380952380892,0.0024538910457536645,0.02827672476648857,0.013861098053329357,0.0019517764379326508,-1.2735852026968124,-1.1281213357249271,-0.749906596008885,-0.8582478043326367,-1.1306975836823747,0.289781491088181,1.0011
4.41367343625815,5.090000000000003,7.745454545454546,9.2639,-0.19502164502164554,-0.0015745412308731943,0.021432160699349723,0.025646290424102602,-0.0017990703490866622,0.9179895695574333,-1.316009689551497,-0.6023347535433409,-0.7200507291386751,-1.6410236002608742,-2.1616330530840933,1.002
1.7,0.0899999999999892,7.7155555555555555,9.4292,-0.23284584980237089,0.001665010517751142,-0.010877957084737488,0.006314424588918399,-0.020381196731904083,1.4447331035039293,-1.3620573817786223,1.5052731155924242,-0.09945942247470003,0.6014285169261515,1.769350327408871,1.0041
1.6,-7.099999999999994,7.576842105263158,9.3712,-0.09160869565217489,0.007973969662973701,0.010059043538349854,-0.022841834923209348,-0.05508203203669737,-0.37469368507613277,0.008643216123114097,-1.3769094649092464,0.1198531045642324,0.20388441022772114,0.057968401942134214,1.0027
5.251775730130849,-0.29999999999999716,7.320434782608696,9.1104,-0.22534782608695636,0.0005699089510802224,0.003708907824327312,-0.020310321772239348,-0.007975107979188323,-1.094703629550119,-0.8286806249364319,0.16825081095632344,1.409289829273097,0.596571686695313,-0.2258145933526524,1.0034999999999998
-0.630208596422676,-4.880000000000003,7.132272727272727,8.8941,-0.5092885375494065,0.007404211459428822,-0.0027904581919173665,0.018274964972132324,0.002979047714422478,-0.5384310809259026,-1.831950236111182,0.5698801127801761,-0.4301498371558403,-1.238138563980085,0.4341126349434717,1.0004
-2.1746084832726504,3.789999999999999,6.855714285714286,8.6122,-0.2635064935064939,0.004718211181392817,0.0117150479765602,-0.009345650832912611,-0.030683044146288196,-1.7882190131101285,-0.8702237183914072,-0.23352467227064963,0.5585515314734015,-0.2928115615356472,-0.4334919575789033,1.001
-2.8199640635286296,-3.1199999999999974,6.789999999999999,8.2566,-0.31720496894409944,0.01247078542431268,0.00672790998602224,0.005171096222127858,-0.030952708529794037,0.31179547617718456,-1.6081665881577878,0.25316898024460294,0.0247347798202074,1.0504576644682158,-0.8628770253682195,1.002
-13.573365618591998,3.5,6.457000000000001,9.0219,-0.12612836438923392,0.006238222989047415,-0.0015091625460179614,0.006174082789522473,-0.014645200258648572,-1.4159539856791588,-0.8897102399210025,0.3499106854539068,-0.329368491084996,-1.084152506152037,0.8739199807469091,0.9994
-1.9871736488000096,4.100000000000001,6.151363636363637,8.2594,0.5413852813852813,0.015833856846768413,-0.003633338514717366,-0.02061882237056878,-0.004856716316927745,0.8815612779205652,-1.7005589693801033,-0.636662833484762,1.9173918858050896,0.4308719366501458,0.24823377447599584,1.0005
-12.373261675564398,-3.6600000000000037,6.038823529411765,7.9343,-0.0648221343873514,0.007986865394901344,0.02625431147202839,0.024754960264949943,0.018041842261899532,0.23117898434963896,-0.7462617496415345,-1.2121065924713847,-0.6534765767642994,1.258863826756216,0.12960272905055012,1.0031
2.29565213963223,-7.990000000000002,5.938421052631579,7.8881,-0.8150869565217391,0.008120591539343636,-0.0098207255524283,0.007155722246933394,0.02927757426371258,9.194205367445962,-2.1245658058676686,0.3109605186479178,-0.023419445002175653,0.6546406100745394,-0.2705809735086561,1.0005
-23.8037302467543,-23.65,5.79421052631579,7.9881,-0.6341818181818182,0.009154068141004501,0.011111716473919842,0.003735876530186033,0.02826395740594201,3.452529789371542,-0.5900611702501487,1.6202065443726315,3.5939531907344455,1.9895671136949866,-0.7518324040730039,1.0038
-33.2628474480369,-13.629999999999999,5.994736842105263,8.2881,-0.14363636363636356,0.02327329507527054,-0.02485182793065377,-0.08164310967740462,0.052881470150465404,-3.5745116421784986,-0.9791702151571737,1.6412072821384762,2.115741549933993,3.398979703907421,2.7275936230400166,1.0059
-14.866932687446198,11.0,5.468823529411765,8.4881,-0.013658008658008924,0.0047230313042092575,0.05659296372639666,0.009356029158722023,0.05971699151844234,-4.337794960178188,0.5508046266209425,-1.9856142410158206,0.8804488771473749,0.6373607482173899,-1.4512692507277498,1.0049
3.09581904303265,10.890000000000004,4.994,8.5881,-0.009069264069264449,0.004427783687001252,-0.037125649789887305,0.050608090172771014,0.016656358113277037,-0.5735417630687795,-0.1050791863390568,-0.6742057982080899,1.0238442932934335,-0.4531297518645666,-0.2907182220879837,1.0002
4.25174222154884,2.969999999999999,4.2290909090909095,8.8231,0.0830237154150204,0.01622831134877245,0.0196514365003857,0.03805841702888735,-0.031377475863694215,1.2280034248287826,-1.163370164567853,0.21994608550416436,-0.645483630167209,0.7010067927045049,-0.29381271204100295,1.0066
-4.18514966541717,1.5,4.155238095238095,8.9478,0.061759834368529276,0.007237862412599938,-0.011019361502949465,-0.016429889301310396,0.02095931701703968,-1.3029714827680832,0.5209665122626932,-2.6776156918752654,-0.4192123687507821,1.6586477470179313,-2.0544851217533338,1.0048000000000001
-8.070784040319351,-3.8300000000000054,4.165,9.668,0.012943722943723479,0.003880319028551682,-0.009705266534096424,-0.03139151082280378,0.06684188945149572,1.3328128843098976,-0.17459031766310407,-0.30178949066004396,1.2379326865260114,0.07061995481401613,0.964166846675568,0.9997
-11.2382678235208,-0.7199999999999989,4.174090909090909,10.1207,-0.08454545454545492,0.009055475420183257,0.021348329562755453,0.01907200455324798,0.0400682060734443,-0.19408773469537915,0.7586629694376118,-0.14896835522494623,-1.1138363404063025,0.536717767604338,-0.9924802256326744,1.0061
-20.1751559638861,2.5,4.061999999999999,11.507,0.3049350649350657,0.003246615595918101,-0.037817675628495806,0.002564141114680396,0.029017196635441778,-0.07127730652764522,1.206234741820999,-0.79316732226111,0.15595258122376832,1.4998865184544965,-0.42508514084563176,1.003
-14.4044883805009,7.300000000000004,4.171304347826087,10.4836,0.45490683229813644,-0.0053567464866581815,0.02853842331116141,0.05789698996299997,0.005438406794642248,-0.40621845511083127,0.2650777681836426,1.6790117302959093,-1.3016415711723406,1.3808420969931314,1.2271846365903636,1.0055
-18.0462044261328,4.780000000000001,4.306,9.8636,0.2579503105590062,-0.005564432255013685,0.009539748259880909,-0.04157008677216467,0.00580666926204465,-3.10434335961708,1.4870674544542628,1.3404540438484511,-0.3070004043638128,-0.8318958913477437,0.06907376844052933,1.0070000000000001
0.793588206826598,7.509999999999998,4.057894736842105,10.0714,0.3360714285714286,0.0026044198535242202,-0.016039526075998012,0.02227296130274503,-0.005709920802129176,-3.189317149109099,1.1860871578718222,-0.3547627844149469,-0.8256873579237753,-0.668768512187238,0.4696780043031878,1.0057
7.23232025201588,3.1299999999999955,4.222272727272728,11.879,0.5525000000000002,-0.0012668532322575032,0.014159738268689992,-0.02866213379420479,0.0038137600651033665,-1.3135246527036695,1.105372596455386,-2.1106989941673153,-1.4133363323328507,0.3289003905025228,1.0563060406251987,1.0067
9.19093082452801,-0.5999999999999943,4.514545454545455,11.3279,0.3504545454545447,0.01085709655044198,0.02773465992463997,0.08381295863426708,-0.0030151992518963056,2.463567319462995,0.009294986647355572,-2.192771170427679,-0.8907841376453246,-1.0203536254725702,-0.19145622531551545,1.0022
7.528234810920949,3.719999999999999,4.791052631578947,11.9136,0.07097402597402613,0.018457606742638077,-0.013032146477300444,-0.000674585137568684,-0.014919797950270208,0.7231339136722339,0.08696552443872062,0.36869974178580445,0.5101803773848804,-2.1402116493553778,1.4326945042510022,1.0070999999999999
8.81806116436517,4.6299999999999955,5.1033333333333335,13.3997,0.3540259740259746,-0.0009868380730946313,0.02635025303071714,-0.013248238721406125,0.10036809257573509,0.9060707309939058,-0.543722640187869,1.029854830519312,-1.9406543985774114,0.7537275667438043,0.6535011019204218,1.0024
1.2978598216332298,2.010000000000005,5.759545454545454,12.4946,0.6559090909090903,0.000585224426712827,0.0015040105794543734,0.007790610934852893,0.041825563122436904,-2.024018696025673,-0.2316509397594711,0.5740538804220146,-0.9160432318622145,-0.8730483045033239,0.06476242942295952,1.0073999999999999
4.0894467812118,-4.420000000000002,6.297272727272727,12.3028,0.8072727272727285,-0.004654941322622008,-0.009051017176821219,-0.029987231295766748,-0.011065782559006365,1.036673511367243,-0.23490252198682016,0.6394932734711697,0.7632751651903125,-0.7338411939198309,1.214470799128174,1.0061
-2.7894735416334804,3.739999999999995,6.569090909090909,13.6222,-0.1404545454545456,-0.003662789176635428,0.02245705022684419,0.0441725394622452,0.003479426553575138,0.819135051335011,0.8430722528433751,-0.27167862395453984,-2.067918362502232,2.0936165094309414,0.4036852290723765,1.0104
-6.92557225065701,9.050000000000011,6.809523809523809,13.4727,1.2318181818181806,0.0011424185373325457,-0.030667865741412115,-0.005282861094757507,0.011771826860558221,-1.4578670230590838,1.3055281926417028,0.3149312525732121,0.1708914218610186,-1.5064110915027935,1.216539647800927,1.0139
-9.05039246803685,-2.490000000000009,7.331999999999999,14.7674,3.3940909090909077,-0.007021319707350315,0.010428268614054659,-0.007541097714566902,-0.010653954007370459,0.24722239216956526,1.6555773767897943,-1.6612080268719875,-0.612329810153025,-0.7049962835736427,0.19591504439391952,1.0088
-2.80279720644782,-6.8799999999999955,7.617727272727273,13.7279,-1.1775691699604707,0.010833435142876269,0.00612466889383434,0.10579468809370418,0.030080158079650587,2.035611343250156,1.0387325727457604,0.5623685669169532,-0.6816677699168878,-0.059931185722116545,-0.11629364697268378,1.0068000000000001
-10.3501746263432,12.340000000000003,8.286249999999999,13.5372,-1.5546169772256775,0.0067172196615850055,-0.018900779571454862,-0.09982285430850801,0.002007393265081703,6.82886088824279,4.048289016429029,-1.805079624124596,0.49152359465643636,-1.314568455633376,0.4279300363162435,1.0064
-9.138273004054753,10.61999999999999,9.565263157894735,18.3345,-1.383904761904759,0.0032259972223815936,-0.0011767156874480378,0.01322111154395067,0.017525720793811317,1.021379045863637,5.521086933956043,-0.2853139067415162,1.428529296442276,0.20566714413602752,0.12275096690350328,1.005
-2.07329640470587,20.120000000000005,19.873636363636365,12.5387,-1.1271304347826083,0.008732988574832845,0.012146533089039124,0.07463629908253644,-0.015048181028568308,-1.6541106244903125,2.8713434930584927,4.655996893123864,-0.7820787095159899,-0.96876946409351,-0.16633685441293736,1.0837
-4.64928043743139,-12.670000000000002,17.08047619047619,11.4809,-0.13086956521739168,-0.03558838973278,-0.032968037602653766,-0.09806278567857696,-0.03891211608684131,-1.9665609562874204,0.14052894380608144,2.333327595857757,-0.26391305588639613,0.10353677376128678,-0.10104162908459478,1.0206
1.16769290727696,8.760000000000005,13.253333333333334,12.3659,0.4040909090909093,-0.006790529728601058,-0.05913628078040567,-0.013846856003109309,-0.006674367027107664,1.5975158535248248,-0.8136813547369617,2.6260594883674164,-2.0804636852325973,0.6163768861519215,0.5286160366427827,1.006
-5.245886601210169,9.36999999999999,9.634761904761904,10.8218,-0.1186363636363641,0.006992311026076337,0.03519572720320241,-0.003214494892667119,-0.025757453591349844,-2.3263263675719497,-0.1266741461753199,0.44807332543375367,0.6763365410742369,0.7130479648946165,-1.189173035492376,1.0029000000000001
-7.4422078644175,-10.779999999999987,8.9,11.9815,-0.344025974025973,0.007743156465771506,-0.009617099145287966,-0.04105274804047099,0.025920608011341884,-0.8323021129940819,-0.6755539538729085,2.124563449912313,0.6531591682270134,0.18766831916862178,-0.5571994058529202,1.0027
-5.560424979090869,-11.480000000000004,7.938695652173913,12.4884,-0.2388198757763993,0.01927011231451381,0.014915654038411219,0.03787415469590627,0.022664147219501274,2.1478690928036888,-1.0879744793674253,0.24810539202464685,1.048267764036145,-1.2420067965562172,1.7898907576911292,1.0004
-10.3715823382334,-10.689999999999998,7.678181818181818,12.8386,0.15466403162055453,0.028379289806142793,-0.0010131335881631287,-0.02271706407233509,0.02857381260306191,-0.7093124721816998,0.7297391540576451,-0.2903651436396642,-1.1641665227666194,0.4328668153383225,-1.0489465868118986,1.0012
-12.0914698349518,3.569999999999993,7.672380952380952,12.2257,0.3479653679653678,0.025577148066204813,0.007712655769983812,-0.007457107298808552,0.024399702005034385,1.0589871951061578,1.5261901997691034,-0.895028308957341,0.4310795395532361,1.6752756690934687,0.5512507896833512,0.9976999999999999
-19.6808907449493,-1.9099999999999966,7.314285714285714,12.1275,0.027489177489176342,0.0025015249136153273,0.023262896432100888,0.023249753996452682,0.005407671028999417,0.24760270452071834,0.19495637478508077,1.7693964607820205,-0.32738661707234085,0.6856323763204522,0.8480162071337052,1.0022
-17.5014484869028,-10.5,7.310454545454546,11.6154,-0.29136363636363516,0.011255562150074283,-0.007547455903907263,-0.09817739365968414,0.013636770025975409,-1.5244039902520217,0.21733229834348977,-0.9733945314341605,0.11075408538954545,-0.07988967057283129,0.30344944216026426,1.0012999999999999
-9.53720666127499,1.5799999999999983,6.997647058823529,12.1595,0.2681818181818185,0.01577289569886986,0.013273381065504353,0.09271281413474242,0.029893089240193405,-2.9506888000464584,0.424085353755171,1.973508622139055,-1.0563760001937461,1.0772460149765943,0.15988855924135784,1.0031
0.622313225304504,0.09000000000000341,7.113333333333333,10.7132,0.2259545454545444,0.014822543059146653,0.019395115941225782,-0.018779830797543084,0.020769578994388027,-0.371414769759849,-1.2350179732996232,0.9959921727518375,-1.7680695463618388,0.10730982673612542,0.6629479315923428,1.0
7.27596197745641,-4.159999999999997,7.354090909090909,10.3542,1.0258043478260879,0.012758667417253733,-0.010337062914082651,-0.041692039402352776,0.04076990223221699,1.492838514224711,-0.7500893135558738,-2.245804169153959,-0.196763360848447,0.26662521341403084,0.3610729811124334,1.0001
-0.650685701486659,6.209999999999994,7.1594999999999995,10.8053,1.971195652173913,0.03856233945953491,0.024759137452312174,0.050725752675898406,0.057686806553771675,0.5174483048077418,-0.8703344170005567,-1.2753776382770012,-0.28393056185614196,0.3785722000701083,0.5050101798052589,0.9954999999999999
2.2680881724322703,-9.170000000000002,7.251,10.1907,1.4540217391304342,0.017705391897855804,0.049369861960830264,0.00976410706052988,0.03904633604424568,-0.983433297005537,0.8471959797466733,-1.8359527990522289,0.4035424315514708,0.9183053970455021,0.06572111184362175,1.0055
-1.57156990346787,-0.6299999999999955,7.331904761904762,11.0586,-0.010612648221345111,0.01702802537310255,-0.021795014388446887,0.0003977628646687492,0.009849665367827498,1.1204765284375042,0.040454953284613765,-0.5216459498691711,-0.26304379132670475,-0.5964537832237329,0.9692147785323473,1.0049
-8.11523643343321,5.269999999999996,7.827142857142857,11.5194,-0.3525757575757549,0.014604536568899817,0.013606472283147042,0.02093892278593934,0.007140817693695567,1.3075855132259064,2.5136174329822905,-1.4653470914262252,-0.6841140726575049,0.44800774651032776,0.818218738298701,1.0042
-2.3724722695925196,6.040000000000006,10.331304347826087,11.7208,0.7262318840579702,0.01071492805299279,0.0066660054071583374,-0.011574870595666198,0.025332071670758793,-1.8691616713618535,2.545150529423922,0.41844648017520125,-1.9161997043880072,1.1471609857827398,-1.0385584396786076,1.008
-6.478531605196509,7.569999999999993,12.28095238095238,11.165,0.6151966873705987,0.0050251452516807404,0.004056477328088448,0.002984961990730284,0.007852078398864037,0.11090692635297848,1.5409136936962364,1.024648544308654,0.5525228700281373,-1.4691148216709544,0.8501581009086393,1.0090000000000001
