unemp,Brent,MIACR,obligates,M2,paid_services,money_income,trade_turnover,debt_firms,Компонента рыночной конъюнктуры,Компонента спроса,Компонента ожидания,Компонента предложения,Компонента валютного канала,Компонента денежного рынка,inflation
-0.05134301087576443,0.7800000000000011,5.9935,0.1849999999999996,-0.006168380997486622,0.03641008145663882,-0.015557517747351923,0.0048414570733488205,0.012513267886756552,0.5133092012721728,0.7860903089676164,-0.8283863727124903,0.1961037509813109,0.3061757365861111,-0.044170508041425194,1.0036
0.07329470204419386,-1.4200000000000017,7.845000000000001,1.0168809523809523,0.0009166502064239523,-0.06885672868589054,0.003087697954265778,0.022187469394918224,-0.03399472398018055,1.1118205463363107,0.7267849560545047,-0.12353852221765992,0.20270588502261508,-1.1900897766370098,-0.10779789328263806,1.0068000000000001
-0.06622132205415632,0.28000000000000114,7.874545454545455,0.09534632034632029,-0.010712710129574532,0.022516766102988583,-0.003831217313372548,-0.010404252167573347,0.009166942710834292,0.3890387113833022,0.36618713948403975,-0.5658025848480454,1.2984038605459727,1.1513107492364323,-0.7315160268885746,1.0034
0.037716931657508335,1.7800000000000011,8.214736842105264,0.45727272727272705,-0.008042895528742378,0.009121497612175844,-0.01711382193398059,0.0014651116982378198,-0.005382478956290626,0.1862030059076404,-0.7898065268531697,-0.08914420058568111,-0.3259094458230851,-0.6550390063559741,0.6851295552343818,1.0072
0.00978924404391135,2.259999999999991,8.233157894736843,-0.07261904761904692,-0.010096068087124266,-0.05140371952042777,-0.004879551684632943,0.017111979981720538,-0.016643456906267673,0.06356251782132706,-0.9212242606096942,0.2578640268599762,0.3757149738329444,1.0410352685737203,-2.115118270797559,1.0098
0.07233312785509893,-5.030000000000001,8.172173913043478,0.6450103519668744,-0.005840004972327506,-0.014204139332679944,-0.008631280318413204,-0.03306271525216964,-0.009343947241481132,-1.615238235562221,0.48453869774036523,0.5151479408466065,1.8773840287576786,-0.29068183150999527,-0.32142348261752507,1.0034
0.09362915735358546,-5.159999999999997,7.877142857142856,0.06070393374741201,-0.007300779104523869,0.014664136201760769,-0.01695273728639002,-0.004151118787085295,-0.018666280584668016,1.4218277220150632,-0.1178863498530168,0.4757671097162472,0.8255401978921285,-0.2509094347577318,-0.6180194014917006,1.0048000000000001
-0.07700696895038583,-4.519999999999996,7.949090909090909,0.127359307359308,-0.006506432566483866,0.002687618755643939,-0.01644725375128253,-0.014607257330796486,-0.0056409549721827545,0.724897868490674,1.9441846151567888,-0.049279787241478655,0.5405572549900951,0.21231217823173587,0.23322676421893335,1.0110999999999999
0.003909616279808459,-9.659999999999997,8.240434782608697,0.4549802371541478,-0.0029712665188359466,0.014505202042466081,0.007052931072426105,0.00817851066819486,-0.02202757987542192,1.0078293927364723,0.9083043179101418,1.8598358131309345,1.785599120489098,-1.910134488913415,0.07327453609460774,1.0105
0.005390385529650654,-7.990000000000009,10.211111111111112,1.239065217391305,-0.011519846682743307,-0.013955503918142043,-0.00969795223319636,0.012553024654474498,-0.022499031837469374,1.036482293671173,1.1273908249816207,3.1556070477011477,0.21377965581928102,-0.8321657986315789,-0.5847837091840723,1.014
-0.02568274619482991,-17.099999999999994,15.468695652173912,4.337021739130437,-0.007628028680207066,-0.0251074975505734,-0.0029612516212509377,0.04834854709763725,0.005451477865619836,1.0446890804869553,1.6874479719300322,3.3843532182962863,-1.0789230005156394,2.0143133150898507,1.421669097605425,1.033
0.075759163357628,-14.580000000000005,16.964666666666666,-0.6292490118577092,-0.02094458187096926,0.0032222962735275473,-0.023023874466336025,-0.015460943519494563,0.0009595526780046271,0.14166865223699582,-1.358479716277907,3.759079506102346,-0.3194288957416543,1.100316728919472,-0.1934798367611999,1.0234
-0.06989471111513534,10.340000000000003,15.116315789473685,-1.0477727272727275,-0.004903918928350848,-0.06765200355541268,-0.002027484514453448,0.00918499018630392,-0.030666605160886817,1.2266699195192343,0.27310821248063477,1.9972692585625937,1.7320056599757607,1.1319294692657282,-0.9664681943996064,1.02
0.0853838765396373,-2.210000000000001,14.902857142857142,-1.0367727272727283,-0.017650054018297112,0.07926391034370717,-0.01656316389466639,-0.03995139589572538,0.02372659010867295,-0.6630953378162956,-1.517486342454569,1.9262135579827413,0.5330555435715582,-1.5490564758124095,0.251498651673999,1.0138
-0.02359156842136434,3.6300000000000026,14.357727272727272,-1.2495454545454532,-0.007176048471164265,-0.033719758899671604,0.010287861391709896,0.010221294728772534,-0.055643195877245866,-1.8532333328306536,0.32804650380173145,1.5501316460903882,0.718087359826882,-1.5307435653481403,-0.5960598870560879,1.0095
0.02764481935249874,4.559999999999995,12.828333333333331,-0.21603896103896147,-0.00030059027927364923,-0.010722030313276676,-0.026506506004739805,-0.013264357083679457,-0.03778157318258479,1.5029511249667338,1.2124513100892438,1.4199743062886514,1.0658774588945663,-0.06068727322799278,-1.0077056581833717,1.0045
-0.06079842419402404,-2.6000000000000014,12.503333333333334,-0.27623376623376394,-0.004647871258928404,0.0342614282034539,0.007085562735683837,-0.0248217118556191,-0.044619330479434005,-0.6620622956973622,1.199298510906094,1.096557005386734,-0.5831493876024402,1.2528401537850988,1.7435881048757482,1.0024
0.01566546440478156,-4.919999999999995,11.524347826086956,0.08083003952569179,-0.0011674253669013979,0.012907305893627097,-0.0016141936716831395,0.02747124909194376,-0.05124213129196242,3.3170774315279576,0.18310778814295386,1.8455517280734732,-1.0677824779981986,-0.8760394028730927,-0.38007557967882055,1.0034
0.01926378018929431,-10.04,10.858095238095238,0.610165631469977,-0.0003269771630769469,-0.06773418715397206,-0.015232778909627598,0.0008556601273976838,-0.01863198692319834,-1.5666377472262143,1.206486973725033,1.658941654763449,-1.2030679873287855,0.8453695621144756,0.1409435062648012,1.0031999999999999
-0.014290867501744575,1.0999999999999943,11.146363636363636,-0.4400865800865823,0.001964405619242271,-0.015841897629821133,0.009491179282079543,0.0032854925883594177,-0.04111652949711608,-0.6592612453081494,-0.026621997331438888,2.7007283773020467,0.2991764585847048,-0.754151351937721,-0.6364953627709943,1.0039
0.016844026909057508,0.8100000000000023,11.14090909090909,-0.24545454545454248,-0.00332553555421633,-0.016245444982482482,-0.010296919533011817,-0.007562884519451529,-0.03534644505983753,1.7672322879196067,0.4877012531862458,1.8315508709588717,-0.28492944782342955,-1.9448006739513617,0.6064578907007774,1.0095
0.0024988316036387292,-4.159999999999997,11.425,0.23220779220779164,0.006340451894153887,-0.004926889885707553,-0.014245891870555027,-0.020348906461245875,-0.026413392765425314,-1.116132175065612,0.2828850109751669,2.100032733759917,-0.1160060647189567,1.4516017420270613,2.0242874174636065,1.0103
0.00730304324936748,-6.260000000000005,11.066521739130437,-0.22291925465838425,0.003455712070682182,0.013889414141088352,-0.014335793922246154,-0.05958956531639714,-0.05027647400269952,1.557964651705049,1.0602061812001233,1.9808002920221817,-1.1824110331954296,0.875870389617955,-0.6424308214070904,1.0054
-0.014991633164155305,-7.309999999999999,11.017333333333331,-0.40517598343685357,0.025417846756445428,-0.013641647703062532,0.02156009823525551,0.024229828052956037,0.014702562910190231,-1.814751254481472,-0.8113325039664614,1.8599940969499649,-1.4103855626390485,0.5013250897538623,0.00959092208980802,1.0083
0.04018330781454815,1.4800000000000004,10.8425,-0.39285714285714235,-0.009610416305445568,-0.003988602493256721,-0.001811337960630155,-0.022702888717843095,-0.09341493790879962,-1.2774485887208193,-0.6580480268890341,1.5682406845508505,-1.2017629102570102,-0.6116604903338412,-0.4120298884336431,1.0069
0.012405404849864077,6.030000000000001,10.94047619047619,0.18672877846790747,0.000831218277649981,0.13351896817605002,-0.013471156973171361,0.02158806306990435,0.051218187615890365,-0.23856698212416425,2.3911246304705203,0.5653735757427732,0.07430308051873308,0.8884936705331582,0.16441562175497662,1.0076
-0.05480483511864853,3.3699999999999974,10.732857142857142,-0.11720496894409926,0.011810546074038086,-0.03974449721792439,-0.04955234109355544,0.0010076494606643394,-0.04251210909525227,3.717920834616712,-0.9613186023737663,1.1803676484128158,-2.6066809975175977,-0.4654912210078328,1.8950950049336517,1.0055
-0.18320210407597515,5.160000000000004,11.06315789473684,0.1510389610389602,-0.0016385751184309072,-0.05612127337800743,0.05882578649761072,0.00860764659140223,-0.03579957637206199,-2.6729263456507804,1.1305757722456744,1.852468208736505,0.567292409480161,-0.5624197040295328,-0.6810009452569632,1.0031
-0.03661552047687844,1.509999999999998,10.639047619047618,-0.19590909090909037,0.007812161554276997,0.013866256893905415,-0.03698002320436977,-0.010478301772074872,0.00040887676685485985,2.5074973710944746,-1.1360638615513359,0.9603767861598241,-0.9002248727756406,0.5534049169945345,0.6468109856849955,1.0061
0.17443173788206567,-3.299999999999997,10.37904761904762,-0.3408441558441542,-0.0031441939878895653,-0.030966004669055636,0.004719380124397432,0.01804935766541682,-0.017204673494985556,-1.1997589346977442,-0.10016105793076553,1.191779095695359,-2.2081644956811837,0.7442206678812285,1.5507771380960438,1.0058
0.06910961929468096,0.8900000000000006,10.339565217391304,-0.17447204968944163,0.0036430880280367006,0.036863731971475744,0.03762781545189142,-0.014495057204701567,-0.03157500888351805,0.4695656914122695,0.22299061560848074,0.16263358565078082,0.9635837902118379,0.4839132032919689,0.16277713728193077,1.0049
0.025393766377412197,0.7299999999999969,10.238636363636363,-0.015592885375493637,-0.0020681833396487548,-0.01841309726017215,-0.012525108997325063,0.017798999460522325,-0.036927131347017195,0.6854666797986666,-2.634335230286016,1.3642654990661494,-0.8892797855461977,-0.8082806367838079,0.790850995985382,1.0115
-0.07033427584735708,2.950000000000003,10.323333333333332,-0.10564935064935099,-0.0014018727600841885,-0.06670298823580012,-0.03058807560184995,-0.017441807698165945,-0.04007385559368348,-3.166046912033875,2.043649915612511,0.33818838988874717,-1.4454745576505068,-1.5777301615541455,-0.0040864177033311695,1.0059
0.050280985549686186,-4.790000000000006,10.017142857142856,-0.3648051948051947,0.00207179816822034,-0.003477318291729148,0.026333545475100806,-0.010827127974501138,-0.013987368836204439,1.615697451301404,-1.040544686923573,0.626326806197886,0.45938087269014827,1.3117119443434369,-2.0764477040078977,1.0036
0.030105638995960637,8.580000000000005,10.160454545454543,-0.01681818181818251,0.002228698898777637,-0.02049467988212683,0.011767511638018036,-0.03469173722240093,-0.0687024403108083,-1.020966111774505,-2.6373303520013422,0.7712087173823603,0.6039368096470457,-0.9456632342640723,0.9936255729067891,1.004
0.004365240171976703,1.269999999999996,10.114117647058825,0.4422727272727265,0.0038876975473698394,0.02459995837263307,-0.025497290538222472,0.01348786663442425,-0.030883816360007366,2.4549114358858364,2.7248946105132816,-0.9593631602168432,0.12292002965129159,0.5134428689186152,0.04581469755243604,1.0034999999999998
-0.056872922688516514,0.28999999999999915,10.14111111111111,-0.02836363636363437,0.01735204690313985,-0.02419453248083414,0.016100119149408343,-0.02636333108670641,0.02272247093786728,-1.8294585886304573,0.9909048347234197,0.43686041199472925,-0.0012731006920928126,2.019068614924378,-1.2161723093422008,1.0025
0.0655867747201655,-3.279999999999994,9.897727272727272,-0.5245217391304351,0.007448914918407823,-0.41462947252067295,0.0036016178785747144,-0.034189571614279046,-0.3266603602937117,-0.12436725817087416,-1.7265897782663124,-0.2582497179843963,1.2260808050150085,-1.1093829755039313,-0.1892839599649785,1.003
0.4059682965586393,0.7199999999999989,9.5765,-0.20297826086956583,0.0035909120952659634,-0.002298108819640987,0.028933117254760887,-0.011622309227730554,-0.003310041235092598,-1.5933135871467259,-0.05601795830834128,-0.37349930694248523,-1.419657313475228,-1.229168144863885,0.41156505853451836,0.9998999999999999
-0.4114847544220104,-1.980000000000004,9.1345,-0.16050000000000075,-0.0011254692109474718,0.01727664978048793,-0.01884015568865216,-8.063010663583725e-05,-0.010904032586745771,1.884660666373505,-0.12317103482210712,-0.7144278459653859,0.3520988750438728,1.1429392321901288,0.04073084962240724,0.9997
0.03147912235200989,-3.960000000000001,9.10904761904762,-0.07681818181818123,0.010269578000464463,-0.02512059149134771,0.021355861062732018,0.004372264364342016,-0.019331392292285976,-3.6203791495063298,0.6354267510843791,-0.47272872587008846,0.1845002406029448,0.0949806364075254,-0.5249099986004068,1.0021
-0.04821765971543446,2.1099999999999994,8.947619047619048,-0.21556277056277118,0.004170708038964577,-0.020511560874568957,-0.0248067939012504,-0.009424025111634649,-0.002143462564726306,0.5007258900977747,-1.249773108047539,-0.5425353811875637,1.0235734972873411,0.17526891593145508,-0.7332085630157082,1.0029000000000001
-0.06779286043424015,3.220000000000006,8.536521739130436,-0.19761904761904692,-0.0020207522053006244,-0.02327826190172111,-0.002613047922197964,0.021588157079554193,-0.05103917540560676,-0.695591118293707,-0.14930287400407663,-0.7053234273305162,-0.5603022910107724,0.1713945240683322,-0.3241132638803333,1.0023
0.1464498719860503,4.449999999999996,8.373809523809523,-0.09571428571428608,0.002908810109351734,-0.033202003780933964,0.023105045575709582,-0.014252558874472854,-0.02398625755246453,0.1798955376000717,0.35054805255900745,-1.3819721523683477,0.8743323235739323,-1.0556641209572561,-1.0308093255868407,1.0039
0.04959236399423306,1.3599999999999994,8.043181818181818,-0.2865584415584408,0.010165883207053028,0.01178982413802565,0.02529367396995319,-0.0038441971320537505,0.0579939303456074,-0.4668469069146562,-2.4120357127881165,-0.7012540710820578,2.4245172471088456,0.1183643399273651,0.5968344923895481,1.0006
-0.08746159668307874,5.200000000000003,8.014285714285714,-0.5049999999999999,0.011335644224365282,-0.036803137672485775,-0.010634822723575965,0.009620916673501512,-0.05016591892678868,-1.657121736275609,2.182225668962846,-1.1653266262964672,-0.3625762793382447,-0.5076759576845445,-0.7851555471574158,1.0017
0.013693267436124312,1.6600000000000037,7.729523809523809,-0.08177489177489239,0.00410684705302522,-0.01727626649955738,-0.0013588505738901802,0.0349346616906292,0.031420453283226735,0.030946805949505333,-1.8457037298324097,-1.0383125865237368,-0.26276167486252605,0.22647524526320148,0.49490816682053784,1.0015
0.06494350072165678,4.709999999999994,7.087647058823529,-0.38051759834368415,0.009042417722799456,-0.045014885180343356,0.04891917727641548,0.011526221529496894,-0.030626314266029908,-0.595144031333177,-0.8335528726208158,-0.9724678647272756,-0.8952649855116722,0.8037514451554552,-1.4159581104354286,1.0011
-0.022062007458084176,-3.760000000000005,7.145263157894736,0.3475652173913035,0.008182316972234815,0.006503099301756521,0.0008509248607300179,0.014260602725919114,-0.0150777778301725,0.7857646442870256,0.8566980945194329,-2.4836236681109014,0.7640323433150226,-0.30837070831998425,0.7736215949343213,0.9994
-0.023733952281205895,0.7000000000000028,7.1465000000000005,0.023363636363636253,0.008923277371332361,0.15789309631483484,0.019257980270937836,0.018789879819198774,0.12257274092280124,0.46392964490730226,0.2522462709940384,-1.8324679656945158,-0.7687498620053407,-0.5007114410563561,0.5892501093346306,1.0014
0.25269518903425814,6.090000000000003,7.002857142857143,0.22768398268398293,0.01010280515796147,0.005461043083316852,-0.009414912857945268,0.04435462648392097,0.028132573155780882,-2.1240283886446236,0.31306884566082427,-0.63735912509601,1.3499772843686662,0.6703343191270081,-0.01585631652699439,1.0016
-0.2725773510518428,4.8700000000000045,6.9455,0.09095238095238045,0.013890469372135783,-0.010983536576377517,0.003806371448204615,-0.008835462122901205,-0.0037459899595777557,2.8530878039998346,-1.6767040740305463,-0.5729521218914541,-1.3749538758066793,0.07175487026767081,-0.5043829438884945,1.0002
0.052814762595819964,-2.5700000000000074,7.0215000000000005,0.4666666666666677,0.001291149429121674,0.02838711824545115,0.009140825079956727,-0.01608772861418828,-0.016514745734121483,1.500121753830298,-0.6176346998933464,-1.206979582596254,-1.5537921904835021,1.5935756640520797,-1.1203724584076031,1.0018
0.02721865620726871,-0.1599999999999966,7.089545454545455,0.211515151515151,0.01131664300562285,-0.01261896461938683,0.010419431456019979,-0.01521866668812244,0.014291277640993805,-1.1368947283988686,1.2331871222741368,-1.0505414983720762,1.0121254969166023,-1.0382187815624975,0.9411543696394782,1.0016
-0.014012554192703863,-1.7199999999999989,7.027826086956521,-0.03557312252964451,0.003980115991559785,-0.03337676895071873,0.00712453970603022,-0.0058125265345925214,0.011128116019508916,1.3432255192847076,-3.2132745030823733,-0.2864205851298318,1.7130958320208063,-0.46598668399808796,-1.1660745256449978,1.0025
-0.014269540234714606,6.359999999999999,7.148999999999999,0.1763913043478258,0.00972974816468053,-0.03832544563040763,0.0036069287547935147,0.006858392466007501,0.020564911792693152,-3.9799110924755805,3.5497676926935773,-1.2656632413930273,-0.7620822377479951,-0.6645056106282441,0.3362940636186745,1.0070000000000001
-0.05468279330055004,2.1400000000000006,7.267391304347826,0.05578260869565277,-0.004033098037158567,-0.0035630707700260444,0.001971822574917681,0.003332900585132137,-0.05958082033183931,2.214917969457589,-0.6655783917828466,-1.1355718551336413,0.19053805439607505,-2.183921214481744,-0.017557356481284245,1.0065
0.03625037794805963,-16.28,7.250952380952381,-0.18250988142292535,0.0031291708925671458,-0.034807141182076506,0.026953030036370507,-0.011041332342072607,0.028178069184530585,0.936503726278767,0.5267958859356742,-1.2274256412488642,0.9108894312178814,-0.08222117965829547,-0.5899684711576881,1.0036
-0.03513444040246472,-7.390000000000001,7.492380952380953,0.032012987012987715,0.005735644871750267,-0.01604508514062708,-0.021169963479792386,-0.015446216329463525,0.02772732055459226,-1.9079146307875974,0.5195167079256265,-0.695891461547975,-1.5411669074621106,2.826284221127219,0.8665336832810502,1.0053
-0.009415177220871485,2.049999999999997,7.645294117647059,-0.15732919254658473,0.0008066324838331695,0.0005701116102319048,-0.007603229133644973,0.006358280639917169,0.010274073050684507,0.5059120680329585,-1.980042215426533,-1.295218721821315,1.184769463584009,0.33962817217140107,0.6893891907115816,1.0016
-0.024651635039816266,4.550000000000004,7.5905,0.09804347826086968,-0.002099979051644496,-0.02235497892253413,0.010078514352116485,0.019664508830450345,0.005587891469457595,-4.775021331553506,-2.308641358543735,0.2162133939898067,1.5174199369168406,0.03254895272474025,-1.2578101430319415,1.0072
0.08481050750963615,2.1799999999999997,7.676,-0.24452380952380892,0.0021449546710901046,-0.060110192264895446,-0.00405340983642688,-0.0024929509485449586,0.057766742424838036,-0.7857930994327014,0.013461644552620446,-1.4595287407262036,-0.9324251052563003,-0.40264181880173505,-0.07668806266004612,1.0059
0.04597203570502062,5.090000000000003,7.745454545454546,-0.19502164502164554,-0.004910015025444636,-0.0020952535218299317,-0.003979582569026974,0.07156140395879973,-0.07380115429180112,4.213562433467593,-0.8809073120646184,-1.5036837642746383,0.8736829122927301,-0.8060854391987232,0.3739125436791249,1.0036
-0.052841992401811755,0.0899999999999892,7.7155555555555555,-0.23284584980237089,0.00023963138025173691,-0.01740814490025855,0.01625286066314402,0.007326437051061063,0.05217396691329945,-1.1116142493462384,-0.3531286739418287,-0.9433504216542105,-0.8877427855677031,0.5556615105964098,-0.15587946640914066,1.0012999999999999
-0.0018415982742006065,-7.099999999999994,7.576842105263158,-0.09160869565217489,0.008117259880146221,-0.17663360451728494,0.010526282874661064,-0.04086174994814584,0.015069583685390242,0.0651223498950018,0.6282912858031083,-1.3464879531598208,1.1611962557734106,1.5187783383966391,-0.3525815864905295,1.0021
-0.0476205621535275,-0.29999999999999716,7.320434782608696,-0.22534782608695636,0.0023049481044932207,0.012447954274348305,-0.0009274461298449665,-0.02365542760146333,-0.07975437228523319,0.5339517051106679,-1.969080341972995,-0.6470413787191428,-1.8518969050110368,-1.1830639280459088,-0.2548404864896923,1.0012
0.059013107012398036,-4.880000000000003,7.132272727272727,-0.5092885375494065,0.007779323788373205,-0.009755902233351321,0.008785917922001119,0.004073156704244241,0.026127707735470018,-1.788804081157349,2.5296543437183594,-2.0536799724249333,0.031135373111230203,0.4965861116872241,0.13624952935506174,1.0028
0.04293815070426632,3.789999999999999,6.855714285714286,-0.2635064935064939,0.002422600773215322,0.060689278173301275,-0.010557838306933576,-0.002661776557285833,0.010169396944975873,1.9226223116659635,-1.613155269117928,-1.1043152000173777,1.6668858374990014,-0.8860194296895114,-1.5806153584148424,1.0015
-0.038917279923593506,-3.1199999999999974,6.789999999999999,-0.31720496894409944,0.014154600757528613,-0.031003805852590105,0.01058953205309976,0.011495343588793006,0.054280635438506586,-1.252791225415234,1.0234748325588408,-1.1823011844132145,-0.011006514122717154,-1.1282172069212535,-0.11717576340216013,1.0024
-0.05931186209246331,3.5,6.457000000000001,-0.12612836438923392,0.0047294850103707375,0.0490606755745695,0.003230498680395044,0.004559310069140565,0.05691993439291654,-0.07811238667524502,-0.5903656791045132,-1.4540591486023862,0.5869258741752793,0.7841279303237952,0.038332171396203985,1.0028
0.006251549003272849,4.100000000000001,6.151363636363637,0.5413852813852813,0.014192517230373625,-0.02662785800483647,0.010196804178555396,-0.021901960113847707,0.002260161559086704,1.6571904944537217,-0.9697905521269105,-1.2151886976403963,-0.6451473435383331,-0.03813105050683197,-0.3865241837023635,1.0004
0.018892259345793416,-3.6600000000000037,6.038823529411765,-0.0648221343873514,0.007015880222949633,0.013197667659454737,0.021459065111281816,-0.000165450270195322,0.02786688508806545,-0.6176019309256343,-0.08170040670811535,-1.2383002931281597,-0.21023537841477577,0.5456719866675216,-1.5137582033539652,1.0017
0.018372222824513118,-7.990000000000002,5.938421052631579,-0.8150869565217391,0.007058223804987662,-0.020026926288032598,0.01695956594539716,0.013598126977100833,0.018162128975977687,9.421551714652685,2.1021434384366153,-2.6170758133674394,-2.5179710310629604,-1.5687888156485972,-0.006132779759693395,1.0057
-0.056260790457977716,-23.65,5.79421052631579,-0.6341818181818182,0.00693626994417329,0.030618485295530462,-0.005930201924023493,0.005274916708406963,0.020288395444101326,-0.31006613647356684,-2.4204906008315232,-0.26799224292260165,1.5813753644916715,0.7360718221131416,-0.8389413858706621,1.0043
0.03592906795418038,-13.629999999999999,5.994736842105263,-0.14363636363636356,0.02385228585679222,-0.013728680977461494,-0.003458849693032562,-0.20247999831505759,0.08232086735697575,-5.589333657412834,1.7212250731165595,-2.2951530629940766,-1.2635665948810335,-1.141220903062941,-0.42284976318930184,1.005
-0.031117565989915885,11.0,5.468823529411765,-0.013658008658008924,0.005287009699227241,-0.019863749700768096,0.01729726866651582,-0.008744996981395303,-0.0135784614955341,-1.8718919373284377,1.9885826949432952,-0.5784530068192405,1.4089181118847944,-0.5125530008317533,-0.8730490846143886,1.0026000000000002
0.02011535024340816,10.890000000000004,4.994,-0.009069264069264449,0.005424217878340798,0.10435257284567712,-0.019553285777680784,0.13034081292064315,0.05220315126518571,-1.3984848026993117,-2.2304543630681417,-1.272241499185029,-0.6688751848674972,1.7594787243370242,0.1942604164146397,1.0028
-0.05698616947794011,2.969999999999999,4.2290909090909095,0.0830237154150204,0.01489452062270935,-0.02767404701153886,0.028844836240129013,0.07354035951513538,0.09249829517086017,0.01496073105252241,0.5623755120326389,-2.7529202038822755,0.7203707555599994,-0.3486961971309837,1.3441670937440409,1.0029000000000001
0.039545015673098316,1.5,4.155238095238095,0.061759834368529276,0.00861739765032965,0.018842075337580866,-0.012251325598143126,0.0016262578384882431,0.04020723768995449,2.0452428546111343,0.007369318087063128,-0.931546235446839,-1.7470043175334002,-0.21482794117751416,-1.0787346848611525,1.0048000000000001
-0.01671333528890684,-3.8300000000000054,4.165,0.012943722943723479,0.003173033441429496,-0.03786029811482905,0.006469641627584011,0.005780460890118633,0.031473645934744,1.8854453154094142,-0.3109081348959555,-1.3721047152751795,-0.2544025956522165,1.7265976257441993,2.464167975745331,1.0061
-0.007270322971176579,-0.7199999999999989,4.174090909090909,-0.08454545454545492,0.003759614635976405,0.0036922372201750875,-0.023347790896028897,-0.017772750187793562,0.014330249713129461,-2.1390842994182733,1.1766421737940314,-0.3936887997804901,-2.648472713767743,-1.5750996605341265,-0.703958017184097,1.005
0.02806504532180054,2.5,4.061999999999999,0.3049350649350657,0.003160080491571904,-0.027415838551135607,-0.00451366864960967,0.050877422395858574,0.024965774926674733,-0.3454774805294091,-1.5886237998571968,-0.0381783702396511,0.22921433585667725,-0.2324279547321829,0.5550530949223559,1.0064
-0.0027212264858338386,7.300000000000004,4.171304347826087,0.45490683229813644,-0.006656497331301026,-0.0022188989382563307,0.010729369378656983,0.027287403673703636,0.007114441684345607,0.02401724336726247,0.11538753833065393,-0.4606356524370169,0.3447358203031488,0.2681932979452286,0.0934369401737268,1.0038
-0.002894288503629605,4.780000000000001,4.306,0.2579503105590062,-0.004969820336148345,-0.027506443891734733,-0.012492863495552342,-0.031041546587189828,0.044099081392342754,-2.3310701061172243,0.31073201529144756,-1.215047776409213,0.12846535114493218,-0.816233142484454,1.602185936101627,1.0041
0.030919871140704824,7.509999999999998,4.057894736842105,0.3360714285714286,0.004400813909835932,0.000806641942428854,-0.0046228827349672486,-0.014852755427979147,0.03686558601400414,-2.2130102051378135,-0.5677746317754244,0.047802985465967306,1.0253925334238791,0.07539773493519664,0.2506675921112543,1.0082
-0.11046772555445417,3.1299999999999955,4.222272727272728,0.5525000000000002,-0.0005358790581002637,0.017134049658585226,0.004062642389227378,-0.010808645720429055,-0.008094155236546108,1.007405280494315,1.6808336605439431,-0.895070519621564,-1.2723465457535204,0.9340524834688416,-0.6274286044693618,1.0041
0.053525040535708834,-0.5999999999999943,4.514545454545455,0.3504545454545447,0.01514541238864453,-0.02849617446035424,0.023300360104864026,0.08398817075213039,0.07610412080611884,2.9011068237019457,-2.2426270583012973,0.5786882511781568,0.32348933798136964,-0.24520007343411507,-0.3909364423358774,1.0042
-0.08165920415796357,3.719999999999999,4.791052631578947,0.07097402597402613,0.016298957254063495,0.022352872751502773,0.009391823718626569,0.02082413252322013,0.027524143853534966,0.19289231486785896,1.1828526040705445,0.8572621560790895,1.936059557313774,-1.3495842107366351,3.1165698376187807,1.0109000000000001
0.057180332265924116,4.6299999999999955,5.1033333333333335,0.3540259740259746,-0.006088467509863804,0.02592152926345115,0.002750308793954659,-0.05956404841087881,0.0074469643774897065,2.6125824611462405,1.6534381557112872,0.14555513276104615,-0.2794616369617346,2.7457107745693925,-1.228228138466098,1.0085
-0.040604162484436435,2.010000000000005,5.759545454545454,0.6559090909090903,-0.006249132033149252,-0.032226358549090506,-0.0328362960527766,-0.009963671198523372,0.05287419762484458,-3.4897073298215946,-2.424020102147741,0.5368284118295888,-2.286133319161847,-1.8025331593400566,0.1859349538487895,1.0084
-0.04517109044255729,-4.420000000000002,6.297272727272727,0.8072727272727285,-0.00814008784324649,-0.004237095140551261,0.0041752561143511,-0.016083431981053664,0.011082418077767109,-1.6352707339922696,0.7296116820073165,-0.9287817421562652,1.728367527267431,0.6838863524743588,1.6735236781225433,1.003
0.0637132606308608,3.739999999999995,6.569090909090909,-0.1404545454545456,-0.0015710499031786895,-0.027701868436702526,0.025643550188522823,0.010224922988230745,0.013447893501914443,0.23949570091509037,0.29506020554604556,0.6739042627135682,-2.7375120800517245,-1.1629132876792714,-1.5940346736775302,1.0073999999999999
-0.04409513247240193,9.050000000000011,6.809523809523809,1.2318181818181806,0.004906083570492825,-0.004073319114697327,-0.008294964963182494,0.004498640423742373,0.022273694229568264,2.566384001500172,-2.642178438592209,1.0035337981153514,1.0550514306281085,0.2329403299151825,1.8966367585343824,1.0098
0.0038596398362997775,-2.490000000000009,7.331999999999999,3.3940909090909077,-0.0037996154254749115,-0.0016178215815703112,-0.0040423017680844,-0.0490012956043433,0.004409877070177259,-0.35644490909191795,0.8240931821492123,0.9215988259196817,0.019969856515246426,0.18262625326726128,-1.2760615659037617,1.0097
0.004449475811021841,-6.8799999999999955,7.617727272727273,-1.1775691699604707,0.012515247782342698,0.0017963317590456995,0.02819263207184619,0.08478258889955193,0.05136225689500584,-0.21726530327252747,-0.4555298876637207,0.44195930735896843,0.24861074666859526,-0.037906810668280624,0.6338074634814366,1.0073
-0.01791831238376096,12.340000000000003,8.286249999999999,-1.5546169772256775,0.00501482778977369,-0.013782189983878368,-0.03329308479204762,-0.06105649840046645,-0.002051652404196247,2.081697405121563,3.7306867201101706,3.1735301848996738,-0.5400639487511496,-1.4501012575508434,-0.6602565122772521,1.0076
0.04610885264596387,10.61999999999999,9.565263157894735,-1.383904761904759,0.002338054881001028,0.012334630165026894,-0.023699769888638755,-0.004682476211765874,0.012371308536116565,1.8955558073689789,2.567116161416155,1.4037024481004536,2.9007160796891522,1.146549771132468,0.31254181344170034,1.0125
-0.06617384044642316,20.120000000000005,19.873636363636365,-1.1271304347826083,0.004214087673993561,-0.008872955625937706,0.0038499086326435616,-0.0007072046491245487,-0.046840273733919524,-2.487169021658997,-2.5982057655526782,0.7280330118723823,-2.0767915175339153,0.3815509210933936,0.8229376511837281,1.0908
-0.09372230771131784,-12.670000000000002,17.08047619047619,-0.13086956521739168,-0.04006880585377459,-0.0668696976135763,-0.0036114152765414076,-0.039929578308777636,-0.07728246733227806,-0.46491795509383416,-0.46214428786495354,0.1353499584215884,-0.6496791748208278,0.2786994173256504,0.7961793582800045,1.0149
-0.028288714758439304,8.760000000000005,13.253333333333334,0.4040909090909093,-0.0005662392308902753,0.024376398860239235,-0.047587816565163976,-0.03181521690857281,0.004316634884122372,-1.5460314631277607,-1.9027277403542915,-0.10713935677699075,-2.521575949454306,0.1914222627234789,-0.8119501795150841,1.0058
-0.01719582543817677,9.36999999999999,9.634761904761904,-0.1186363636363641,0.005610076010579945,-0.04258660607692022,0.020914903286962883,0.0009816968318556718,0.009324181421422217,-2.8522548484254315,-1.2185212177127442,1.2461673646819906,0.2258721050356052,0.8751016948807526,0.08583700948448225,0.9968
-0.08393273735158513,-10.779999999999987,8.9,-0.344025974025973,0.011194155266677441,0.02891754356168441,0.0162221434562575,-0.03233600251460622,-0.008849323791110919,1.7044829365872343,0.3059170789957601,-1.0855378399128588,-0.248431283192344,-1.3392784100894575,0.3217226684977252,0.9987999999999999
0.042904900702293136,-11.480000000000004,7.938695652173913,-0.2388198757763993,0.020718802303127504,-0.01868434523725071,0.013834570903654253,0.02488565928647901,-0.02832424543103862,2.1891936627775053,0.661950594005008,-0.33041565347332447,-0.6777425560572017,1.1590604247991816,-0.65406365247564,0.9995
-0.014941866712941065,-10.689999999999998,7.678181818181818,0.15466403162055453,0.02807952504979383,-0.0014347375820467079,-0.014453346755500363,-0.005132018443980257,-0.0349940098543291,-0.6050167037533478,0.4118961529694228,0.7572745502709443,2.2770880438799095,-1.747869159655361,-0.6964074052945198,1.002
0.014827594126364141,3.569999999999993,7.672380952380952,0.3479653679653678,0.025242598149127105,0.014611598714315832,0.01756229032403489,0.023950835619038102,-0.03714124190366075,-1.3245623600368186,0.9927834705642063,-0.81715173456713,0.4996728319671786,-0.841451231689969,1.4036967514689305,1.004
0.015873728602306958,-1.9099999999999966,7.314285714285714,0.027489177489176342,-0.004756003922944174,-0.01345405340963346,0.007482300814563914,0.0060638687568079774,0.06726362111086459,0.3234283261709637,0.3897609311933519,-0.7232196193540649,-0.3885805470506468,0.7681711088476236,0.7192125433222334,1.0076
-0.06840626137285821,-10.5,7.310454545454546,-0.29136363636363516,0.008881885901608655,-0.005221112082823609,-0.020823651082594097,-0.06375464192838365,-0.0074617100794531765,-0.5125089298148683,-0.5562208712962914,-0.13324308956610942,-1.1915842487231667,0.9270120132457434,0.1349854261859747,1.0009000000000001
-0.0017689968154267488,1.5799999999999983,6.997647058823529,0.2681818181818185,0.014926192825551965,0.009803238402687597,0.03350970808206988,0.06695089267129184,0.009049981518396422,-0.18814925188096174,-1.9993976358050456,-0.6146911199874548,1.011685005960364,-0.3208991747511284,0.6009974599727869,1.0069
0.01578214877299977,0.09000000000000341,7.113333333333333,0.2259545454545444,0.01288734609799036,-0.015917503622862483,0.022852694008046015,0.013806437695112805,0.0012231365353656543,-1.9208831012719274,-1.2077979155073846,-0.40956919306987694,-1.6096534641122762,-0.051391066909893694,-0.6931105517738588,1.001
0.08931674432350722,-4.159999999999997,7.354090909090909,1.0258043478260879,0.014319997755277925,-0.014788203610155648,0.0031936335280082773,0.01072375409272297,0.06407720128905581,1.0043481383541697,0.28006556263748605,-0.21835820803605627,0.8807906361851341,0.26130602725445196,0.3389290503612965,1.0034
-0.011961413362790108,6.209999999999994,7.1594999999999995,1.971195652173913,0.03796861336054036,0.05557898334703992,-0.00035870630968126704,0.033278246964677294,0.03707199867139366,-0.4490166048012205,0.23578970967358484,-0.940490723517803,0.06443310610737327,0.23043123789512637,0.14255484855634865,1.0027
0.0073820706400460345,-9.170000000000002,7.251,1.4540217391304342,0.011946433779254306,-0.034446628068135254,0.035262028056587624,0.021934018004326816,0.012322694129326628,1.313471379521315,0.29657572335645616,-0.030469010315532577,0.9175378640167509,-0.4378175307548974,-0.11004058755202353,1.0024
0.07269549908504724,-0.6299999999999955,7.331904761904762,-0.010612648221345111,0.018078668249419394,-0.004860269420733587,-0.0055270711497446,0.010367812428620837,0.006002911659175325,1.1378123097937916,0.7347571277034074,0.8025666730295709,0.17777840610818083,-0.5629898496462513,0.2817341572768766,1.0015
-0.07307864827303667,5.269999999999996,7.827142857142857,-0.3525757575757549,0.013086595292065795,-0.011160546700182294,0.006369568366405787,0.02341789447823217,-0.006641432423466043,0.16932082830445805,0.8631384787673338,1.1693891134306227,1.5566090129593846,0.27966146413926385,0.1724018922863591,1.0039
0.01423200870956387,6.040000000000006,10.331304347826087,0.7262318840579702,0.008568850748977397,0.003586731566443291,-0.0008753054513856995,-0.0026610494990713107,0.03490789102294656,-1.1712299246438567,0.34430751111722896,0.6079456453033735,0.9770274220543603,0.014782885399104745,-0.7374237776343445,1.0098
-0.02219282312885762,7.569999999999993,12.28095238095238,0.6151966873705987,0.001975338461106091,0.010687617083252832,0.008009007185542316,0.008592191085890377,0.041411724297163666,-0.13638473498319076,0.2826082156186131,-0.5620425684883442,0.24527287333212913,1.1833903157169148,0.9921295733895202,1.0123
