fm_ibk,Brent,MIACR,Infl_exp,obligates,M2,money_income,trade_turnover,debt_firms,Компонента рыночной конъюнктуры,Компонента ожидания,Компонента спроса,Компонента валютного канала,Компонента денежного рынка,Компонента предложения,inflation
36.7305905101848,0.7800000000000011,5.9935,11.795154185022026,0.1849999999999996,0.00010732830859261355,-0.02958328268822541,0.006757033272895896,-0.013432175776124211,-0.11564088529980585,-1.5281925857754608,-1.3757630842446524,1.1286981898434236,1.5421117520550687,-0.38366227373685646,1.0058
35.8659568756192,-1.4200000000000017,7.845000000000001,11.522132796780683,1.0168809523809523,0.0019385301709196057,0.01296878788067346,0.0069488142298475,-0.008037688873693938,-1.8444448092374501,0.7043974793691162,-0.027750969563748566,-1.2728768546424118,-1.2726662282198415,0.07322121013971943,1.0097
37.151558777973605,0.28000000000000114,7.874545454545455,12.67274472168906,0.09534632034632029,-0.009669045672573873,0.011123950385041326,0.02320755937256358,-0.018655428211273417,0.21265417973643982,-1.0612021810947028,-1.579206063068241,-0.9606568813563048,0.4446295635324999,0.6751112411857115,1.0046
19.813686619875902,1.7800000000000011,8.214736842105264,11.720956719817767,0.45727272727272705,-0.010771685038088563,-0.018907622723432382,0.01657608080286721,-0.012960390761838525,-0.32943605634903816,-0.8004934859684484,-1.1615857200051452,-0.14382806662577075,-0.3194448231241877,-0.6153289100614923,1.0085
24.213409187170097,2.259999999999991,8.233157894736843,11.34878048780488,-0.07261904761904692,-0.009944301252771126,-0.01490496849913292,-0.015787147312305905,-0.014123025153915947,-0.704069163014858,-1.7369079567350432,0.4034174228417667,0.18993540005073192,0.31624227595857046,0.29270966831220757,1.0054
15.5585019643784,-5.030000000000001,8.172173913043478,11.830396475770923,0.6450103519668744,-0.003921450737921717,0.00706053129980333,0.003957573856302687,-0.00861890285327327,-0.4513917922654711,0.05205114383738574,0.46738339460257666,-0.888905326864411,0.10435685389033661,0.02695039958557121,1.0034999999999998
22.511575220298504,-5.159999999999997,7.877142857142856,12.459183673469388,0.06070393374741201,-0.006935122730901355,-0.012585116889157533,0.020340996200060246,-0.0028286783647359925,-0.4128393623026724,0.28242275057450217,-0.7971144363427042,-0.7711837076239119,0.2535332102991493,0.2570909469935637,1.0069
14.6126861407036,-4.519999999999996,7.949090909090909,13.81726907630522,0.127359307359308,-0.006436734511863662,-0.0020328692920408287,0.014064642891762347,-0.02018882568376057,0.04600083448708979,-0.5895048758426699,-0.9079375982641616,-0.2351748070263873,-0.8306440468986096,-0.18085723940253395,1.0046
0.280092878488825,-9.659999999999997,8.240434782608697,13.146153846153846,0.4549802371541478,0.0014952084734360938,-0.0054510211800238295,0.006971481664587387,-0.028094388262150716,0.21248379933036896,-0.4125775573880266,-0.12348959042674103,0.008971127197826195,0.6660692059026486,-0.8821043642187887,1.0072
-5.474598062682489,-7.990000000000009,10.211111111111112,15.462264150943396,1.239065217391305,-0.01019914469876504,-0.017762626820406524,-0.018256783348883587,0.0020582253219174618,1.5513106743418061,0.7520215723149486,-1.9625373208998949,1.8457554904297873,1.6062650557872902,3.03042793607787,1.0126
-16.428870496155298,-17.099999999999994,15.468695652173912,16.57123287671233,4.337021739130437,-0.008072846641260512,0.016201822991231296,-0.05407830609920872,0.00945451512900597,-2.1305258370390034,-0.32274041360085853,1.3679143649681766,1.3051122838140787,-1.1691419748055132,-2.8795273629278326,1.0184
-0.9458494668603572,-14.580000000000005,16.964666666666666,18.07232704402516,-0.6292490118577092,-0.011699087286579868,-0.03791142208655707,0.0313776216222621,-0.028213075577621538,-0.06452885405911442,0.9243179119520915,0.38860902406434294,1.179891298582819,-0.7201537090591514,-0.24869810637903922,1.0397
31.4880070167521,10.340000000000003,15.116315789473685,15.659763313609467,-1.0477727272727275,-0.016249780873895503,0.0010325906988146727,-0.04438286133307123,-0.056975646475473596,0.5272317112485757,2.4467329587875217,0.07672110853767374,-1.1365693817042943,-1.518392180860866,1.196724042942933,1.0231000000000001
31.7705807451819,-2.210000000000001,14.902857142857142,13.967980295566502,-1.0367727272727283,-0.018073595850445656,-0.03517426265419488,0.013100691854385005,-0.018226093729641235,2.0991278804056197,-2.4260778140280044,1.6653581095422438,0.24612254322450652,1.4994204250795982,-0.8977000659282763,1.0187
13.2746342702311,3.6300000000000026,14.357727272727272,14.32905982905983,-1.2495454545454532,-0.009599960123184204,-0.013793476342149447,-0.06379907496831194,-0.01652965839387832,0.7615729952683141,-0.12568516410727004,0.8544901168800594,-0.13646120446738183,-0.5924605986907773,0.5384607892073912,1.0031
12.704897162294198,4.559999999999995,12.828333333333331,14.994845360824742,-0.21603896103896147,0.00468293453500479,0.0006733127895408586,0.006621752209339249,0.0015042512399841002,0.876566546995106,-0.5647317926424497,1.9233663919947257,-0.34524047024723636,0.622964033051465,1.3489312333810803,1.0051999999999999
13.6009783308476,-2.6000000000000014,12.503333333333334,13.9452,-0.27623376623376394,-0.004002264606869588,-0.024436229091680417,0.05304449617169382,-0.0033281150990305264,1.9055950882041504,0.29766736107959135,-0.8643070473337111,-1.55820920226732,0.24247901096614782,-0.23381925365483455,1.003
11.11643141478,-4.919999999999995,11.524347826086956,14.76112759644,0.08083003952569179,-0.0035287111859663156,-0.009165874255739226,-0.01454792041657349,0.0011660694967794427,2.495305347133502,-1.1194576707754105,-0.6462664465280081,-0.4667927285869359,-0.3307516089990297,0.2207302820097403,1.0042
8.940191138441211,-10.04,10.858095238095238,16.007082152974505,0.610165631469977,-0.00037694436349511307,-0.004973939765946511,-0.05912549259835309,-0.0011010095752119753,1.637149345462226,-1.849328974497639,1.3133712691684238,-0.28843201470719576,-0.7344200618859836,-0.4061049601790549,1.0041
-0.86431603077691,1.0999999999999943,11.146363636363636,15.260416666666666,-0.4400865800865823,0.003077034431838044,-0.0034897038014545245,-0.06975984671630009,0.01249799398671314,2.135581958047656,-0.6454132612098173,1.3085078514514101,0.2962906628535042,0.5196311804247052,1.3794468041234593,1.0083
-12.0222345043085,0.8100000000000023,11.14090909090909,15.84010152284264,-0.24545454545454248,-0.009842559926777739,0.008292217825538017,-0.003933216046865695,0.009283626712282,0.48041465570725195,-0.5330120504173461,1.2857539392452264,-0.3845146779491509,-0.38303500703077253,0.3630556850995178,1.0075
-11.4634388411124,-4.159999999999997,11.425,16.443444730077122,0.23220779220779164,0.006984141406240596,-0.011280302586998303,0.021739601913235873,0.0030584364163317446,0.24683494213938223,2.2456560977834803,0.07750822281107675,-1.7001348526829585,-0.796287034618712,0.06323385165454179,1.0058
-10.5641711757637,-6.260000000000005,11.066521739130437,16.714285714285715,-0.22291925465838425,0.00668732852661158,-0.025217114688695474,0.0691347592652054,-0.018467063652119364,-0.08190938815434853,-2.43864782669116,0.4869583550750036,0.8722777219247723,-0.5246475395291386,-1.7223113291250591,1.006
-10.8213478235128,-7.309999999999999,11.017333333333331,15.74,-0.40517598343685357,0.021554978366390642,0.03459615520356252,-0.010718656790176695,0.04380168355564429,1.0944439572086204,1.3116567212700063,0.3013820708876556,-0.1536057373396308,1.2537301188042467,1.3873749797195214,1.0039
23.4003943695972,1.4800000000000004,10.8425,14.74,-0.39285714285714235,-0.0024126166561888596,0.018964960802827946,0.0419252972801516,0.0841290580884344,-0.2739859772215039,-0.1035304842755964,0.5425951944134575,0.6012241126089914,0.38756994317108473,0.4450904296349588,1.0077
32.441886015009196,6.030000000000001,10.94047619047619,14.5987,0.18672877846790747,0.002114742423692917,0.0067161869393821405,-0.04575358615230307,0.0020919804648240614,0.3668483804220071,-2.041476103030919,-2.1038485006195407,0.7912317328064046,0.7444994145019795,-0.7370665031317194,1.004
23.5666837157736,3.3699999999999974,10.732857142857142,13.6,-0.11720496894409926,0.016464970922928757,-0.0466763516898574,0.012438872041085958,0.03593107767813386,-1.116452559605663,-0.6219918444949577,0.4697250270182295,-0.18845165522759574,0.6475550820516982,-0.016120949105889883,1.0019
20.693784602568897,5.160000000000004,11.06315789473684,14.1881,0.1510389610389602,0.0006256978468481833,0.009930387580554978,-0.0663899253327056,-0.013926467067300052,-0.9910466469870527,-0.6226843187806729,-1.5787661034645935,-0.823136715333589,-0.4724524915382536,-0.45100899149783086,1.002
28.9680548114371,1.509999999999998,10.639047619047618,14.2875,-0.19590909090909037,0.010134833373689034,0.04974157333036011,-0.06478746227813659,0.016180180203175354,-1.6347676198816914,0.8379405006008254,0.6428113417902599,-0.31692109119131634,-0.8600276807057908,0.8463766428273038,1.001
23.109061671904698,-3.299999999999997,10.37904761904762,12.5623,-0.3408441558441542,0.0008276820026722476,-0.02896146322343718,-0.009741926334035256,-0.023211002164970296,-2.487150234103777,-1.0600676420092112,-0.6176097180029275,0.07725658584769661,1.003099631686565,1.083056926045786,1.0031
26.0983335220779,0.8900000000000006,10.339565217391304,14.2065,-0.17447204968944163,0.007339187637182221,0.013119154964247315,0.0276567186547112,-0.04693028058923687,-1.6173447764501792,-1.0344290729034542,-0.1991179216525518,-0.39162215073900525,0.37897788094708845,0.46688517413543384,1.0044
13.8090853904929,0.7299999999999969,10.238636363636363,12.3462,-0.015592885375493637,0.0002355971174914373,-0.028150479519586824,0.06996413351934727,-0.018396147849429667,-2.936851418534952,1.2222780686015602,-1.0088018240811873,-0.6093849349744843,1.1709178085750271,-0.4422911449328001,1.005
12.328359852363498,2.950000000000003,10.323333333333332,13.677378,-0.10564935064935099,0.0029516861895046986,-0.009672981011927817,-0.02637175192958452,0.015573441297025425,-1.3733163148784275,-1.902468070096698,-1.4154998071441622,0.03512256543340688,-0.6483649531026232,0.08821129759711939,1.0043
0.361406791777063,-4.790000000000006,10.017142857142856,12.3526,-0.3648051948051947,0.002850102397506049,0.042004575297980296,-0.0006030707668340796,-0.06270778015861822,-1.867995159477298,0.35350515592545484,0.414981199503013,-0.2104704894533854,-1.9619852339993118,-0.02268418888662442,1.0027
3.5546114113171803,8.580000000000005,10.160454545454543,11.4855,-0.01681818181818251,0.0024685437175158143,-0.035696559951729157,0.0023597048143155774,-0.029818334528151524,0.6837841777313416,0.011474430448237045,-1.127798535134909,-1.6139005626629466,1.2337707716572544,-0.763310488069117,1.0033
-11.235867734895198,1.269999999999996,10.114117647058825,12.8791,0.4422727272727265,0.0036486447973462788,0.009645600872906002,0.05310754192359468,-0.03463721481792703,-0.18110984092818433,-2.386708800763565,-2.205408725313546,0.6429586622825049,1.466348865969521,-0.33626191525544236,0.9993000000000001
26.241178102105295,0.28999999999999915,10.14111111111111,11.16206896551724,-0.02836363636363437,0.021975053157436975,0.0331665640573906,-0.0052708277615138854,-0.024120921132883666,0.1426034331862562,-1.244531709401543,-1.8676679003566943,0.017246831529139722,-0.8197232214619861,-0.5492894207676853,1.0008
34.0125109566812,-3.279999999999994,9.897727272727272,10.959,-0.5245217391304351,0.010769606466970671,-0.024888017534115292,-0.029421344213782064,0.0067790089504757844,-1.9454886871823622,-0.8430182877400726,-1.6607809457280016,0.2505759760422842,-1.1073328403803835,1.075340132098668,0.9998
30.642557572259506,0.7199999999999989,9.5765,10.2704,-0.20297826086956583,0.006479804225323349,0.0410106540881241,0.0628022712720302,-0.03986981194808337,-1.7097396275688055,1.226170862545778,-0.6255973674022783,-0.7377429063845555,0.33760108920804655,0.5099909328461476,0.9998
28.2946777627098,-1.980000000000004,9.1345,10.3398,-0.16050000000000075,-0.0019477345533918111,0.0013501014466239525,0.011205451344066475,-0.011068029044732697,-0.6290175649675019,0.07425720468290856,1.0361916554601212,-0.5679071616833532,1.4387248502114112,-0.5444817299544664,1.0005
27.1547436286261,-3.960000000000001,9.10904761904762,10.6924,-0.07681818181818123,0.010706711808312619,-0.013044421549675889,-0.010920966600059145,-0.05233616904335214,-0.3176816434958661,-1.8510370128605056,-2.28577219459219,-0.44261231226758674,0.6476364300052928,-0.18223699257747347,1.0021
21.5461594633565,2.1099999999999994,8.947619047619048,9.527,-0.21556277056277118,0.0034847239805912977,0.009414391732949667,0.031008624905489057,0.0021339277497069986,-1.7818056527271482,-0.6107591224515209,-0.28788180415059067,-0.34160903531060066,-0.6341838725785531,0.7482737039787538,1.0045
20.6064369454919,3.220000000000006,8.536521739130436,9.5559,-0.19761904761904692,-0.0023791935679522425,-0.0023547934527279324,0.030544451653659266,0.05709082278463384,-1.0556971087141245,-1.0090138631116805,-0.3370413016323502,0.06025715065063312,1.0262068781669955,-0.4489935318962266,1.003
12.521273703645898,4.449999999999996,8.373809523809523,9.85,-0.09571428571428608,0.0038206668344020756,0.04609662057751507,0.010085840517929157,0.02118301138438916,-0.8367531488043896,-0.312029929457439,-0.20768226513409258,-0.6826570106131634,0.16947739139334406,-0.11670874971646307,0.9991
3.0980459553817803,1.3599999999999994,8.043181818181818,8.6866,-0.2865584415584408,0.01256646172733511,-0.023268813311680958,0.013738789053437728,-0.008197361173261086,-0.24063272465517668,1.4290880693397618,0.2430089429011785,-1.0301815938327727,-1.287775556817084,0.3739746970614174,1.0
-5.067510011584499,5.200000000000003,8.014285714285714,8.7425,-0.5049999999999999,0.011630754437135238,0.00024147289755660495,-0.02051491189968857,0.05227643396427872,0.40369987182527717,-2.220600680013329,-1.3521932751947823,1.003897678779347,2.7029235950716552,-0.091990727230207,1.0007
0.726083374706288,1.6600000000000037,7.729523809523809,8.8793,-0.08177489177489239,0.005281191546902875,0.07628190948467228,-0.01807243585899876,0.0245811813587693,-1.0968872335629445,-0.37923006510509427,0.06485248559229673,-0.4342351167214706,-2.227357916384628,0.3739461880121528,1.001
-4.181537929125789,4.709999999999994,7.087647058823529,8.4402,-0.38051759834368415,0.009066967525123815,0.006964279514084737,-0.019723131805102767,4.144200456757119e-05,-0.009236995295906275,-0.09308556271069036,0.6637484964128942,-0.9693614083619451,-0.5261745689331455,0.27263606948722013,1.0015
25.643937408113,-3.760000000000005,7.145263157894736,8.4687,0.3475652173913035,0.007336038408293888,-0.012515141600557556,0.0025631551811784448,-0.010458763283230255,-1.2469563343997292,-0.9774671767611881,-0.42953847011792634,-0.21183195906965324,-0.06392794872328801,-0.0743312490851391,1.0006
34.4998113496326,0.7000000000000028,7.1465000000000005,7.8145,0.023363636363636253,0.008685297808204595,0.042038019367570456,0.05654234169705319,-0.07200028440422024,1.595160345166096,1.1181753704418311,0.08479270925624699,-2.1908021636197605,0.31269573956101915,-0.37599020252420345,1.002
17.287676176113695,6.090000000000003,7.002857142857143,8.5564,0.22768398268398293,0.008809818169583039,-0.014221019569674809,-0.03856593264267438,0.02841825209972626,0.564290435263472,-0.498582829866429,0.9807980435841216,-0.8171481020637416,0.5680146281920434,0.888558198571159,1.0019
15.786711930515198,4.8700000000000045,6.9455,9.8368,0.09095238095238045,0.013027083313025045,0.018803995612493907,-0.021760356299514783,-0.0020261485815495917,3.3524269668674984,-2.32072818481422,-0.5451061031632692,-0.0783363095035553,-1.1840411892027372,0.42034997006523406,0.9995
19.2452931116107,-2.5700000000000074,7.0215000000000005,9.6818,0.4666666666666677,0.0035777481387970766,0.026237633004715377,0.030576624433210853,-0.01349157824763303,0.4079978447073035,-0.11297715628480982,1.8228621952594062,-0.11831155317159019,0.9624192373785054,1.0868746767600062,0.9998
13.9673133167002,-0.1599999999999966,7.089545454545455,9.9011,0.211515151515151,0.01271921170080681,0.005197462062850988,-0.02501435128826124,-0.011598740582345002,2.1383165564597566,0.2192475322328484,0.7130872060449579,-1.3817004685393153,0.5227174129599552,-1.3438570690331504,1.0025
2.4520059846181996,-1.7199999999999989,7.027826086956521,10.0697,-0.03557312252964451,0.004245724545768326,0.0196111723383936,-0.0042828853615937135,-0.07422917609628144,0.28156814247989553,0.8167729914930578,0.9165313178448299,-1.0693636513376557,-1.4655724382519368,0.6649852797287784,1.005
3.4219604842893903,6.359999999999999,7.148999999999999,9.3386,0.1763913043478258,0.00789776150017829,0.005264520540317008,-0.038969077383637085,-0.01927646385815862,1.3667538981748464,-1.949361084772243,0.17683339230768208,0.6425225463581169,-0.4108150958988325,0.6267088622690635,1.0008
-7.125003376360549,2.1400000000000006,7.267391304347826,9.8309,0.05578260869565277,0.0005948705691700695,0.010859655499354304,0.037247730914852895,0.003401400021520118,-0.025036810458280722,-0.8769694600429344,0.48698545827007683,-0.04557679473957091,1.5063377784252008,0.11632181591646501,1.0031
-6.97622933469931,-16.28,7.250952380952381,10.2363,-0.18250988142292535,0.005934051109713678,0.00764172716428746,0.050107052363440374,-0.00858679510629834,-0.5484734985072792,-1.1604472171165292,0.17557623309354164,0.6369206012840559,-0.8974181535027458,-0.3901682387973254,1.0017
3.66635030239801,-7.390000000000001,7.492380952380953,10.3632,0.032012987012987715,0.008580255120200775,-0.045861603608310375,-0.004660212704809652,-0.04470633092685716,1.3015801010467611,1.1587975010942968,-0.5447696253907058,-0.6705806464834093,1.7647019189788153,0.808450537153652,0.9993000000000001
-7.764705348962379,2.049999999999997,7.645294117647059,10.1363,-0.15732919254658473,0.006245510210810323,0.00729340454727101,0.01729734605498301,0.02418504838657931,-2.379152506488889,0.23422421416840702,0.5712662532455302,0.4238033457547981,-0.8236637629263979,-0.08264109531348351,1.0
34.107993790194605,4.550000000000004,7.5905,9.1406,0.09804347826086968,-0.00017415390120412155,0.011576393873264479,0.007319498066916452,-0.00824507767674909,-3.126452424773862,0.4542559479831648,-1.1349736915792537,0.1834741449530147,0.30218963677414057,0.32417059203365767,1.0076
37.988025743105,2.1799999999999997,7.676,9.39,-0.24452380952380892,0.0013319392996820056,0.005450873541061441,-0.0020860161853644144,0.07622220567072979,-4.549210653539975,0.1899557878181096,1.133146244568271,0.07872629021491044,0.18947893495797472,0.10262241859444074,1.002
35.8685568649086,5.090000000000003,7.745454545454546,9.2639,-0.19502164502164554,-0.0014399363308132962,0.024126184784142524,0.06500321380709373,-0.014945337568414985,-0.21483990674176423,-0.06291159047158192,-0.5668412435267078,-1.4799284309562235,0.044359372538277674,0.10417406338774958,0.9964
31.2,0.0899999999999892,7.7155555555555555,9.4292,-0.23284584980237089,0.007293722541321657,-0.014385318808873393,0.06171877921910074,0.0071782548007508495,-3.6634679344991525,-0.03932594249362077,0.7874485814572191,-0.4331152790988429,0.8481373782376497,-0.2540973021467483,1.002
53.0,-7.099999999999994,7.576842105263158,9.3712,-0.09160869565217489,0.008776468803050719,0.013760943670622083,-0.03678378339483146,0.04840465264259031,0.4119159849690425,-0.6055388510718455,-1.2226018126673526,-0.8961518900775355,-1.5397901180891411,-0.21119694214784535,0.9993000000000001
25.345438152996095,-0.29999999999999716,7.320434782608696,9.1104,-0.22534782608695636,0.00431619769220859,-0.007897488764132987,-0.003050347811013765,-0.004696802701305458,-0.15190368810380603,-1.4298072518580556,-0.14709764160686134,0.14201673683360008,0.4807645742438769,0.14953972192093173,0.9991
10.3649699521912,-4.880000000000003,7.132272727272727,8.8941,-0.5092885375494065,0.010409175261134607,-0.0005297180428787129,-0.028627712284311713,0.13286268609272156,0.6833654008316025,-0.8277573922831909,-0.5801978727372765,-0.7573837340776384,-1.0073429438427546,0.6711140074414899,0.9971
2.61581121864287,3.789999999999999,6.855714285714286,8.6122,-0.2635064935064939,0.00845858229549279,0.009062734816227547,0.03078804772200172,0.04443578897503109,-1.778516667894175,0.7738187699932545,1.4574537521720967,-1.4673772219898111,-0.8291616500576295,-0.2551208131180315,1.0055
-1.79541402018365,-3.1199999999999974,6.789999999999999,8.2566,-0.31720496894409944,0.010063698870276028,0.026624941830332816,-1.520961101952878e-05,0.002483734224702161,1.5017448968397753,0.147929915010332,-0.08210102492005517,-1.4648360108878233,0.1401898708449858,0.43063264987704114,1.002
-9.836264749071,3.5,6.457000000000001,9.0219,-0.12612836438923392,0.003795248564337328,0.014234164965081675,-0.06657104862406626,-0.0033647364231086385,0.14215880356781294,0.2734017108505316,1.3758757620207782,-0.8246686162054446,-0.07170018376937183,0.6976093281380684,1.0053
-1.22178907608257,4.100000000000001,6.151363636363637,8.2594,0.5413852813852813,0.012405566680426361,-0.007792004342555003,-0.006648102480761864,0.10957719093441654,-1.0900681274200716,0.7742763140147491,1.1649998543767508,-0.14008746229775298,-0.3026710080573732,-0.08861392536826652,0.9998999999999999
2.1395737883104,-3.6600000000000037,6.038823529411765,7.9343,-0.0648221343873514,0.00795660454308944,0.011411841735181838,0.05833683360861386,0.012805869062617603,2.7512904925022403,0.5373859546760988,0.5422392772192483,-1.0800551700878083,-0.6234551719186885,-1.0525343071634017,1.0016
14.2417716030031,-7.990000000000002,5.938421052631579,7.8881,-0.8150869565217391,0.007781125893210117,0.017073285782272407,-0.0021946056291959337,0.02719673675845158,6.907202166552381,0.3067167987129076,3.4194646966672617,-2.0316110859772243,0.9408094489376801,-0.05340482180032208,1.0007
-12.6674756101476,-23.65,5.79421052631579,7.9881,-0.6341818181818182,0.01014870530587686,-0.013333671796994295,-0.007169004536940804,0.007761867499874953,8.359318989772202,-1.0635636021770856,0.1925436409527963,0.30660978307173337,-0.27882757286479554,0.5612507676071498,1.0037
-15.364332920131298,-13.629999999999999,5.994736842105263,8.2881,-0.14363636363636356,0.024408936707912332,0.007018343333989208,-0.1218263412976679,0.01766981009485491,3.369916192668294,-3.591077738997307,0.37269232078439773,1.7202768001447473,-1.0174248110187354,-0.3356972288075732,1.0072
10.5585613417792,11.0,5.468823529411765,8.4881,-0.013658008658008924,0.004099964278399426,0.03989271186885901,-0.02274289035023891,0.0011760854540678878,-0.25453463831588,1.0177930120162382,-0.5411524211534517,-1.3547277999633314,-0.12117884870268537,-1.0182415699245577,1.0042
45.535361393311995,10.890000000000004,4.994,8.5881,-0.009069264069264449,0.004276168169667471,-0.04933484291658985,0.0667285673605349,-0.028987530759664537,-1.4745826087237368,1.503674503608906,-0.1258791053611665,-0.1891435383308499,0.018738320140337595,1.9126763722767692,1.0014
28.548640779860396,2.969999999999999,4.2290909090909095,8.8231,0.0830237154150204,0.015592005644519347,0.04588013115404799,0.058350830427073674,0.015584571158338889,0.5191119839928181,0.3992609215172467,0.649911909833814,-1.4658383676258364,-0.620979546540239,-0.9519283447693676,1.0026000000000002
7.84326733309772,1.5,4.155238095238095,8.9478,0.061759834368529276,0.008377002444808213,0.012964927485825228,-0.002778561670789159,-0.028120991477422308,-1.4798097964961354,0.25234880949344696,2.0694938084448076,0.14472368603096308,2.07640166082373,-2.191682984402321,1.0043
6.9387536772257095,-3.8300000000000054,4.165,9.668,0.012943722943723479,0.003985067715733592,-0.03953193694790258,-0.005536453180242873,-0.050751599700676664,1.5827822271168515,-0.026614342755072958,-0.49303812088311316,-0.4566588007073826,0.6165287884812262,2.571559491807282,1.0037
-12.698410510005,-0.7199999999999989,4.174090909090909,10.1207,-0.08454545454545492,0.007726784262302999,0.02556901008605017,-0.01180559830045702,-0.014267140418612101,-1.1540963660741193,-0.31926069918039096,0.9077210950725136,1.2413590527589156,-0.3887556789113248,0.4737374765782387,1.0
-0.469300607650854,2.5,4.061999999999999,11.507,0.3049350649350657,0.0073703055165808,-0.04308874051929479,0.06678233115763454,-0.0009959729071500334,0.5587605230285986,0.38003253004887017,-1.0873786481631393,0.5869026528143259,-1.001495056970288,4.487737916901235e-05,1.0054
3.55231969516875,7.300000000000004,4.171304347826087,10.4836,0.45490683229813644,-0.006922306093409603,0.03828905521090853,0.0849797415394935,-0.02340788391928328,0.4022323973529371,0.8718794882993475,-0.26012666650043115,0.8135729271825448,-0.2791288330210839,-0.07292121154821356,1.0058
-2.98281388134069,4.780000000000001,4.306,9.8636,0.2579503105590062,-0.006105089336212899,-0.004561519722699359,-0.13391532414317275,0.057824909700217475,-2.2376368374657187,-0.5005849200632588,0.38682572901422324,1.3057215476138126,0.8898963515042754,0.3283765002514796,1.0024
28.212827459121897,7.509999999999998,4.057894736842105,10.0714,0.3360714285714286,0.00606688143167311,-0.009962943618351261,0.0515157421187169,-0.010580320588209347,-3.0966708390237416,0.5618086454711552,-0.1608877324003797,-0.5186733583242972,-0.27028737235627726,-0.42018635379042685,1.0012999999999999
31.366411659671098,3.1299999999999955,4.222272727272728,11.879,0.5525000000000002,0.004202542321639413,0.0017283445145572784,-0.002036198970611025,-0.0006034189472838847,-2.4866219858900376,3.539420446499764,-0.765716123507108,0.04302345142317575,-0.27347807090356135,0.6415211475228012,1.0014
37.282464078708095,-0.5999999999999943,4.514545454545455,11.3279,0.3504545454545447,0.0180538532477037,0.03216410295863881,0.08635043222529504,0.012412932395889698,-2.6244465441890608,2.6630593994918588,-0.7959536389338998,-0.33705112176917074,0.10295378123028696,-1.145271328742278,1.0044
45.6220405054485,3.719999999999999,4.791052631578947,11.9136,0.07097402597402613,0.018549485864646442,-0.01879841753382472,0.010292835857145022,0.039076081840676125,0.5566077759095427,-1.6720110443473093,-0.17227091422832408,1.3392354259039712,-1.3413988061810909,0.8474150473477361,1.0068000000000001
45.253838072189794,4.6299999999999955,5.1033333333333335,13.3997,0.3540259740259746,-0.001954577664697865,0.010126838344971745,-0.012730186476821004,0.060001874048904114,0.5952599424062346,2.634121652183617,0.6462254572260239,-1.428440760399834,1.3538991927121302,-0.13746095526142363,1.005
16.424557103296497,2.010000000000005,5.759545454545454,12.4946,0.6559090909090903,-0.002578718277785441,-0.012713010600297281,0.04239953699002186,-0.017214212407084872,-2.7735482235851436,-1.5576215425030433,3.261701679549695,1.213345793101815,-1.3112197525481872,0.24536791970625768,1.0044
12.836617347429298,-4.420000000000002,6.297272727272727,12.3028,0.8072727272727285,-0.004818164984667916,0.0034743542295174734,-0.004919568821305731,-0.07632831805073792,0.7836426175805993,1.0100161228837405,-0.9289904860652054,-0.03101085849600423,-0.016157725337929744,0.4866201901690518,1.0049
-0.2186206527738459,3.739999999999995,6.569090909090909,13.6222,-0.1404545454545456,-0.0028775822987743283,0.044552672148650885,0.0005477018389630217,0.017112021523624676,2.136158667746896,0.17142845592817768,-0.5515121633152573,0.14167321695656557,0.5301478360835618,-1.4945615131594083,1.0098
-11.5242984929169,9.050000000000011,6.809523809523809,13.4727,1.2318181818181806,0.00425963527364992,-0.057316354983740325,-0.007019261551922895,0.025822278125628984,-0.561871037086691,1.054995753260087,-0.06990275224976891,1.1536235173960823,0.3516089553217512,-0.9408183640729398,1.0079
-0.6235964214484421,-2.490000000000009,7.331999999999999,14.7674,3.3940909090909077,-0.002365617575968315,0.036380372882810263,-0.026392514490042984,-0.0008340916027513856,-0.05044961326861474,2.3585263460988783,-1.6644263928676215,2.2909377279190286,0.9772267728625493,-0.8538987390054097,1.0063
5.860458572817429,-6.8799999999999955,7.617727272727273,13.7279,-1.1775691699604707,0.012570592769685973,-0.006887591914855662,0.11888602526286007,-0.03470474805412849,0.6466886768110993,1.3464533509074899,-1.533514545194846,2.027762109326198,-0.4100237227687176,-1.406223849525676,1.0124
-2.92091198721942,12.340000000000003,8.286249999999999,13.5372,-1.5546169772256775,0.0010208971972573977,-0.020798677908908658,-0.08897702806373786,0.18829713522290525,4.955342415782091,5.331647281986349,-0.545486418725758,3.979573219014902,-0.06847118409464248,-1.5971184216891994,1.0108
12.8857012126322,10.61999999999999,9.565263157894735,18.3345,-1.383904761904759,-0.0016652652193585027,-0.010646474973693643,-0.037556372371348345,-0.025109089262675965,3.826417448536873,1.9898278109334617,-0.8672892797692626,3.776447747203617,-1.6113961439649194,1.6476266355305815,1.0133
20.387654100009694,20.120000000000005,19.873636363636365,12.5387,-1.1271304347826083,0.0011392572924311395,0.0025507210624464705,0.012102613691306274,-0.11568165255301288,-1.883670778922807,-2.709421580246128,2.8333368880039767,3.034589222882702,-0.6042162746458482,-0.7198583259071436,1.0981
30.868189942415697,-12.670000000000002,17.08047619047619,11.4809,-0.13086956521739168,-0.04652090165073908,-0.05848905733326326,-0.03413776847130734,-0.13910162377817592,0.196980343804745,0.6430987567146477,0.9548245975243841,-0.0029711188057140766,0.5667920629300759,-0.49673019352100134,1.026
37.20578356242069,8.760000000000005,13.253333333333334,12.3659,0.4040909090909093,-0.007935269388415378,0.0023860038420444596,0.029936601265299956,-0.04884893001275614,-2.870616975952011,0.12278514929880857,2.615302458657463,1.9087380879072122,1.4556894462471965,1.2166868701221727,1.005
55.6695881228483,9.36999999999999,9.634761904761904,10.8218,-0.1186363636363641,0.006418539030503823,0.020193860321603196,0.01496765535247313,-0.014619985454832118,-0.10034532411126347,-3.3649954020562283,-0.8553182137778381,-1.9449338271782006,0.7321962707309609,-0.004521064736140229,1.0024
21.593306900624995,-10.779999999999987,8.9,11.9815,-0.344025974025973,0.006561323639218131,-0.019132211441629465,-0.11090901227379213,-0.05189529179400765,-1.3975224314288848,-0.1694092197008751,-1.0407858072186247,-0.22117096511147677,-0.25738354242127315,-0.25578395983954166,1.0
14.3267463724274,-11.480000000000004,7.938695652173913,12.4884,-0.2388198757763993,0.01883245988314819,0.0012116285331611465,0.11846369617279784,-0.04398776599604837,0.4024726308300332,-1.5176712187110062,-2.022559780775718,-0.11145484178290604,-2.0735330261628238,-0.9556816193763904,1.003
-2.8446576741234,-10.689999999999998,7.678181818181818,12.8386,0.15466403162055453,0.025385567756302407,0.0241944938866947,-0.003680014566883827,-0.014897114146318557,-0.35846888871394444,1.0211989445936787,-0.4980613756041277,0.21658514050046282,-0.79733079005092,-0.11523010874247579,1.0068000000000001
-1.2176971225656,3.569999999999993,7.672380952380952,12.2257,0.3479653679653678,0.022097814517652026,-0.0072787009880403986,-0.0017457826484186256,-0.06148512066715561,0.4547914122830784,1.3934652413986002,0.01537069880023856,0.9048850757131758,0.8555717217900757,-0.009730056962563809,1.002
-3.16551782052124,-1.9099999999999966,7.314285714285714,12.1275,0.027489177489176342,-0.0019665834496311874,0.012966357241079862,-0.00039273030968800526,-0.03051904150938789,0.2555844587936574,0.6441711007136376,0.9029916660144631,0.5193577278047756,-0.4139363980355209,0.40117635916488953,1.0004
-1.81629347315518,-10.5,7.310454545454546,11.6154,-0.29136363636363516,0.010407321098295341,-0.00010953556179416069,-0.11644066727853541,-0.029578298995399877,-0.4343034112424462,-0.4121887729613611,1.653952939625919,0.515460756766886,-0.12029775243309927,-1.0688139299373798,0.9978
-8.4960786247172,1.5799999999999983,6.997647058823529,12.1595,0.2681818181818185,0.019107364220968037,0.024528168745026946,0.12647767574996216,-0.22081645562909102,-2.1473041774968467,0.6240793344299309,-0.7944385987010374,1.4620104583814553,-0.4022460616061946,0.4090443185341742,1.0024
30.733482696617596,0.09000000000000341,7.113333333333333,10.7132,0.2259545454545444,0.015673462484029343,0.018001240687292253,0.013328150598917787,-0.03487158456896822,-1.7780725052715183,1.6858573523959135,-0.8456442580200676,0.24998918555210675,1.4398201424603403,-0.41053567360930543,0.9987
37.8035834363881,-4.159999999999997,7.354090909090909,10.3542,1.0258043478260879,0.01444560217905888,0.009054809681391163,0.0018175865307199501,0.026643422815872952,1.4850405381578469,2.0630927406780146,-1.4170785525499447,-0.4867558948481925,0.31345233380945914,-1.1119255293782064,0.9998
36.932333704865904,6.209999999999994,7.1594999999999995,10.8053,1.971195652173913,0.041793345300661144,0.03643456340712703,0.014361606729025311,0.03605973786709882,0.8842183231601775,0.26357726210464966,0.007264746376167583,1.1479024661967856,-0.6131537861097157,0.3349559380777667,1.0021
48.4936812398771,-9.170000000000002,7.251,10.1907,1.4540217391304342,0.017019066108073133,0.009957073761498236,-0.01675982441276247,-0.04468455402607141,2.232872567454187,0.8928732970639749,-0.8656386151611118,-1.3035032566289648,-0.7225488944161176,-2.322954273927498,1.0041
38.7161632195168,-0.6299999999999955,7.331904761904762,11.0586,-0.010612648221345111,0.01638638441614404,-1.105994126859855e-05,-0.008918276295846184,-0.07893489042425195,0.2414944817542178,0.6545699216352242,1.0392485856105151,-0.25507502866514786,-0.8670859864782494,0.964661444931915,1.001
16.8211338878857,5.269999999999996,7.827142857142857,11.5194,-0.3525757575757549,0.015426797810569326,0.02354008731348145,0.06044287158990613,-0.02627735869856629,2.4824690339696924,1.0034298195864049,0.48288814251934886,0.20954340281138004,0.3972627034222134,-1.024234057397819,1.0025
-6.259933261667579,6.040000000000006,10.331304347826087,11.7208,0.7262318840579702,0.00932911840247641,0.007901382615136399,-0.0769674879529969,-0.0037584479900143464,0.013401938921728617,1.4138765701047558,2.7820138914497052,0.8417243912391865,0.7364852275202267,-0.3049039899078862,1.0073
-16.780182616379403,7.569999999999993,12.28095238095238,11.165,0.6151966873705987,0.0053828297466527175,-0.01781999420995284,0.011414486753720254,-0.06505650512402994,-0.08492799877729093,1.264686364084317,1.1116822736414922,0.8724536035077782,0.1325547851212651,0.5170990959123833,1.0105
